testcase,ruleId,file,line,message
DatabaseHelper,java/xss,src/main/java/org/owasp/benchmark/helpers/DatabaseHelper.java,184,"Cross-site scripting vulnerability due to a [user-provided value](1).
Cross-site scripting vulnerability due to a [user-provided value](2).
Cross-site scripting vulnerability due to a [user-provided value](3).
Cross-site scripting vulnerability due to a [user-provided value](4).
Cross-site scripting vulnerability due to a [user-provided value](5).
Cross-site scripting vulnerability due to a [user-provided value](6).
Cross-site scripting vulnerability due to a [user-provided value](7).
Cross-site scripting vulnerability due to a [user-provided value](8).
Cross-site scripting vulnerability due to a [user-provided value](9).
Cross-site scripting vulnerability due to a [user-provided value](10).
Cross-site scripting vulnerability due to a [user-provided value](11).
Cross-site scripting vulnerability due to a [user-provided value](12).
Cross-site scripting vulnerability due to a [user-provided value](13).
Cross-site scripting vulnerability due to a [user-provided value](14).
Cross-site scripting vulnerability due to a [user-provided value](15).
Cross-site scripting vulnerability due to a [user-provided value](16).
Cross-site scripting vulnerability due to a [user-provided value](17).
Cross-site scripting vulnerability due to a [user-provided value](18).
Cross-site scripting vulnerability due to a [user-provided value](19).
Cross-site scripting vulnerability due to a [user-provided value](20).
Cross-site scripting vulnerability due to a [user-provided value](21).
Cross-site scripting vulnerability due to a [user-provided value](22).
Cross-site scripting vulnerability due to a [user-provided value](23).
Cross-site scripting vulnerability due to a [user-provided value](24).
Cross-site scripting vulnerability due to a [user-provided value](25).
Cross-site scripting vulnerability due to a [user-provided value](26).
Cross-site scripting vulnerability due to a [user-provided value](27).
Cross-site scripting vulnerability due to a [user-provided value](28).
Cross-site scripting vulnerability due to a [user-provided value](29).
Cross-site scripting vulnerability due to a [user-provided value](30).
Cross-site scripting vulnerability due to a [user-provided value](31).
Cross-site scripting vulnerability due to a [user-provided value](32).
Cross-site scripting vulnerability due to a [user-provided value](33).
Cross-site scripting vulnerability due to a [user-provided value](34).
Cross-site scripting vulnerability due to a [user-provided value](35).
Cross-site scripting vulnerability due to a [user-provided value](36).
Cross-site scripting vulnerability due to a [user-provided value](37).
Cross-site scripting vulnerability due to a [user-provided value](38).
Cross-site scripting vulnerability due to a [user-provided value](39).
Cross-site scripting vulnerability due to a [user-provided value](40).
Cross-site scripting vulnerability due to a [user-provided value](41).
Cross-site scripting vulnerability due to a [user-provided value](42).
Cross-site scripting vulnerability due to a [user-provided value](43).
Cross-site scripting vulnerability due to a [user-provided value](44).
Cross-site scripting vulnerability due to a [user-provided value](45).
Cross-site scripting vulnerability due to a [user-provided value](46).
Cross-site scripting vulnerability due to a [user-provided value](47).
Cross-site scripting vulnerability due to a [user-provided value](48).
Cross-site scripting vulnerability due to a [user-provided value](49).
Cross-site scripting vulnerability due to a [user-provided value](50)."
DatabaseHelper,java/xss,src/main/java/org/owasp/benchmark/helpers/DatabaseHelper.java,213,"Cross-site scripting vulnerability due to a [user-provided value](1).
Cross-site scripting vulnerability due to a [user-provided value](2).
Cross-site scripting vulnerability due to a [user-provided value](3).
Cross-site scripting vulnerability due to a [user-provided value](4).
Cross-site scripting vulnerability due to a [user-provided value](5).
Cross-site scripting vulnerability due to a [user-provided value](6).
Cross-site scripting vulnerability due to a [user-provided value](7).
Cross-site scripting vulnerability due to a [user-provided value](8).
Cross-site scripting vulnerability due to a [user-provided value](9).
Cross-site scripting vulnerability due to a [user-provided value](10).
Cross-site scripting vulnerability due to a [user-provided value](11).
Cross-site scripting vulnerability due to a [user-provided value](12).
Cross-site scripting vulnerability due to a [user-provided value](13).
Cross-site scripting vulnerability due to a [user-provided value](14).
Cross-site scripting vulnerability due to a [user-provided value](15).
Cross-site scripting vulnerability due to a [user-provided value](16).
Cross-site scripting vulnerability due to a [user-provided value](17).
Cross-site scripting vulnerability due to a [user-provided value](18).
Cross-site scripting vulnerability due to a [user-provided value](19).
Cross-site scripting vulnerability due to a [user-provided value](20).
Cross-site scripting vulnerability due to a [user-provided value](21).
Cross-site scripting vulnerability due to a [user-provided value](22).
Cross-site scripting vulnerability due to a [user-provided value](23).
Cross-site scripting vulnerability due to a [user-provided value](24).
Cross-site scripting vulnerability due to a [user-provided value](25).
Cross-site scripting vulnerability due to a [user-provided value](26).
Cross-site scripting vulnerability due to a [user-provided value](27).
Cross-site scripting vulnerability due to a [user-provided value](28).
Cross-site scripting vulnerability due to a [user-provided value](29).
Cross-site scripting vulnerability due to a [user-provided value](30).
Cross-site scripting vulnerability due to a [user-provided value](31).
Cross-site scripting vulnerability due to a [user-provided value](32).
Cross-site scripting vulnerability due to a [user-provided value](33).
Cross-site scripting vulnerability due to a [user-provided value](34).
Cross-site scripting vulnerability due to a [user-provided value](35).
Cross-site scripting vulnerability due to a [user-provided value](36).
Cross-site scripting vulnerability due to a [user-provided value](37).
Cross-site scripting vulnerability due to a [user-provided value](38).
Cross-site scripting vulnerability due to a [user-provided value](39).
Cross-site scripting vulnerability due to a [user-provided value](40).
Cross-site scripting vulnerability due to a [user-provided value](41).
Cross-site scripting vulnerability due to a [user-provided value](42).
Cross-site scripting vulnerability due to a [user-provided value](43).
Cross-site scripting vulnerability due to a [user-provided value](44).
Cross-site scripting vulnerability due to a [user-provided value](45).
Cross-site scripting vulnerability due to a [user-provided value](46).
Cross-site scripting vulnerability due to a [user-provided value](47).
Cross-site scripting vulnerability due to a [user-provided value](48).
Cross-site scripting vulnerability due to a [user-provided value](49).
Cross-site scripting vulnerability due to a [user-provided value](50).
Cross-site scripting vulnerability due to a [user-provided value](51).
Cross-site scripting vulnerability due to a [user-provided value](52).
Cross-site scripting vulnerability due to a [user-provided value](53).
Cross-site scripting vulnerability due to a [user-provided value](54).
Cross-site scripting vulnerability due to a [user-provided value](55).
Cross-site scripting vulnerability due to a [user-provided value](56).
Cross-site scripting vulnerability due to a [user-provided value](57).
Cross-site scripting vulnerability due to a [user-provided value](58).
Cross-site scripting vulnerability due to a [user-provided value](59).
Cross-site scripting vulnerability due to a [user-provided value](60).
Cross-site scripting vulnerability due to a [user-provided value](61).
Cross-site scripting vulnerability due to a [user-provided value](62).
Cross-site scripting vulnerability due to a [user-provided value](63).
Cross-site scripting vulnerability due to a [user-provided value](64).
Cross-site scripting vulnerability due to a [user-provided value](65).
Cross-site scripting vulnerability due to a [user-provided value](66).
Cross-site scripting vulnerability due to a [user-provided value](67).
Cross-site scripting vulnerability due to a [user-provided value](68).
Cross-site scripting vulnerability due to a [user-provided value](69).
Cross-site scripting vulnerability due to a [user-provided value](70).
Cross-site scripting vulnerability due to a [user-provided value](71).
Cross-site scripting vulnerability due to a [user-provided value](72).
Cross-site scripting vulnerability due to a [user-provided value](73).
Cross-site scripting vulnerability due to a [user-provided value](74).
Cross-site scripting vulnerability due to a [user-provided value](75).
Cross-site scripting vulnerability due to a [user-provided value](76).
Cross-site scripting vulnerability due to a [user-provided value](77).
Cross-site scripting vulnerability due to a [user-provided value](78).
Cross-site scripting vulnerability due to a [user-provided value](79).
Cross-site scripting vulnerability due to a [user-provided value](80).
Cross-site scripting vulnerability due to a [user-provided value](81).
Cross-site scripting vulnerability due to a [user-provided value](82).
Cross-site scripting vulnerability due to a [user-provided value](83).
Cross-site scripting vulnerability due to a [user-provided value](84).
Cross-site scripting vulnerability due to a [user-provided value](85).
Cross-site scripting vulnerability due to a [user-provided value](86).
Cross-site scripting vulnerability due to a [user-provided value](87).
Cross-site scripting vulnerability due to a [user-provided value](88).
Cross-site scripting vulnerability due to a [user-provided value](89).
Cross-site scripting vulnerability due to a [user-provided value](90).
Cross-site scripting vulnerability due to a [user-provided value](91).
Cross-site scripting vulnerability due to a [user-provided value](92).
Cross-site scripting vulnerability due to a [user-provided value](93).
Cross-site scripting vulnerability due to a [user-provided value](94).
Cross-site scripting vulnerability due to a [user-provided value](95).
Cross-site scripting vulnerability due to a [user-provided value](96).
Cross-site scripting vulnerability due to a [user-provided value](97).
Cross-site scripting vulnerability due to a [user-provided value](98).
Cross-site scripting vulnerability due to a [user-provided value](99).
Cross-site scripting vulnerability due to a [user-provided value](100).
Cross-site scripting vulnerability due to a [user-provided value](101).
Cross-site scripting vulnerability due to a [user-provided value](102).
Cross-site scripting vulnerability due to a [user-provided value](103).
Cross-site scripting vulnerability due to a [user-provided value](104).
Cross-site scripting vulnerability due to a [user-provided value](105).
Cross-site scripting vulnerability due to a [user-provided value](106).
Cross-site scripting vulnerability due to a [user-provided value](107).
Cross-site scripting vulnerability due to a [user-provided value](108).
Cross-site scripting vulnerability due to a [user-provided value](109).
Cross-site scripting vulnerability due to a [user-provided value](110).
Cross-site scripting vulnerability due to a [user-provided value](111)."
DatabaseHelper,java/xss,src/main/java/org/owasp/benchmark/helpers/DatabaseHelper.java,278,"Cross-site scripting vulnerability due to a [user-provided value](1).
Cross-site scripting vulnerability due to a [user-provided value](2).
Cross-site scripting vulnerability due to a [user-provided value](3).
Cross-site scripting vulnerability due to a [user-provided value](4).
Cross-site scripting vulnerability due to a [user-provided value](5).
Cross-site scripting vulnerability due to a [user-provided value](6).
Cross-site scripting vulnerability due to a [user-provided value](7).
Cross-site scripting vulnerability due to a [user-provided value](8).
Cross-site scripting vulnerability due to a [user-provided value](9).
Cross-site scripting vulnerability due to a [user-provided value](10).
Cross-site scripting vulnerability due to a [user-provided value](11).
Cross-site scripting vulnerability due to a [user-provided value](12).
Cross-site scripting vulnerability due to a [user-provided value](13).
Cross-site scripting vulnerability due to a [user-provided value](14).
Cross-site scripting vulnerability due to a [user-provided value](15).
Cross-site scripting vulnerability due to a [user-provided value](16).
Cross-site scripting vulnerability due to a [user-provided value](17).
Cross-site scripting vulnerability due to a [user-provided value](18).
Cross-site scripting vulnerability due to a [user-provided value](19).
Cross-site scripting vulnerability due to a [user-provided value](20).
Cross-site scripting vulnerability due to a [user-provided value](21).
Cross-site scripting vulnerability due to a [user-provided value](22).
Cross-site scripting vulnerability due to a [user-provided value](23).
Cross-site scripting vulnerability due to a [user-provided value](24).
Cross-site scripting vulnerability due to a [user-provided value](25).
Cross-site scripting vulnerability due to a [user-provided value](26).
Cross-site scripting vulnerability due to a [user-provided value](27).
Cross-site scripting vulnerability due to a [user-provided value](28).
Cross-site scripting vulnerability due to a [user-provided value](29).
Cross-site scripting vulnerability due to a [user-provided value](30).
Cross-site scripting vulnerability due to a [user-provided value](31).
Cross-site scripting vulnerability due to a [user-provided value](32).
Cross-site scripting vulnerability due to a [user-provided value](33).
Cross-site scripting vulnerability due to a [user-provided value](34).
Cross-site scripting vulnerability due to a [user-provided value](35).
Cross-site scripting vulnerability due to a [user-provided value](36).
Cross-site scripting vulnerability due to a [user-provided value](37).
Cross-site scripting vulnerability due to a [user-provided value](38).
Cross-site scripting vulnerability due to a [user-provided value](39).
Cross-site scripting vulnerability due to a [user-provided value](40).
Cross-site scripting vulnerability due to a [user-provided value](41).
Cross-site scripting vulnerability due to a [user-provided value](42).
Cross-site scripting vulnerability due to a [user-provided value](43).
Cross-site scripting vulnerability due to a [user-provided value](44).
Cross-site scripting vulnerability due to a [user-provided value](45).
Cross-site scripting vulnerability due to a [user-provided value](46).
Cross-site scripting vulnerability due to a [user-provided value](47).
Cross-site scripting vulnerability due to a [user-provided value](48).
Cross-site scripting vulnerability due to a [user-provided value](49).
Cross-site scripting vulnerability due to a [user-provided value](50).
Cross-site scripting vulnerability due to a [user-provided value](51).
Cross-site scripting vulnerability due to a [user-provided value](52).
Cross-site scripting vulnerability due to a [user-provided value](53)."
DatabaseHelper,java/xss,src/main/java/org/owasp/benchmark/helpers/DatabaseHelper.java,321,"Cross-site scripting vulnerability due to a [user-provided value](1).
Cross-site scripting vulnerability due to a [user-provided value](2).
Cross-site scripting vulnerability due to a [user-provided value](3).
Cross-site scripting vulnerability due to a [user-provided value](4).
Cross-site scripting vulnerability due to a [user-provided value](5).
Cross-site scripting vulnerability due to a [user-provided value](6).
Cross-site scripting vulnerability due to a [user-provided value](7).
Cross-site scripting vulnerability due to a [user-provided value](8).
Cross-site scripting vulnerability due to a [user-provided value](9).
Cross-site scripting vulnerability due to a [user-provided value](10).
Cross-site scripting vulnerability due to a [user-provided value](11).
Cross-site scripting vulnerability due to a [user-provided value](12).
Cross-site scripting vulnerability due to a [user-provided value](13).
Cross-site scripting vulnerability due to a [user-provided value](14)."
BenchmarkTest00001,java/xss,src/main/java/org/owasp/benchmark/testcode/BenchmarkTest00001.java,98,Cross-site scripting vulnerability due to a [user-provided value](1).
BenchmarkTest00004,java/xss,src/main/java/org/owasp/benchmark/testcode/BenchmarkTest00004.java,71,Cross-site scripting vulnerability due to a [user-provided value](1).
BenchmarkTest00002,java/xss,src/main/java/org/owasp/benchmark/testcode/BenchmarkTest00002.java,141,Cross-site scripting vulnerability due to a [user-provided value](1).
BenchmarkTest00005,java/xss,src/main/java/org/owasp/benchmark/testcode/BenchmarkTest00005.java,101,Cross-site scripting vulnerability due to a [user-provided value](1).
BenchmarkTest00003,java/xss,src/main/java/org/owasp/benchmark/testcode/BenchmarkTest00003.java,103,Cross-site scripting vulnerability due to a [user-provided value](1).
BenchmarkTest00009,java/xss,src/main/java/org/owasp/benchmark/testcode/BenchmarkTest00009.java,102,Cross-site scripting vulnerability due to a [user-provided value](1).
BenchmarkTest00013,java/xss,src/main/java/org/owasp/benchmark/testcode/BenchmarkTest00013.java,56,Cross-site scripting vulnerability due to a [user-provided value](1).
BenchmarkTest00011,java/xss,src/main/java/org/owasp/benchmark/testcode/BenchmarkTest00011.java,57,Cross-site scripting vulnerability due to a [user-provided value](1).
BenchmarkTest00012,java/xss,src/main/java/org/owasp/benchmark/testcode/BenchmarkTest00012.java,93,Cross-site scripting vulnerability due to a [user-provided value](1).
BenchmarkTest00014,java/xss,src/main/java/org/owasp/benchmark/testcode/BenchmarkTest00014.java,56,Cross-site scripting vulnerability due to a [user-provided value](1).
BenchmarkTest00016,java/xss,src/main/java/org/owasp/benchmark/testcode/BenchmarkTest00016.java,79,Cross-site scripting vulnerability due to a [user-provided value](1).
BenchmarkTest00020,java/xss,src/main/java/org/owasp/benchmark/testcode/BenchmarkTest00020.java,96,Cross-site scripting vulnerability due to a [user-provided value](1).
BenchmarkTest00022,java/xss,src/main/java/org/owasp/benchmark/testcode/BenchmarkTest00022.java,79,Cross-site scripting vulnerability due to a [user-provided value](1).
BenchmarkTest00025,java/xss,src/main/java/org/owasp/benchmark/testcode/BenchmarkTest00025.java,58,Cross-site scripting vulnerability due to a [user-provided value](1).
BenchmarkTest00021,java/xss,src/main/java/org/owasp/benchmark/testcode/BenchmarkTest00021.java,84,Cross-site scripting vulnerability due to a [user-provided value](1).
BenchmarkTest00010,java/xss,src/main/java/org/owasp/benchmark/testcode/BenchmarkTest00010.java,102,"Cross-site scripting vulnerability due to a [user-provided value](1).
Cross-site scripting vulnerability due to a [user-provided value](2)."
BenchmarkTest00026,java/xss,src/main/java/org/owasp/benchmark/testcode/BenchmarkTest00026.java,68,Cross-site scripting vulnerability due to a [user-provided value](1).
BenchmarkTest00032,java/xss,src/main/java/org/owasp/benchmark/testcode/BenchmarkTest00032.java,57,Cross-site scripting vulnerability due to a [user-provided value](1).
BenchmarkTest00023,java/xss,src/main/java/org/owasp/benchmark/testcode/BenchmarkTest00023.java,86,"Cross-site scripting vulnerability due to a [user-provided value](1).
Cross-site scripting vulnerability due to a [user-provided value](2)."
BenchmarkTest00031,java/xss,src/main/java/org/owasp/benchmark/testcode/BenchmarkTest00031.java,56,Cross-site scripting vulnerability due to a [user-provided value](1).
BenchmarkTest00030,java/xss,src/main/java/org/owasp/benchmark/testcode/BenchmarkTest00030.java,53,Cross-site scripting vulnerability due to a [user-provided value](1).
BenchmarkTest00028,java/xss,src/main/java/org/owasp/benchmark/testcode/BenchmarkTest00028.java,60,Cross-site scripting vulnerability due to a [user-provided value](1).
BenchmarkTest00036,java/xss,src/main/java/org/owasp/benchmark/testcode/BenchmarkTest00036.java,65,Cross-site scripting vulnerability due to a [user-provided value](1).
BenchmarkTest00038,java/xss,src/main/java/org/owasp/benchmark/testcode/BenchmarkTest00038.java,89,Cross-site scripting vulnerability due to a [user-provided value](1).
BenchmarkTest00033,java/xss,src/main/java/org/owasp/benchmark/testcode/BenchmarkTest00033.java,72,Cross-site scripting vulnerability due to a [user-provided value](1).
BenchmarkTest00039,java/xss,src/main/java/org/owasp/benchmark/testcode/BenchmarkTest00039.java,75,Cross-site scripting vulnerability due to a [user-provided value](1).
BenchmarkTest00041,java/xss,src/main/java/org/owasp/benchmark/testcode/BenchmarkTest00041.java,53,Cross-site scripting vulnerability due to a [user-provided value](1).
BenchmarkTest00044,java/xss,src/main/java/org/owasp/benchmark/testcode/BenchmarkTest00044.java,85,Cross-site scripting vulnerability due to a [user-provided value](1).
BenchmarkTest00040,java/xss,src/main/java/org/owasp/benchmark/testcode/BenchmarkTest00040.java,52,Cross-site scripting vulnerability due to a [user-provided value](1).
BenchmarkTest00045,java/xss,src/main/java/org/owasp/benchmark/testcode/BenchmarkTest00045.java,65,Cross-site scripting vulnerability due to a [user-provided value](1).
BenchmarkTest00046,java/xss,src/main/java/org/owasp/benchmark/testcode/BenchmarkTest00046.java,81,Cross-site scripting vulnerability due to a [user-provided value](1).
BenchmarkTest00048,java/xss,src/main/java/org/owasp/benchmark/testcode/BenchmarkTest00048.java,72,Cross-site scripting vulnerability due to a [user-provided value](1).
BenchmarkTest00049,java/xss,src/main/java/org/owasp/benchmark/testcode/BenchmarkTest00049.java,72,Cross-site scripting vulnerability due to a [user-provided value](1).
BenchmarkTest00047,java/xss,src/main/java/org/owasp/benchmark/testcode/BenchmarkTest00047.java,73,Cross-site scripting vulnerability due to a [user-provided value](1).
BenchmarkTest00055,java/xss,src/main/java/org/owasp/benchmark/testcode/BenchmarkTest00055.java,116,Cross-site scripting vulnerability due to a [user-provided value](1).
BenchmarkTest00035,java/xss,src/main/java/org/owasp/benchmark/testcode/BenchmarkTest00035.java,102,Cross-site scripting vulnerability due to a [user-provided value](1).
BenchmarkTest00029,java/xss,src/main/java/org/owasp/benchmark/testcode/BenchmarkTest00029.java,87,Cross-site scripting vulnerability due to a [user-provided value](1).
BenchmarkTest00042,java/xss,src/main/java/org/owasp/benchmark/testcode/BenchmarkTest00042.java,89,"Cross-site scripting vulnerability due to a [user-provided value](1).
Cross-site scripting vulnerability due to a [user-provided value](2)."
BenchmarkTest00061,java/xss,src/main/java/org/owasp/benchmark/testcode/BenchmarkTest00061.java,77,Cross-site scripting vulnerability due to a [user-provided value](1).
BenchmarkTest00058,java/xss,src/main/java/org/owasp/benchmark/testcode/BenchmarkTest00058.java,109,Cross-site scripting vulnerability due to a [user-provided value](1).
BenchmarkTest00060,java/xss,src/main/java/org/owasp/benchmark/testcode/BenchmarkTest00060.java,79,Cross-site scripting vulnerability due to a [user-provided value](1).
BenchmarkTest00054,java/xss,src/main/java/org/owasp/benchmark/testcode/BenchmarkTest00054.java,120,Cross-site scripting vulnerability due to a [user-provided value](1).
BenchmarkTest00057,java/xss,src/main/java/org/owasp/benchmark/testcode/BenchmarkTest00057.java,121,Cross-site scripting vulnerability due to a [user-provided value](1).
BenchmarkTest00056,java/xss,src/main/java/org/owasp/benchmark/testcode/BenchmarkTest00056.java,126,Cross-site scripting vulnerability due to a [user-provided value](1).
BenchmarkTest00065,java/xss,src/main/java/org/owasp/benchmark/testcode/BenchmarkTest00065.java,84,Cross-site scripting vulnerability due to a [user-provided value](1).
BenchmarkTest00071,java/xss,src/main/java/org/owasp/benchmark/testcode/BenchmarkTest00071.java,104,Cross-site scripting vulnerability due to a [user-provided value](1).
BenchmarkTest00072,java/xss,src/main/java/org/owasp/benchmark/testcode/BenchmarkTest00072.java,102,Cross-site scripting vulnerability due to a [user-provided value](1).
BenchmarkTest00073,java/xss,src/main/java/org/owasp/benchmark/testcode/BenchmarkTest00073.java,118,Cross-site scripting vulnerability due to a [user-provided value](1).
BenchmarkTest00070,java/xss,src/main/java/org/owasp/benchmark/testcode/BenchmarkTest00070.java,104,Cross-site scripting vulnerability due to a [user-provided value](1).
BenchmarkTest00059,java/xss,src/main/java/org/owasp/benchmark/testcode/BenchmarkTest00059.java,119,Cross-site scripting vulnerability due to a [user-provided value](1).
BenchmarkTest00066,java/xss,src/main/java/org/owasp/benchmark/testcode/BenchmarkTest00066.java,112,"Cross-site scripting vulnerability due to a [user-provided value](1).
Cross-site scripting vulnerability due to a [user-provided value](2)."
BenchmarkTest00075,java/xss,src/main/java/org/owasp/benchmark/testcode/BenchmarkTest00075.java,108,Cross-site scripting vulnerability due to a [user-provided value](1).
BenchmarkTest00068,java/xss,src/main/java/org/owasp/benchmark/testcode/BenchmarkTest00068.java,112,"Cross-site scripting vulnerability due to a [user-provided value](1).
Cross-site scripting vulnerability due to a [user-provided value](2)."
BenchmarkTest00078,java/xss,src/main/java/org/owasp/benchmark/testcode/BenchmarkTest00078.java,113,"Cross-site scripting vulnerability due to a [user-provided value](1).
Cross-site scripting vulnerability due to a [user-provided value](2)."
BenchmarkTest00062,java/xss,src/main/java/org/owasp/benchmark/testcode/BenchmarkTest00062.java,82,Cross-site scripting vulnerability due to a [user-provided value](1).
BenchmarkTest00076,java/xss,src/main/java/org/owasp/benchmark/testcode/BenchmarkTest00076.java,122,Cross-site scripting vulnerability due to a [user-provided value](1).
BenchmarkTest00084,java/xss,src/main/java/org/owasp/benchmark/testcode/BenchmarkTest00084.java,107,"Cross-site scripting vulnerability due to a [user-provided value](1).
Cross-site scripting vulnerability due to a [user-provided value](2)."
BenchmarkTest00081,java/xss,src/main/java/org/owasp/benchmark/testcode/BenchmarkTest00081.java,105,"Cross-site scripting vulnerability due to a [user-provided value](1).
Cross-site scripting vulnerability due to a [user-provided value](2)."
BenchmarkTest00083,java/xss,src/main/java/org/owasp/benchmark/testcode/BenchmarkTest00083.java,110,"Cross-site scripting vulnerability due to a [user-provided value](1).
Cross-site scripting vulnerability due to a [user-provided value](2)."
BenchmarkTest00074,java/xss,src/main/java/org/owasp/benchmark/testcode/BenchmarkTest00074.java,108,Cross-site scripting vulnerability due to a [user-provided value](1).
BenchmarkTest00080,java/xss,src/main/java/org/owasp/benchmark/testcode/BenchmarkTest00080.java,106,"Cross-site scripting vulnerability due to a [user-provided value](1).
Cross-site scripting vulnerability due to a [user-provided value](2)."
BenchmarkTest00089,java/xss,src/main/java/org/owasp/benchmark/testcode/BenchmarkTest00089.java,97,Cross-site scripting vulnerability due to a [user-provided value](1).
BenchmarkTest00088,java/xss,src/main/java/org/owasp/benchmark/testcode/BenchmarkTest00088.java,92,Cross-site scripting vulnerability due to a [user-provided value](1).
BenchmarkTest00067,java/xss,src/main/java/org/owasp/benchmark/testcode/BenchmarkTest00067.java,128,"Cross-site scripting vulnerability due to a [user-provided value](1).
Cross-site scripting vulnerability due to a [user-provided value](2)."
BenchmarkTest00087,java/xss,src/main/java/org/owasp/benchmark/testcode/BenchmarkTest00087.java,99,Cross-site scripting vulnerability due to a [user-provided value](1).
BenchmarkTest00079,java/xss,src/main/java/org/owasp/benchmark/testcode/BenchmarkTest00079.java,111,"Cross-site scripting vulnerability due to a [user-provided value](1).
Cross-site scripting vulnerability due to a [user-provided value](2)."
BenchmarkTest00086,java/xss,src/main/java/org/owasp/benchmark/testcode/BenchmarkTest00086.java,111,"Cross-site scripting vulnerability due to a [user-provided value](1).
Cross-site scripting vulnerability due to a [user-provided value](2)."
BenchmarkTest00082,java/xss,src/main/java/org/owasp/benchmark/testcode/BenchmarkTest00082.java,106,"Cross-site scripting vulnerability due to a [user-provided value](1).
Cross-site scripting vulnerability due to a [user-provided value](2)."
BenchmarkTest00098,java/xss,src/main/java/org/owasp/benchmark/testcode/BenchmarkTest00098.java,72,Cross-site scripting vulnerability due to a [user-provided value](1).
BenchmarkTest00096,java/xss,src/main/java/org/owasp/benchmark/testcode/BenchmarkTest00096.java,112,"Cross-site scripting vulnerability due to a [user-provided value](1).
Cross-site scripting vulnerability due to a [user-provided value](2)."
BenchmarkTest00085,java/xss,src/main/java/org/owasp/benchmark/testcode/BenchmarkTest00085.java,111,"Cross-site scripting vulnerability due to a [user-provided value](1).
Cross-site scripting vulnerability due to a [user-provided value](2)."
BenchmarkTest00103,java/xss,src/main/java/org/owasp/benchmark/testcode/BenchmarkTest00103.java,87,Cross-site scripting vulnerability due to a [user-provided value](1).
BenchmarkTest00095,java/xss,src/main/java/org/owasp/benchmark/testcode/BenchmarkTest00095.java,113,"Cross-site scripting vulnerability due to a [user-provided value](1).
Cross-site scripting vulnerability due to a [user-provided value](2)."
BenchmarkTest00102,java/xss,src/main/java/org/owasp/benchmark/testcode/BenchmarkTest00102.java,83,Cross-site scripting vulnerability due to a [user-provided value](1).
BenchmarkTest00099,java/xss,src/main/java/org/owasp/benchmark/testcode/BenchmarkTest00099.java,82,Cross-site scripting vulnerability due to a [user-provided value](1).
BenchmarkTest00094,java/xss,src/main/java/org/owasp/benchmark/testcode/BenchmarkTest00094.java,116,"Cross-site scripting vulnerability due to a [user-provided value](1).
Cross-site scripting vulnerability due to a [user-provided value](2)."
BenchmarkTest00120,java/xss,src/main/java/org/owasp/benchmark/testcode/BenchmarkTest00120.java,108,Cross-site scripting vulnerability due to a [user-provided value](1).
BenchmarkTest00122,java/xss,src/main/java/org/owasp/benchmark/testcode/BenchmarkTest00122.java,106,Cross-site scripting vulnerability due to a [user-provided value](1).
BenchmarkTest00119,java/xss,src/main/java/org/owasp/benchmark/testcode/BenchmarkTest00119.java,124,Cross-site scripting vulnerability due to a [user-provided value](1).
BenchmarkTest00125,java/xss,src/main/java/org/owasp/benchmark/testcode/BenchmarkTest00125.java,102,Cross-site scripting vulnerability due to a [user-provided value](1).
BenchmarkTest00123,java/xss,src/main/java/org/owasp/benchmark/testcode/BenchmarkTest00123.java,102,Cross-site scripting vulnerability due to a [user-provided value](1).
BenchmarkTest00121,java/xss,src/main/java/org/owasp/benchmark/testcode/BenchmarkTest00121.java,116,Cross-site scripting vulnerability due to a [user-provided value](1).
BenchmarkTest00131,java/xss,src/main/java/org/owasp/benchmark/testcode/BenchmarkTest00131.java,75,Cross-site scripting vulnerability due to a [user-provided value](1).
BenchmarkTest00132,java/xss,src/main/java/org/owasp/benchmark/testcode/BenchmarkTest00132.java,82,Cross-site scripting vulnerability due to a [user-provided value](1).
BenchmarkTest00133,java/xss,src/main/java/org/owasp/benchmark/testcode/BenchmarkTest00133.java,68,Cross-site scripting vulnerability due to a [user-provided value](1).
BenchmarkTest00135,java/xss,src/main/java/org/owasp/benchmark/testcode/BenchmarkTest00135.java,87,Cross-site scripting vulnerability due to a [user-provided value](1).
BenchmarkTest00136,java/xss,src/main/java/org/owasp/benchmark/testcode/BenchmarkTest00136.java,81,Cross-site scripting vulnerability due to a [user-provided value](1).
BenchmarkTest00130,java/xss,src/main/java/org/owasp/benchmark/testcode/BenchmarkTest00130.java,123,Cross-site scripting vulnerability due to a [user-provided value](1).
BenchmarkTest00116,java/xss,src/main/java/org/owasp/benchmark/testcode/BenchmarkTest00116.java,104,Cross-site scripting vulnerability due to a [user-provided value](1).
BenchmarkTest00127,java/xss,src/main/java/org/owasp/benchmark/testcode/BenchmarkTest00127.java,114,Cross-site scripting vulnerability due to a [user-provided value](1).
BenchmarkTest00134,java/xss,src/main/java/org/owasp/benchmark/testcode/BenchmarkTest00134.java,78,Cross-site scripting vulnerability due to a [user-provided value](1).
BenchmarkTest00141,java/xss,src/main/java/org/owasp/benchmark/testcode/BenchmarkTest00141.java,98,Cross-site scripting vulnerability due to a [user-provided value](1).
BenchmarkTest00146,java/xss,src/main/java/org/owasp/benchmark/testcode/BenchmarkTest00146.java,59,Cross-site scripting vulnerability due to a [user-provided value](1).
BenchmarkTest00148,java/xss,src/main/java/org/owasp/benchmark/testcode/BenchmarkTest00148.java,60,Cross-site scripting vulnerability due to a [user-provided value](1).
BenchmarkTest00126,java/xss,src/main/java/org/owasp/benchmark/testcode/BenchmarkTest00126.java,105,Cross-site scripting vulnerability due to a [user-provided value](1).
BenchmarkTest00137,java/xss,src/main/java/org/owasp/benchmark/testcode/BenchmarkTest00137.java,69,Cross-site scripting vulnerability due to a [user-provided value](1).
BenchmarkTest00140,java/xss,src/main/java/org/owasp/benchmark/testcode/BenchmarkTest00140.java,103,"Cross-site scripting vulnerability due to a [user-provided value](1).
Cross-site scripting vulnerability due to a [user-provided value](2)."
BenchmarkTest00150,java/xss,src/main/java/org/owasp/benchmark/testcode/BenchmarkTest00150.java,60,Cross-site scripting vulnerability due to a [user-provided value](1).
BenchmarkTest00149,java/xss,src/main/java/org/owasp/benchmark/testcode/BenchmarkTest00149.java,56,Cross-site scripting vulnerability due to a [user-provided value](1).
BenchmarkTest00152,java/xss,src/main/java/org/owasp/benchmark/testcode/BenchmarkTest00152.java,73,Cross-site scripting vulnerability due to a [user-provided value](1).
BenchmarkTest00154,java/xss,src/main/java/org/owasp/benchmark/testcode/BenchmarkTest00154.java,73,Cross-site scripting vulnerability due to a [user-provided value](1).
BenchmarkTest00155,java/xss,src/main/java/org/owasp/benchmark/testcode/BenchmarkTest00155.java,56,Cross-site scripting vulnerability due to a [user-provided value](1).
BenchmarkTest00147,java/xss,src/main/java/org/owasp/benchmark/testcode/BenchmarkTest00147.java,65,Cross-site scripting vulnerability due to a [user-provided value](1).
BenchmarkTest00143,java/xss,src/main/java/org/owasp/benchmark/testcode/BenchmarkTest00143.java,108,Cross-site scripting vulnerability due to a [user-provided value](1).
BenchmarkTest00145,java/xss,src/main/java/org/owasp/benchmark/testcode/BenchmarkTest00145.java,60,Cross-site scripting vulnerability due to a [user-provided value](1).
BenchmarkTest00157,java/xss,src/main/java/org/owasp/benchmark/testcode/BenchmarkTest00157.java,59,Cross-site scripting vulnerability due to a [user-provided value](1).
BenchmarkTest00144,java/xss,src/main/java/org/owasp/benchmark/testcode/BenchmarkTest00144.java,65,Cross-site scripting vulnerability due to a [user-provided value](1).
BenchmarkTest00153,java/xss,src/main/java/org/owasp/benchmark/testcode/BenchmarkTest00153.java,59,Cross-site scripting vulnerability due to a [user-provided value](1).
BenchmarkTest00160,java/xss,src/main/java/org/owasp/benchmark/testcode/BenchmarkTest00160.java,100,"Cross-site scripting vulnerability due to a [user-provided value](1).
Cross-site scripting vulnerability due to a [user-provided value](2)."
BenchmarkTest00151,java/xss,src/main/java/org/owasp/benchmark/testcode/BenchmarkTest00151.java,65,Cross-site scripting vulnerability due to a [user-provided value](1).
BenchmarkTest00156,java/xss,src/main/java/org/owasp/benchmark/testcode/BenchmarkTest00156.java,64,Cross-site scripting vulnerability due to a [user-provided value](1).
BenchmarkTest00162,java/xss,src/main/java/org/owasp/benchmark/testcode/BenchmarkTest00162.java,91,"Cross-site scripting vulnerability due to a [user-provided value](1).
Cross-site scripting vulnerability due to a [user-provided value](2)."
BenchmarkTest00164,java/xss,src/main/java/org/owasp/benchmark/testcode/BenchmarkTest00164.java,96,"Cross-site scripting vulnerability due to a [user-provided value](1).
Cross-site scripting vulnerability due to a [user-provided value](2)."
BenchmarkTest00168,java/xss,src/main/java/org/owasp/benchmark/testcode/BenchmarkTest00168.java,97,"Cross-site scripting vulnerability due to a [user-provided value](1).
Cross-site scripting vulnerability due to a [user-provided value](2)."
BenchmarkTest00165,java/xss,src/main/java/org/owasp/benchmark/testcode/BenchmarkTest00165.java,94,"Cross-site scripting vulnerability due to a [user-provided value](1).
Cross-site scripting vulnerability due to a [user-provided value](2)."
BenchmarkTest00161,java/xss,src/main/java/org/owasp/benchmark/testcode/BenchmarkTest00161.java,98,"Cross-site scripting vulnerability due to a [user-provided value](1).
Cross-site scripting vulnerability due to a [user-provided value](2)."
BenchmarkTest00167,java/xss,src/main/java/org/owasp/benchmark/testcode/BenchmarkTest00167.java,99,"Cross-site scripting vulnerability due to a [user-provided value](1).
Cross-site scripting vulnerability due to a [user-provided value](2)."
BenchmarkTest00163,java/xss,src/main/java/org/owasp/benchmark/testcode/BenchmarkTest00163.java,92,"Cross-site scripting vulnerability due to a [user-provided value](1).
Cross-site scripting vulnerability due to a [user-provided value](2)."
BenchmarkTest00166,java/xss,src/main/java/org/owasp/benchmark/testcode/BenchmarkTest00166.java,92,"Cross-site scripting vulnerability due to a [user-provided value](1).
Cross-site scripting vulnerability due to a [user-provided value](2)."
BenchmarkTest00169,java/xss,src/main/java/org/owasp/benchmark/testcode/BenchmarkTest00169.java,88,Cross-site scripting vulnerability due to a [user-provided value](1).
BenchmarkTest00178,java/xss,src/main/java/org/owasp/benchmark/testcode/BenchmarkTest00178.java,99,"Cross-site scripting vulnerability due to a [user-provided value](1).
Cross-site scripting vulnerability due to a [user-provided value](2)."
BenchmarkTest00180,java/xss,src/main/java/org/owasp/benchmark/testcode/BenchmarkTest00180.java,101,"Cross-site scripting vulnerability due to a [user-provided value](1).
Cross-site scripting vulnerability due to a [user-provided value](2)."
BenchmarkTest00179,java/xss,src/main/java/org/owasp/benchmark/testcode/BenchmarkTest00179.java,96,"Cross-site scripting vulnerability due to a [user-provided value](1).
Cross-site scripting vulnerability due to a [user-provided value](2)."
BenchmarkTest00170,java/xss,src/main/java/org/owasp/benchmark/testcode/BenchmarkTest00170.java,99,Cross-site scripting vulnerability due to a [user-provided value](1).
BenchmarkTest00182,java/xss,src/main/java/org/owasp/benchmark/testcode/BenchmarkTest00182.java,115,"Cross-site scripting vulnerability due to a [user-provided value](1).
Cross-site scripting vulnerability due to a [user-provided value](2)."
BenchmarkTest00181,java/xss,src/main/java/org/owasp/benchmark/testcode/BenchmarkTest00181.java,96,"Cross-site scripting vulnerability due to a [user-provided value](1).
Cross-site scripting vulnerability due to a [user-provided value](2)."
BenchmarkTest00188,java/xss,src/main/java/org/owasp/benchmark/testcode/BenchmarkTest00188.java,98,"Cross-site scripting vulnerability due to a [user-provided value](1).
Cross-site scripting vulnerability due to a [user-provided value](2)."
BenchmarkTest00183,java/xss,src/main/java/org/owasp/benchmark/testcode/BenchmarkTest00183.java,113,"Cross-site scripting vulnerability due to a [user-provided value](1).
Cross-site scripting vulnerability due to a [user-provided value](2)."
BenchmarkTest00194,java/xss,src/main/java/org/owasp/benchmark/testcode/BenchmarkTest00194.java,66,Cross-site scripting vulnerability due to a [user-provided value](1).
BenchmarkTest00185,java/xss,src/main/java/org/owasp/benchmark/testcode/BenchmarkTest00185.java,99,"Cross-site scripting vulnerability due to a [user-provided value](1).
Cross-site scripting vulnerability due to a [user-provided value](2)."
BenchmarkTest00195,java/xss,src/main/java/org/owasp/benchmark/testcode/BenchmarkTest00195.java,64,Cross-site scripting vulnerability due to a [user-provided value](1).
BenchmarkTest00198,java/xss,src/main/java/org/owasp/benchmark/testcode/BenchmarkTest00198.java,67,Cross-site scripting vulnerability due to a [user-provided value](1).
BenchmarkTest00199,java/xss,src/main/java/org/owasp/benchmark/testcode/BenchmarkTest00199.java,70,Cross-site scripting vulnerability due to a [user-provided value](1).
BenchmarkTest00196,java/xss,src/main/java/org/owasp/benchmark/testcode/BenchmarkTest00196.java,64,Cross-site scripting vulnerability due to a [user-provided value](1).
BenchmarkTest00184,java/xss,src/main/java/org/owasp/benchmark/testcode/BenchmarkTest00184.java,98,"Cross-site scripting vulnerability due to a [user-provided value](1).
Cross-site scripting vulnerability due to a [user-provided value](2)."
BenchmarkTest00187,java/xss,src/main/java/org/owasp/benchmark/testcode/BenchmarkTest00187.java,103,"Cross-site scripting vulnerability due to a [user-provided value](1).
Cross-site scripting vulnerability due to a [user-provided value](2)."
BenchmarkTest00186,java/xss,src/main/java/org/owasp/benchmark/testcode/BenchmarkTest00186.java,114,"Cross-site scripting vulnerability due to a [user-provided value](1).
Cross-site scripting vulnerability due to a [user-provided value](2)."
BenchmarkTest00207,java/xss,src/main/java/org/owasp/benchmark/testcode/BenchmarkTest00207.java,84,Cross-site scripting vulnerability due to a [user-provided value](1).
BenchmarkTest00200,java/xss,src/main/java/org/owasp/benchmark/testcode/BenchmarkTest00200.java,69,Cross-site scripting vulnerability due to a [user-provided value](1).
BenchmarkTest00197,java/xss,src/main/java/org/owasp/benchmark/testcode/BenchmarkTest00197.java,91,Cross-site scripting vulnerability due to a [user-provided value](1).
BenchmarkTest00209,java/xss,src/main/java/org/owasp/benchmark/testcode/BenchmarkTest00209.java,99,Cross-site scripting vulnerability due to a [user-provided value](1).
BenchmarkTest00210,java/xss,src/main/java/org/owasp/benchmark/testcode/BenchmarkTest00210.java,115,Cross-site scripting vulnerability due to a [user-provided value](1).
BenchmarkTest00211,java/xss,src/main/java/org/owasp/benchmark/testcode/BenchmarkTest00211.java,115,Cross-site scripting vulnerability due to a [user-provided value](1).
BenchmarkTest00219,java/xss,src/main/java/org/owasp/benchmark/testcode/BenchmarkTest00219.java,78,Cross-site scripting vulnerability due to a [user-provided value](1).
BenchmarkTest00215,java/xss,src/main/java/org/owasp/benchmark/testcode/BenchmarkTest00215.java,68,Cross-site scripting vulnerability due to a [user-provided value](1).
BenchmarkTest00214,java/xss,src/main/java/org/owasp/benchmark/testcode/BenchmarkTest00214.java,114,Cross-site scripting vulnerability due to a [user-provided value](1).
BenchmarkTest00216,java/xss,src/main/java/org/owasp/benchmark/testcode/BenchmarkTest00216.java,72,Cross-site scripting vulnerability due to a [user-provided value](1).
BenchmarkTest00213,java/xss,src/main/java/org/owasp/benchmark/testcode/BenchmarkTest00213.java,124,Cross-site scripting vulnerability due to a [user-provided value](1).
BenchmarkTest00224,java/xss,src/main/java/org/owasp/benchmark/testcode/BenchmarkTest00224.java,103,Cross-site scripting vulnerability due to a [user-provided value](1).
BenchmarkTest00222,java/xss,src/main/java/org/owasp/benchmark/testcode/BenchmarkTest00222.java,91,Cross-site scripting vulnerability due to a [user-provided value](1).
BenchmarkTest00230,java/xss,src/main/java/org/owasp/benchmark/testcode/BenchmarkTest00230.java,106,"Cross-site scripting vulnerability due to a [user-provided value](1).
Cross-site scripting vulnerability due to a [user-provided value](2)."
BenchmarkTest00233,java/xss,src/main/java/org/owasp/benchmark/testcode/BenchmarkTest00233.java,103,"Cross-site scripting vulnerability due to a [user-provided value](1).
Cross-site scripting vulnerability due to a [user-provided value](2)."
BenchmarkTest00223,java/xss,src/main/java/org/owasp/benchmark/testcode/BenchmarkTest00223.java,108,Cross-site scripting vulnerability due to a [user-provided value](1).
BenchmarkTest00229,java/xss,src/main/java/org/owasp/benchmark/testcode/BenchmarkTest00229.java,99,Cross-site scripting vulnerability due to a [user-provided value](1).
BenchmarkTest00228,java/xss,src/main/java/org/owasp/benchmark/testcode/BenchmarkTest00228.java,109,Cross-site scripting vulnerability due to a [user-provided value](1).
BenchmarkTest00226,java/xss,src/main/java/org/owasp/benchmark/testcode/BenchmarkTest00226.java,105,Cross-site scripting vulnerability due to a [user-provided value](1).
BenchmarkTest00231,java/xss,src/main/java/org/owasp/benchmark/testcode/BenchmarkTest00231.java,106,"Cross-site scripting vulnerability due to a [user-provided value](1).
Cross-site scripting vulnerability due to a [user-provided value](2)."
BenchmarkTest00234,java/xss,src/main/java/org/owasp/benchmark/testcode/BenchmarkTest00234.java,107,"Cross-site scripting vulnerability due to a [user-provided value](1).
Cross-site scripting vulnerability due to a [user-provided value](2)."
BenchmarkTest00236,java/xss,src/main/java/org/owasp/benchmark/testcode/BenchmarkTest00236.java,106,"Cross-site scripting vulnerability due to a [user-provided value](1).
Cross-site scripting vulnerability due to a [user-provided value](2)."
BenchmarkTest00237,java/xss,src/main/java/org/owasp/benchmark/testcode/BenchmarkTest00237.java,120,"Cross-site scripting vulnerability due to a [user-provided value](1).
Cross-site scripting vulnerability due to a [user-provided value](2)."
BenchmarkTest00241,java/xss,src/main/java/org/owasp/benchmark/testcode/BenchmarkTest00241.java,93,Cross-site scripting vulnerability due to a [user-provided value](1).
BenchmarkTest00232,java/xss,src/main/java/org/owasp/benchmark/testcode/BenchmarkTest00232.java,107,"Cross-site scripting vulnerability due to a [user-provided value](1).
Cross-site scripting vulnerability due to a [user-provided value](2)."
BenchmarkTest00240,java/xss,src/main/java/org/owasp/benchmark/testcode/BenchmarkTest00240.java,104,"Cross-site scripting vulnerability due to a [user-provided value](1).
Cross-site scripting vulnerability due to a [user-provided value](2)."
BenchmarkTest00246,java/xss,src/main/java/org/owasp/benchmark/testcode/BenchmarkTest00246.java,115,"Cross-site scripting vulnerability due to a [user-provided value](1).
Cross-site scripting vulnerability due to a [user-provided value](2)."
BenchmarkTest00238,java/xss,src/main/java/org/owasp/benchmark/testcode/BenchmarkTest00238.java,109,"Cross-site scripting vulnerability due to a [user-provided value](1).
Cross-site scripting vulnerability due to a [user-provided value](2)."
BenchmarkTest00235,java/xss,src/main/java/org/owasp/benchmark/testcode/BenchmarkTest00235.java,103,"Cross-site scripting vulnerability due to a [user-provided value](1).
Cross-site scripting vulnerability due to a [user-provided value](2)."
BenchmarkTest00242,java/xss,src/main/java/org/owasp/benchmark/testcode/BenchmarkTest00242.java,98,Cross-site scripting vulnerability due to a [user-provided value](1).
BenchmarkTest00251,java/xss,src/main/java/org/owasp/benchmark/testcode/BenchmarkTest00251.java,69,Cross-site scripting vulnerability due to a [user-provided value](1).
BenchmarkTest00250,java/xss,src/main/java/org/owasp/benchmark/testcode/BenchmarkTest00250.java,87,Cross-site scripting vulnerability due to a [user-provided value](1).
BenchmarkTest00254,java/xss,src/main/java/org/owasp/benchmark/testcode/BenchmarkTest00254.java,113,Cross-site scripting vulnerability due to a [user-provided value](1).
BenchmarkTest00253,java/xss,src/main/java/org/owasp/benchmark/testcode/BenchmarkTest00253.java,87,Cross-site scripting vulnerability due to a [user-provided value](1).
BenchmarkTest00248,java/xss,src/main/java/org/owasp/benchmark/testcode/BenchmarkTest00248.java,103,"Cross-site scripting vulnerability due to a [user-provided value](1).
Cross-site scripting vulnerability due to a [user-provided value](2)."
BenchmarkTest00247,java/xss,src/main/java/org/owasp/benchmark/testcode/BenchmarkTest00247.java,110,"Cross-site scripting vulnerability due to a [user-provided value](1).
Cross-site scripting vulnerability due to a [user-provided value](2)."
BenchmarkTest00255,java/xss,src/main/java/org/owasp/benchmark/testcode/BenchmarkTest00255.java,111,Cross-site scripting vulnerability due to a [user-provided value](1).
BenchmarkTest00257,java/xss,src/main/java/org/owasp/benchmark/testcode/BenchmarkTest00257.java,105,Cross-site scripting vulnerability due to a [user-provided value](1).
BenchmarkTest00259,java/xss,src/main/java/org/owasp/benchmark/testcode/BenchmarkTest00259.java,90,Cross-site scripting vulnerability due to a [user-provided value](1).
BenchmarkTest00239,java/xss,src/main/java/org/owasp/benchmark/testcode/BenchmarkTest00239.java,122,"Cross-site scripting vulnerability due to a [user-provided value](1).
Cross-site scripting vulnerability due to a [user-provided value](2)."
BenchmarkTest00258,java/xss,src/main/java/org/owasp/benchmark/testcode/BenchmarkTest00258.java,104,Cross-site scripting vulnerability due to a [user-provided value](1).
BenchmarkTest00243,java/xss,src/main/java/org/owasp/benchmark/testcode/BenchmarkTest00243.java,114,"Cross-site scripting vulnerability due to a [user-provided value](1).
Cross-site scripting vulnerability due to a [user-provided value](2)."
BenchmarkTest00249,java/xss,src/main/java/org/owasp/benchmark/testcode/BenchmarkTest00249.java,103,"Cross-site scripting vulnerability due to a [user-provided value](1).
Cross-site scripting vulnerability due to a [user-provided value](2)."
BenchmarkTest00264,java/xss,src/main/java/org/owasp/benchmark/testcode/BenchmarkTest00264.java,70,Cross-site scripting vulnerability due to a [user-provided value](1).
BenchmarkTest00262,java/xss,src/main/java/org/owasp/benchmark/testcode/BenchmarkTest00262.java,77,Cross-site scripting vulnerability due to a [user-provided value](1).
BenchmarkTest00263,java/xss,src/main/java/org/owasp/benchmark/testcode/BenchmarkTest00263.java,84,Cross-site scripting vulnerability due to a [user-provided value](1).
BenchmarkTest00268,java/xss,src/main/java/org/owasp/benchmark/testcode/BenchmarkTest00268.java,92,Cross-site scripting vulnerability due to a [user-provided value](1).
BenchmarkTest00267,java/xss,src/main/java/org/owasp/benchmark/testcode/BenchmarkTest00267.java,96,Cross-site scripting vulnerability due to a [user-provided value](1).
BenchmarkTest00252,java/xss,src/main/java/org/owasp/benchmark/testcode/BenchmarkTest00252.java,78,Cross-site scripting vulnerability due to a [user-provided value](1).
BenchmarkTest00244,java/xss,src/main/java/org/owasp/benchmark/testcode/BenchmarkTest00244.java,114,"Cross-site scripting vulnerability due to a [user-provided value](1).
Cross-site scripting vulnerability due to a [user-provided value](2)."
BenchmarkTest00272,java/xss,src/main/java/org/owasp/benchmark/testcode/BenchmarkTest00272.java,106,Cross-site scripting vulnerability due to a [user-provided value](1).
BenchmarkTest00245,java/xss,src/main/java/org/owasp/benchmark/testcode/BenchmarkTest00245.java,127,"Cross-site scripting vulnerability due to a [user-provided value](1).
Cross-site scripting vulnerability due to a [user-provided value](2)."
BenchmarkTest00276,java/xss,src/main/java/org/owasp/benchmark/testcode/BenchmarkTest00276.java,61,Cross-site scripting vulnerability due to a [user-provided value](1).
BenchmarkTest00280,java/xss,src/main/java/org/owasp/benchmark/testcode/BenchmarkTest00280.java,75,Cross-site scripting vulnerability due to a [user-provided value](1).
BenchmarkTest00279,java/xss,src/main/java/org/owasp/benchmark/testcode/BenchmarkTest00279.java,66,Cross-site scripting vulnerability due to a [user-provided value](1).
BenchmarkTest00270,java/xss,src/main/java/org/owasp/benchmark/testcode/BenchmarkTest00270.java,98,Cross-site scripting vulnerability due to a [user-provided value](1).
BenchmarkTest00282,java/xss,src/main/java/org/owasp/benchmark/testcode/BenchmarkTest00282.java,57,Cross-site scripting vulnerability due to a [user-provided value](1).
BenchmarkTest00265,java/xss,src/main/java/org/owasp/benchmark/testcode/BenchmarkTest00265.java,74,Cross-site scripting vulnerability due to a [user-provided value](1).
BenchmarkTest00256,java/xss,src/main/java/org/owasp/benchmark/testcode/BenchmarkTest00256.java,114,Cross-site scripting vulnerability due to a [user-provided value](1).
BenchmarkTest00284,java/xss,src/main/java/org/owasp/benchmark/testcode/BenchmarkTest00284.java,56,Cross-site scripting vulnerability due to a [user-provided value](1).
BenchmarkTest00285,java/xss,src/main/java/org/owasp/benchmark/testcode/BenchmarkTest00285.java,56,Cross-site scripting vulnerability due to a [user-provided value](1).
BenchmarkTest00287,java/xss,src/main/java/org/owasp/benchmark/testcode/BenchmarkTest00287.java,59,Cross-site scripting vulnerability due to a [user-provided value](1).
BenchmarkTest00286,java/xss,src/main/java/org/owasp/benchmark/testcode/BenchmarkTest00286.java,56,Cross-site scripting vulnerability due to a [user-provided value](1).
BenchmarkTest00283,java/xss,src/main/java/org/owasp/benchmark/testcode/BenchmarkTest00283.java,56,Cross-site scripting vulnerability due to a [user-provided value](1).
BenchmarkTest00289,java/xss,src/main/java/org/owasp/benchmark/testcode/BenchmarkTest00289.java,56,Cross-site scripting vulnerability due to a [user-provided value](1).
BenchmarkTest00291,java/xss,src/main/java/org/owasp/benchmark/testcode/BenchmarkTest00291.java,59,Cross-site scripting vulnerability due to a [user-provided value](1).
BenchmarkTest00290,java/xss,src/main/java/org/owasp/benchmark/testcode/BenchmarkTest00290.java,57,Cross-site scripting vulnerability due to a [user-provided value](1).
BenchmarkTest00292,java/xss,src/main/java/org/owasp/benchmark/testcode/BenchmarkTest00292.java,62,Cross-site scripting vulnerability due to a [user-provided value](1).
BenchmarkTest00266,java/xss,src/main/java/org/owasp/benchmark/testcode/BenchmarkTest00266.java,100,Cross-site scripting vulnerability due to a [user-provided value](1).
BenchmarkTest00300,java/xss,src/main/java/org/owasp/benchmark/testcode/BenchmarkTest00300.java,87,Cross-site scripting vulnerability due to a [user-provided value](1).
BenchmarkTest00296,java/xss,src/main/java/org/owasp/benchmark/testcode/BenchmarkTest00296.java,98,"Cross-site scripting vulnerability due to a [user-provided value](1).
Cross-site scripting vulnerability due to a [user-provided value](2)."
BenchmarkTest00273,java/xss,src/main/java/org/owasp/benchmark/testcode/BenchmarkTest00273.java,101,Cross-site scripting vulnerability due to a [user-provided value](1).
BenchmarkTest00297,java/xss,src/main/java/org/owasp/benchmark/testcode/BenchmarkTest00297.java,95,"Cross-site scripting vulnerability due to a [user-provided value](1).
Cross-site scripting vulnerability due to a [user-provided value](2)."
BenchmarkTest00271,java/xss,src/main/java/org/owasp/benchmark/testcode/BenchmarkTest00271.java,108,Cross-site scripting vulnerability due to a [user-provided value](1).
BenchmarkTest00299,java/xss,src/main/java/org/owasp/benchmark/testcode/BenchmarkTest00299.java,99,"Cross-site scripting vulnerability due to a [user-provided value](1).
Cross-site scripting vulnerability due to a [user-provided value](2)."
BenchmarkTest00298,java/xss,src/main/java/org/owasp/benchmark/testcode/BenchmarkTest00298.java,98,"Cross-site scripting vulnerability due to a [user-provided value](1).
Cross-site scripting vulnerability due to a [user-provided value](2)."
BenchmarkTest00288,java/xss,src/main/java/org/owasp/benchmark/testcode/BenchmarkTest00288.java,65,Cross-site scripting vulnerability due to a [user-provided value](1).
BenchmarkTest00301,java/xss,src/main/java/org/owasp/benchmark/testcode/BenchmarkTest00301.java,61,Cross-site scripting vulnerability due to a [user-provided value](1).
BenchmarkTest00312,java/xss,src/main/java/org/owasp/benchmark/testcode/BenchmarkTest00312.java,100,"Cross-site scripting vulnerability due to a [user-provided value](1).
Cross-site scripting vulnerability due to a [user-provided value](2)."
BenchmarkTest00313,java/xss,src/main/java/org/owasp/benchmark/testcode/BenchmarkTest00313.java,100,"Cross-site scripting vulnerability due to a [user-provided value](1).
Cross-site scripting vulnerability due to a [user-provided value](2)."
BenchmarkTest00314,java/xss,src/main/java/org/owasp/benchmark/testcode/BenchmarkTest00314.java,101,"Cross-site scripting vulnerability due to a [user-provided value](1).
Cross-site scripting vulnerability due to a [user-provided value](2)."
BenchmarkTest00321,java/xss,src/main/java/org/owasp/benchmark/testcode/BenchmarkTest00321.java,60,Cross-site scripting vulnerability due to a [user-provided value](1).
BenchmarkTest00325,java/xss,src/main/java/org/owasp/benchmark/testcode/BenchmarkTest00325.java,60,Cross-site scripting vulnerability due to a [user-provided value](1).
BenchmarkTest00326,java/xss,src/main/java/org/owasp/benchmark/testcode/BenchmarkTest00326.java,65,Cross-site scripting vulnerability due to a [user-provided value](1).
BenchmarkTest00317,java/xss,src/main/java/org/owasp/benchmark/testcode/BenchmarkTest00317.java,100,"Cross-site scripting vulnerability due to a [user-provided value](1).
Cross-site scripting vulnerability due to a [user-provided value](2)."
BenchmarkTest00327,java/xss,src/main/java/org/owasp/benchmark/testcode/BenchmarkTest00327.java,62,Cross-site scripting vulnerability due to a [user-provided value](1).
BenchmarkTest00320,java/xss,src/main/java/org/owasp/benchmark/testcode/BenchmarkTest00320.java,100,"Cross-site scripting vulnerability due to a [user-provided value](1).
Cross-site scripting vulnerability due to a [user-provided value](2)."
BenchmarkTest00316,java/xss,src/main/java/org/owasp/benchmark/testcode/BenchmarkTest00316.java,118,"Cross-site scripting vulnerability due to a [user-provided value](1).
Cross-site scripting vulnerability due to a [user-provided value](2)."
BenchmarkTest00315,java/xss,src/main/java/org/owasp/benchmark/testcode/BenchmarkTest00315.java,108,"Cross-site scripting vulnerability due to a [user-provided value](1).
Cross-site scripting vulnerability due to a [user-provided value](2)."
BenchmarkTest00319,java/xss,src/main/java/org/owasp/benchmark/testcode/BenchmarkTest00319.java,114,"Cross-site scripting vulnerability due to a [user-provided value](1).
Cross-site scripting vulnerability due to a [user-provided value](2)."
BenchmarkTest00322,java/xss,src/main/java/org/owasp/benchmark/testcode/BenchmarkTest00322.java,66,Cross-site scripting vulnerability due to a [user-provided value](1).
BenchmarkTest00339,java/xss,src/main/java/org/owasp/benchmark/testcode/BenchmarkTest00339.java,81,Cross-site scripting vulnerability due to a [user-provided value](1).
BenchmarkTest00340,java/xss,src/main/java/org/owasp/benchmark/testcode/BenchmarkTest00340.java,80,Cross-site scripting vulnerability due to a [user-provided value](1).
BenchmarkTest00318,java/xss,src/main/java/org/owasp/benchmark/testcode/BenchmarkTest00318.java,117,"Cross-site scripting vulnerability due to a [user-provided value](1).
Cross-site scripting vulnerability due to a [user-provided value](2)."
BenchmarkTest00341,java/xss,src/main/java/org/owasp/benchmark/testcode/BenchmarkTest00341.java,66,Cross-site scripting vulnerability due to a [user-provided value](1).
BenchmarkTest00348,java/xss,src/main/java/org/owasp/benchmark/testcode/BenchmarkTest00348.java,72,Cross-site scripting vulnerability due to a [user-provided value](1).
BenchmarkTest00337,java/xss,src/main/java/org/owasp/benchmark/testcode/BenchmarkTest00337.java,80,Cross-site scripting vulnerability due to a [user-provided value](1).
BenchmarkTest00347,java/xss,src/main/java/org/owasp/benchmark/testcode/BenchmarkTest00347.java,86,"Cross-site scripting vulnerability due to a [user-provided value](1).
Cross-site scripting vulnerability due to a [user-provided value](2)."
BenchmarkTest00350,java/xss,src/main/java/org/owasp/benchmark/testcode/BenchmarkTest00350.java,89,Cross-site scripting vulnerability due to a [user-provided value](1).
BenchmarkTest00359,java/xss,src/main/java/org/owasp/benchmark/testcode/BenchmarkTest00359.java,56,Cross-site scripting vulnerability due to a [user-provided value](1).
BenchmarkTest00354,java/xss,src/main/java/org/owasp/benchmark/testcode/BenchmarkTest00354.java,96,Cross-site scripting vulnerability due to a [user-provided value](1).
BenchmarkTest00352,java/xss,src/main/java/org/owasp/benchmark/testcode/BenchmarkTest00352.java,110,Cross-site scripting vulnerability due to a [user-provided value](1).
BenchmarkTest00361,java/xss,src/main/java/org/owasp/benchmark/testcode/BenchmarkTest00361.java,77,Cross-site scripting vulnerability due to a [user-provided value](1).
BenchmarkTest00356,java/xss,src/main/java/org/owasp/benchmark/testcode/BenchmarkTest00356.java,94,Cross-site scripting vulnerability due to a [user-provided value](1).
BenchmarkTest00357,java/xss,src/main/java/org/owasp/benchmark/testcode/BenchmarkTest00357.java,99,Cross-site scripting vulnerability due to a [user-provided value](1).
BenchmarkTest00363,java/xss,src/main/java/org/owasp/benchmark/testcode/BenchmarkTest00363.java,63,Cross-site scripting vulnerability due to a [user-provided value](1).
BenchmarkTest00349,java/xss,src/main/java/org/owasp/benchmark/testcode/BenchmarkTest00349.java,90,"Cross-site scripting vulnerability due to a [user-provided value](1).
Cross-site scripting vulnerability due to a [user-provided value](2)."
BenchmarkTest00366,java/xss,src/main/java/org/owasp/benchmark/testcode/BenchmarkTest00366.java,77,Cross-site scripting vulnerability due to a [user-provided value](1).
BenchmarkTest00360,java/xss,src/main/java/org/owasp/benchmark/testcode/BenchmarkTest00360.java,65,Cross-site scripting vulnerability due to a [user-provided value](1).
BenchmarkTest00362,java/xss,src/main/java/org/owasp/benchmark/testcode/BenchmarkTest00362.java,57,Cross-site scripting vulnerability due to a [user-provided value](1).
BenchmarkTest00358,java/xss,src/main/java/org/owasp/benchmark/testcode/BenchmarkTest00358.java,100,Cross-site scripting vulnerability due to a [user-provided value](1).
BenchmarkTest00368,java/xss,src/main/java/org/owasp/benchmark/testcode/BenchmarkTest00368.java,88,"Cross-site scripting vulnerability due to a [user-provided value](1).
Cross-site scripting vulnerability due to a [user-provided value](2)."
BenchmarkTest00371,java/xss,src/main/java/org/owasp/benchmark/testcode/BenchmarkTest00371.java,85,Cross-site scripting vulnerability due to a [user-provided value](1).
BenchmarkTest00370,java/xss,src/main/java/org/owasp/benchmark/testcode/BenchmarkTest00370.java,93,Cross-site scripting vulnerability due to a [user-provided value](1).
BenchmarkTest00372,java/xss,src/main/java/org/owasp/benchmark/testcode/BenchmarkTest00372.java,85,Cross-site scripting vulnerability due to a [user-provided value](1).
BenchmarkTest00375,java/xss,src/main/java/org/owasp/benchmark/testcode/BenchmarkTest00375.java,51,Cross-site scripting vulnerability due to a [user-provided value](1).
BenchmarkTest00353,java/xss,src/main/java/org/owasp/benchmark/testcode/BenchmarkTest00353.java,96,Cross-site scripting vulnerability due to a [user-provided value](1).
BenchmarkTest00364,java/xss,src/main/java/org/owasp/benchmark/testcode/BenchmarkTest00364.java,67,Cross-site scripting vulnerability due to a [user-provided value](1).
BenchmarkTest00376,java/xss,src/main/java/org/owasp/benchmark/testcode/BenchmarkTest00376.java,55,Cross-site scripting vulnerability due to a [user-provided value](1).
BenchmarkTest00381,java/xss,src/main/java/org/owasp/benchmark/testcode/BenchmarkTest00381.java,50,Cross-site scripting vulnerability due to a [user-provided value](1).
BenchmarkTest00380,java/xss,src/main/java/org/owasp/benchmark/testcode/BenchmarkTest00380.java,68,Cross-site scripting vulnerability due to a [user-provided value](1).
BenchmarkTest00378,java/xss,src/main/java/org/owasp/benchmark/testcode/BenchmarkTest00378.java,51,Cross-site scripting vulnerability due to a [user-provided value](1).
BenchmarkTest00374,java/xss,src/main/java/org/owasp/benchmark/testcode/BenchmarkTest00374.java,86,Cross-site scripting vulnerability due to a [user-provided value](1).
BenchmarkTest00384,java/xss,src/main/java/org/owasp/benchmark/testcode/BenchmarkTest00384.java,52,Cross-site scripting vulnerability due to a [user-provided value](1).
BenchmarkTest00355,java/xss,src/main/java/org/owasp/benchmark/testcode/BenchmarkTest00355.java,109,Cross-site scripting vulnerability due to a [user-provided value](1).
BenchmarkTest00369,java/xss,src/main/java/org/owasp/benchmark/testcode/BenchmarkTest00369.java,91,"Cross-site scripting vulnerability due to a [user-provided value](1).
Cross-site scripting vulnerability due to a [user-provided value](2)."
BenchmarkTest00388,java/xss,src/main/java/org/owasp/benchmark/testcode/BenchmarkTest00388.java,50,Cross-site scripting vulnerability due to a [user-provided value](1).
BenchmarkTest00390,java/xss,src/main/java/org/owasp/benchmark/testcode/BenchmarkTest00390.java,56,Cross-site scripting vulnerability due to a [user-provided value](1).
BenchmarkTest00391,java/xss,src/main/java/org/owasp/benchmark/testcode/BenchmarkTest00391.java,49,Cross-site scripting vulnerability due to a [user-provided value](1).
BenchmarkTest00389,java/xss,src/main/java/org/owasp/benchmark/testcode/BenchmarkTest00389.java,49,Cross-site scripting vulnerability due to a [user-provided value](1).
BenchmarkTest00387,java/xss,src/main/java/org/owasp/benchmark/testcode/BenchmarkTest00387.java,54,Cross-site scripting vulnerability due to a [user-provided value](1).
BenchmarkTest00377,java/xss,src/main/java/org/owasp/benchmark/testcode/BenchmarkTest00377.java,60,Cross-site scripting vulnerability due to a [user-provided value](1).
BenchmarkTest00392,java/xss,src/main/java/org/owasp/benchmark/testcode/BenchmarkTest00392.java,56,Cross-site scripting vulnerability due to a [user-provided value](1).
BenchmarkTest00382,java/xss,src/main/java/org/owasp/benchmark/testcode/BenchmarkTest00382.java,60,Cross-site scripting vulnerability due to a [user-provided value](1).
BenchmarkTest00395,java/xss,src/main/java/org/owasp/benchmark/testcode/BenchmarkTest00395.java,53,Cross-site scripting vulnerability due to a [user-provided value](1).
BenchmarkTest00400,java/xss,src/main/java/org/owasp/benchmark/testcode/BenchmarkTest00400.java,106,"Cross-site scripting vulnerability due to a [user-provided value](1).
Cross-site scripting vulnerability due to a [user-provided value](2)."
BenchmarkTest00383,java/xss,src/main/java/org/owasp/benchmark/testcode/BenchmarkTest00383.java,70,Cross-site scripting vulnerability due to a [user-provided value](1).
BenchmarkTest00365,java/xss,src/main/java/org/owasp/benchmark/testcode/BenchmarkTest00365.java,64,Cross-site scripting vulnerability due to a [user-provided value](1).
BenchmarkTest00403,java/xss,src/main/java/org/owasp/benchmark/testcode/BenchmarkTest00403.java,78,Cross-site scripting vulnerability due to a [user-provided value](1).
BenchmarkTest00404,java/xss,src/main/java/org/owasp/benchmark/testcode/BenchmarkTest00404.java,80,Cross-site scripting vulnerability due to a [user-provided value](1).
BenchmarkTest00405,java/xss,src/main/java/org/owasp/benchmark/testcode/BenchmarkTest00405.java,76,Cross-site scripting vulnerability due to a [user-provided value](1).
BenchmarkTest00397,java/xss,src/main/java/org/owasp/benchmark/testcode/BenchmarkTest00397.java,89,"Cross-site scripting vulnerability due to a [user-provided value](1).
Cross-site scripting vulnerability due to a [user-provided value](2)."
BenchmarkTest00386,java/xss,src/main/java/org/owasp/benchmark/testcode/BenchmarkTest00386.java,56,Cross-site scripting vulnerability due to a [user-provided value](1).
BenchmarkTest00401,java/xss,src/main/java/org/owasp/benchmark/testcode/BenchmarkTest00401.java,93,"Cross-site scripting vulnerability due to a [user-provided value](1).
Cross-site scripting vulnerability due to a [user-provided value](2)."
BenchmarkTest00394,java/xss,src/main/java/org/owasp/benchmark/testcode/BenchmarkTest00394.java,62,Cross-site scripting vulnerability due to a [user-provided value](1).
BenchmarkTest00385,java/xss,src/main/java/org/owasp/benchmark/testcode/BenchmarkTest00385.java,70,Cross-site scripting vulnerability due to a [user-provided value](1).
BenchmarkTest00398,java/xss,src/main/java/org/owasp/benchmark/testcode/BenchmarkTest00398.java,93,"Cross-site scripting vulnerability due to a [user-provided value](1).
Cross-site scripting vulnerability due to a [user-provided value](2)."
BenchmarkTest00399,java/xss,src/main/java/org/owasp/benchmark/testcode/BenchmarkTest00399.java,108,"Cross-site scripting vulnerability due to a [user-provided value](1).
Cross-site scripting vulnerability due to a [user-provided value](2)."
BenchmarkTest00402,java/xss,src/main/java/org/owasp/benchmark/testcode/BenchmarkTest00402.java,90,"Cross-site scripting vulnerability due to a [user-provided value](1).
Cross-site scripting vulnerability due to a [user-provided value](2)."
BenchmarkTest00418,java/xss,src/main/java/org/owasp/benchmark/testcode/BenchmarkTest00418.java,96,"Cross-site scripting vulnerability due to a [user-provided value](1).
Cross-site scripting vulnerability due to a [user-provided value](2)."
BenchmarkTest00417,java/xss,src/main/java/org/owasp/benchmark/testcode/BenchmarkTest00417.java,100,"Cross-site scripting vulnerability due to a [user-provided value](1).
Cross-site scripting vulnerability due to a [user-provided value](2)."
BenchmarkTest00414,java/xss,src/main/java/org/owasp/benchmark/testcode/BenchmarkTest00414.java,113,"Cross-site scripting vulnerability due to a [user-provided value](1).
Cross-site scripting vulnerability due to a [user-provided value](2)."
BenchmarkTest00413,java/xss,src/main/java/org/owasp/benchmark/testcode/BenchmarkTest00413.java,100,"Cross-site scripting vulnerability due to a [user-provided value](1).
Cross-site scripting vulnerability due to a [user-provided value](2)."
BenchmarkTest00420,java/xss,src/main/java/org/owasp/benchmark/testcode/BenchmarkTest00420.java,94,"Cross-site scripting vulnerability due to a [user-provided value](1).
Cross-site scripting vulnerability due to a [user-provided value](2)."
BenchmarkTest00424,java/xss,src/main/java/org/owasp/benchmark/testcode/BenchmarkTest00424.java,60,Cross-site scripting vulnerability due to a [user-provided value](1).
BenchmarkTest00426,java/xss,src/main/java/org/owasp/benchmark/testcode/BenchmarkTest00426.java,58,Cross-site scripting vulnerability due to a [user-provided value](1).
BenchmarkTest00423,java/xss,src/main/java/org/owasp/benchmark/testcode/BenchmarkTest00423.java,90,"Cross-site scripting vulnerability due to a [user-provided value](1).
Cross-site scripting vulnerability due to a [user-provided value](2)."
BenchmarkTest00425,java/xss,src/main/java/org/owasp/benchmark/testcode/BenchmarkTest00425.java,54,Cross-site scripting vulnerability due to a [user-provided value](1).
BenchmarkTest00416,java/xss,src/main/java/org/owasp/benchmark/testcode/BenchmarkTest00416.java,100,"Cross-site scripting vulnerability due to a [user-provided value](1).
Cross-site scripting vulnerability due to a [user-provided value](2)."
BenchmarkTest00421,java/xss,src/main/java/org/owasp/benchmark/testcode/BenchmarkTest00421.java,88,"Cross-site scripting vulnerability due to a [user-provided value](1).
Cross-site scripting vulnerability due to a [user-provided value](2)."
BenchmarkTest00422,java/xss,src/main/java/org/owasp/benchmark/testcode/BenchmarkTest00422.java,93,"Cross-site scripting vulnerability due to a [user-provided value](1).
Cross-site scripting vulnerability due to a [user-provided value](2)."
BenchmarkTest00431,java/xss,src/main/java/org/owasp/benchmark/testcode/BenchmarkTest00431.java,81,Cross-site scripting vulnerability due to a [user-provided value](1).
BenchmarkTest00434,java/xss,src/main/java/org/owasp/benchmark/testcode/BenchmarkTest00434.java,56,Cross-site scripting vulnerability due to a [user-provided value](1).
BenchmarkTest00433,java/xss,src/main/java/org/owasp/benchmark/testcode/BenchmarkTest00433.java,71,Cross-site scripting vulnerability due to a [user-provided value](1).
BenchmarkTest00415,java/xss,src/main/java/org/owasp/benchmark/testcode/BenchmarkTest00415.java,101,"Cross-site scripting vulnerability due to a [user-provided value](1).
Cross-site scripting vulnerability due to a [user-provided value](2)."
BenchmarkTest00427,java/xss,src/main/java/org/owasp/benchmark/testcode/BenchmarkTest00427.java,73,Cross-site scripting vulnerability due to a [user-provided value](1).
BenchmarkTest00432,java/xss,src/main/java/org/owasp/benchmark/testcode/BenchmarkTest00432.java,76,Cross-site scripting vulnerability due to a [user-provided value](1).
BenchmarkTest00443,java/xss,src/main/java/org/owasp/benchmark/testcode/BenchmarkTest00443.java,110,Cross-site scripting vulnerability due to a [user-provided value](1).
BenchmarkTest00444,java/xss,src/main/java/org/owasp/benchmark/testcode/BenchmarkTest00444.java,87,Cross-site scripting vulnerability due to a [user-provided value](1).
BenchmarkTest00442,java/xss,src/main/java/org/owasp/benchmark/testcode/BenchmarkTest00442.java,77,Cross-site scripting vulnerability due to a [user-provided value](1).
BenchmarkTest00447,java/xss,src/main/java/org/owasp/benchmark/testcode/BenchmarkTest00447.java,113,Cross-site scripting vulnerability due to a [user-provided value](1).
BenchmarkTest00419,java/xss,src/main/java/org/owasp/benchmark/testcode/BenchmarkTest00419.java,99,"Cross-site scripting vulnerability due to a [user-provided value](1).
Cross-site scripting vulnerability due to a [user-provided value](2)."
BenchmarkTest00452,java/xss,src/main/java/org/owasp/benchmark/testcode/BenchmarkTest00452.java,64,Cross-site scripting vulnerability due to a [user-provided value](1).
BenchmarkTest00445,java/xss,src/main/java/org/owasp/benchmark/testcode/BenchmarkTest00445.java,121,Cross-site scripting vulnerability due to a [user-provided value](1).
BenchmarkTest00450,java/xss,src/main/java/org/owasp/benchmark/testcode/BenchmarkTest00450.java,123,Cross-site scripting vulnerability due to a [user-provided value](1).
BenchmarkTest00455,java/xss,src/main/java/org/owasp/benchmark/testcode/BenchmarkTest00455.java,69,Cross-site scripting vulnerability due to a [user-provided value](1).
BenchmarkTest00458,java/xss,src/main/java/org/owasp/benchmark/testcode/BenchmarkTest00458.java,80,Cross-site scripting vulnerability due to a [user-provided value](1).
BenchmarkTest00449,java/xss,src/main/java/org/owasp/benchmark/testcode/BenchmarkTest00449.java,96,Cross-site scripting vulnerability due to a [user-provided value](1).
BenchmarkTest00451,java/xss,src/main/java/org/owasp/benchmark/testcode/BenchmarkTest00451.java,108,Cross-site scripting vulnerability due to a [user-provided value](1).
BenchmarkTest00459,java/xss,src/main/java/org/owasp/benchmark/testcode/BenchmarkTest00459.java,68,Cross-site scripting vulnerability due to a [user-provided value](1).
BenchmarkTest00457,java/xss,src/main/java/org/owasp/benchmark/testcode/BenchmarkTest00457.java,71,Cross-site scripting vulnerability due to a [user-provided value](1).
BenchmarkTest00465,java/xss,src/main/java/org/owasp/benchmark/testcode/BenchmarkTest00465.java,87,Cross-site scripting vulnerability due to a [user-provided value](1).
BenchmarkTest00463,java/xss,src/main/java/org/owasp/benchmark/testcode/BenchmarkTest00463.java,92,Cross-site scripting vulnerability due to a [user-provided value](1).
BenchmarkTest00456,java/xss,src/main/java/org/owasp/benchmark/testcode/BenchmarkTest00456.java,67,Cross-site scripting vulnerability due to a [user-provided value](1).
BenchmarkTest00461,java/xss,src/main/java/org/owasp/benchmark/testcode/BenchmarkTest00461.java,92,"Cross-site scripting vulnerability due to a [user-provided value](1).
Cross-site scripting vulnerability due to a [user-provided value](2)."
BenchmarkTest00464,java/xss,src/main/java/org/owasp/benchmark/testcode/BenchmarkTest00464.java,87,Cross-site scripting vulnerability due to a [user-provided value](1).
BenchmarkTest00462,java/xss,src/main/java/org/owasp/benchmark/testcode/BenchmarkTest00462.java,102,Cross-site scripting vulnerability due to a [user-provided value](1).
BenchmarkTest00467,java/xss,src/main/java/org/owasp/benchmark/testcode/BenchmarkTest00467.java,59,Cross-site scripting vulnerability due to a [user-provided value](1).
BenchmarkTest00473,java/xss,src/main/java/org/owasp/benchmark/testcode/BenchmarkTest00473.java,61,Cross-site scripting vulnerability due to a [user-provided value](1).
BenchmarkTest00472,java/xss,src/main/java/org/owasp/benchmark/testcode/BenchmarkTest00472.java,59,Cross-site scripting vulnerability due to a [user-provided value](1).
BenchmarkTest00475,java/xss,src/main/java/org/owasp/benchmark/testcode/BenchmarkTest00475.java,58,Cross-site scripting vulnerability due to a [user-provided value](1).
BenchmarkTest00468,java/xss,src/main/java/org/owasp/benchmark/testcode/BenchmarkTest00468.java,60,Cross-site scripting vulnerability due to a [user-provided value](1).
BenchmarkTest00466,java/xss,src/main/java/org/owasp/benchmark/testcode/BenchmarkTest00466.java,93,Cross-site scripting vulnerability due to a [user-provided value](1).
BenchmarkTest00477,java/xss,src/main/java/org/owasp/benchmark/testcode/BenchmarkTest00477.java,54,Cross-site scripting vulnerability due to a [user-provided value](1).
BenchmarkTest00479,java/xss,src/main/java/org/owasp/benchmark/testcode/BenchmarkTest00479.java,56,Cross-site scripting vulnerability due to a [user-provided value](1).
BenchmarkTest00478,java/xss,src/main/java/org/owasp/benchmark/testcode/BenchmarkTest00478.java,60,Cross-site scripting vulnerability due to a [user-provided value](1).
BenchmarkTest00483,java/xss,src/main/java/org/owasp/benchmark/testcode/BenchmarkTest00483.java,97,"Cross-site scripting vulnerability due to a [user-provided value](1).
Cross-site scripting vulnerability due to a [user-provided value](2)."
BenchmarkTest00485,java/xss,src/main/java/org/owasp/benchmark/testcode/BenchmarkTest00485.java,92,"Cross-site scripting vulnerability due to a [user-provided value](1).
Cross-site scripting vulnerability due to a [user-provided value](2)."
BenchmarkTest00484,java/xss,src/main/java/org/owasp/benchmark/testcode/BenchmarkTest00484.java,96,"Cross-site scripting vulnerability due to a [user-provided value](1).
Cross-site scripting vulnerability due to a [user-provided value](2)."
BenchmarkTest00482,java/xss,src/main/java/org/owasp/benchmark/testcode/BenchmarkTest00482.java,92,"Cross-site scripting vulnerability due to a [user-provided value](1).
Cross-site scripting vulnerability due to a [user-provided value](2)."
BenchmarkTest00486,java/xss,src/main/java/org/owasp/benchmark/testcode/BenchmarkTest00486.java,90,"Cross-site scripting vulnerability due to a [user-provided value](1).
Cross-site scripting vulnerability due to a [user-provided value](2)."
BenchmarkTest00491,java/xss,src/main/java/org/owasp/benchmark/testcode/BenchmarkTest00491.java,81,Cross-site scripting vulnerability due to a [user-provided value](1).
BenchmarkTest00492,java/xss,src/main/java/org/owasp/benchmark/testcode/BenchmarkTest00492.java,55,Cross-site scripting vulnerability due to a [user-provided value](1).
BenchmarkTest00487,java/xss,src/main/java/org/owasp/benchmark/testcode/BenchmarkTest00487.java,95,"Cross-site scripting vulnerability due to a [user-provided value](1).
Cross-site scripting vulnerability due to a [user-provided value](2)."
BenchmarkTest00489,java/xss,src/main/java/org/owasp/benchmark/testcode/BenchmarkTest00489.java,96,"Cross-site scripting vulnerability due to a [user-provided value](1).
Cross-site scripting vulnerability due to a [user-provided value](2)."
BenchmarkTest00488,java/xss,src/main/java/org/owasp/benchmark/testcode/BenchmarkTest00488.java,101,"Cross-site scripting vulnerability due to a [user-provided value](1).
Cross-site scripting vulnerability due to a [user-provided value](2)."
BenchmarkTest00490,java/xss,src/main/java/org/owasp/benchmark/testcode/BenchmarkTest00490.java,101,"Cross-site scripting vulnerability due to a [user-provided value](1).
Cross-site scripting vulnerability due to a [user-provided value](2)."
BenchmarkTest00493,java/xss,src/main/java/org/owasp/benchmark/testcode/BenchmarkTest00493.java,59,Cross-site scripting vulnerability due to a [user-provided value](1).
BenchmarkTest00504,java/xss,src/main/java/org/owasp/benchmark/testcode/BenchmarkTest00504.java,93,"Cross-site scripting vulnerability due to a [user-provided value](1).
Cross-site scripting vulnerability due to a [user-provided value](2)."
BenchmarkTest00503,java/xss,src/main/java/org/owasp/benchmark/testcode/BenchmarkTest00503.java,105,"Cross-site scripting vulnerability due to a [user-provided value](1).
Cross-site scripting vulnerability due to a [user-provided value](2)."
BenchmarkTest00506,java/xss,src/main/java/org/owasp/benchmark/testcode/BenchmarkTest00506.java,113,"Cross-site scripting vulnerability due to a [user-provided value](1).
Cross-site scripting vulnerability due to a [user-provided value](2)."
BenchmarkTest00501,java/xss,src/main/java/org/owasp/benchmark/testcode/BenchmarkTest00501.java,109,"Cross-site scripting vulnerability due to a [user-provided value](1).
Cross-site scripting vulnerability due to a [user-provided value](2)."
BenchmarkTest00508,java/xss,src/main/java/org/owasp/benchmark/testcode/BenchmarkTest00508.java,58,Cross-site scripting vulnerability due to a [user-provided value](1).
BenchmarkTest00502,java/xss,src/main/java/org/owasp/benchmark/testcode/BenchmarkTest00502.java,100,"Cross-site scripting vulnerability due to a [user-provided value](1).
Cross-site scripting vulnerability due to a [user-provided value](2)."
BenchmarkTest00507,java/xss,src/main/java/org/owasp/benchmark/testcode/BenchmarkTest00507.java,93,"Cross-site scripting vulnerability due to a [user-provided value](1).
Cross-site scripting vulnerability due to a [user-provided value](2)."
BenchmarkTest00505,java/xss,src/main/java/org/owasp/benchmark/testcode/BenchmarkTest00505.java,97,"Cross-site scripting vulnerability due to a [user-provided value](1).
Cross-site scripting vulnerability due to a [user-provided value](2)."
BenchmarkTest00511,java/xss,src/main/java/org/owasp/benchmark/testcode/BenchmarkTest00511.java,64,Cross-site scripting vulnerability due to a [user-provided value](1).
BenchmarkTest00521,java/xss,src/main/java/org/owasp/benchmark/testcode/BenchmarkTest00521.java,118,Cross-site scripting vulnerability due to a [user-provided value](1).
BenchmarkTest00526,java/xss,src/main/java/org/owasp/benchmark/testcode/BenchmarkTest00526.java,65,Cross-site scripting vulnerability due to a [user-provided value](1).
BenchmarkTest00527,java/xss,src/main/java/org/owasp/benchmark/testcode/BenchmarkTest00527.java,67,Cross-site scripting vulnerability due to a [user-provided value](1).
BenchmarkTest00530,java/xss,src/main/java/org/owasp/benchmark/testcode/BenchmarkTest00530.java,120,Cross-site scripting vulnerability due to a [user-provided value](1).
BenchmarkTest00529,java/xss,src/main/java/org/owasp/benchmark/testcode/BenchmarkTest00529.java,72,Cross-site scripting vulnerability due to a [user-provided value](1).
BenchmarkTest00525,java/xss,src/main/java/org/owasp/benchmark/testcode/BenchmarkTest00525.java,76,Cross-site scripting vulnerability due to a [user-provided value](1).
BenchmarkTest00534,java/xss,src/main/java/org/owasp/benchmark/testcode/BenchmarkTest00534.java,113,Cross-site scripting vulnerability due to a [user-provided value](1).
BenchmarkTest00531,java/xss,src/main/java/org/owasp/benchmark/testcode/BenchmarkTest00531.java,107,Cross-site scripting vulnerability due to a [user-provided value](1).
BenchmarkTest00541,java/xss,src/main/java/org/owasp/benchmark/testcode/BenchmarkTest00541.java,71,Cross-site scripting vulnerability due to a [user-provided value](1).
BenchmarkTest00539,java/xss,src/main/java/org/owasp/benchmark/testcode/BenchmarkTest00539.java,95,Cross-site scripting vulnerability due to a [user-provided value](1).
BenchmarkTest00535,java/xss,src/main/java/org/owasp/benchmark/testcode/BenchmarkTest00535.java,100,Cross-site scripting vulnerability due to a [user-provided value](1).
BenchmarkTest00542,java/xss,src/main/java/org/owasp/benchmark/testcode/BenchmarkTest00542.java,83,Cross-site scripting vulnerability due to a [user-provided value](1).
BenchmarkTest00532,java/xss,src/main/java/org/owasp/benchmark/testcode/BenchmarkTest00532.java,114,Cross-site scripting vulnerability due to a [user-provided value](1).
BenchmarkTest00524,java/xss,src/main/java/org/owasp/benchmark/testcode/BenchmarkTest00524.java,133,Cross-site scripting vulnerability due to a [user-provided value](1).
BenchmarkTest00538,java/xss,src/main/java/org/owasp/benchmark/testcode/BenchmarkTest00538.java,114,Cross-site scripting vulnerability due to a [user-provided value](1).
BenchmarkTest00533,java/xss,src/main/java/org/owasp/benchmark/testcode/BenchmarkTest00533.java,104,Cross-site scripting vulnerability due to a [user-provided value](1).
BenchmarkTest00547,java/xss,src/main/java/org/owasp/benchmark/testcode/BenchmarkTest00547.java,65,Cross-site scripting vulnerability due to a [user-provided value](1).
BenchmarkTest00549,java/xss,src/main/java/org/owasp/benchmark/testcode/BenchmarkTest00549.java,68,Cross-site scripting vulnerability due to a [user-provided value](1).
BenchmarkTest00536,java/xss,src/main/java/org/owasp/benchmark/testcode/BenchmarkTest00536.java,99,Cross-site scripting vulnerability due to a [user-provided value](1).
BenchmarkTest00540,java/xss,src/main/java/org/owasp/benchmark/testcode/BenchmarkTest00540.java,103,Cross-site scripting vulnerability due to a [user-provided value](1).
BenchmarkTest00551,java/xss,src/main/java/org/owasp/benchmark/testcode/BenchmarkTest00551.java,63,Cross-site scripting vulnerability due to a [user-provided value](1).
BenchmarkTest00554,java/xss,src/main/java/org/owasp/benchmark/testcode/BenchmarkTest00554.java,68,Cross-site scripting vulnerability due to a [user-provided value](1).
BenchmarkTest00555,java/xss,src/main/java/org/owasp/benchmark/testcode/BenchmarkTest00555.java,68,Cross-site scripting vulnerability due to a [user-provided value](1).
BenchmarkTest00553,java/xss,src/main/java/org/owasp/benchmark/testcode/BenchmarkTest00553.java,82,Cross-site scripting vulnerability due to a [user-provided value](1).
BenchmarkTest00556,java/xss,src/main/java/org/owasp/benchmark/testcode/BenchmarkTest00556.java,82,Cross-site scripting vulnerability due to a [user-provided value](1).
BenchmarkTest00546,java/xss,src/main/java/org/owasp/benchmark/testcode/BenchmarkTest00546.java,73,Cross-site scripting vulnerability due to a [user-provided value](1).
BenchmarkTest00557,java/xss,src/main/java/org/owasp/benchmark/testcode/BenchmarkTest00557.java,67,Cross-site scripting vulnerability due to a [user-provided value](1).
BenchmarkTest00543,java/xss,src/main/java/org/owasp/benchmark/testcode/BenchmarkTest00543.java,74,Cross-site scripting vulnerability due to a [user-provided value](1).
BenchmarkTest00552,java/xss,src/main/java/org/owasp/benchmark/testcode/BenchmarkTest00552.java,68,Cross-site scripting vulnerability due to a [user-provided value](1).
BenchmarkTest00544,java/xss,src/main/java/org/owasp/benchmark/testcode/BenchmarkTest00544.java,73,Cross-site scripting vulnerability due to a [user-provided value](1).
BenchmarkTest00565,java/xss,src/main/java/org/owasp/benchmark/testcode/BenchmarkTest00565.java,87,Cross-site scripting vulnerability due to a [user-provided value](1).
BenchmarkTest00564,java/xss,src/main/java/org/owasp/benchmark/testcode/BenchmarkTest00564.java,102,"Cross-site scripting vulnerability due to a [user-provided value](1).
Cross-site scripting vulnerability due to a [user-provided value](2)."
BenchmarkTest00566,java/xss,src/main/java/org/owasp/benchmark/testcode/BenchmarkTest00566.java,89,Cross-site scripting vulnerability due to a [user-provided value](1).
BenchmarkTest00550,java/xss,src/main/java/org/owasp/benchmark/testcode/BenchmarkTest00550.java,73,Cross-site scripting vulnerability due to a [user-provided value](1).
BenchmarkTest00561,java/xss,src/main/java/org/owasp/benchmark/testcode/BenchmarkTest00561.java,111,"Cross-site scripting vulnerability due to a [user-provided value](1).
Cross-site scripting vulnerability due to a [user-provided value](2)."
BenchmarkTest00562,java/xss,src/main/java/org/owasp/benchmark/testcode/BenchmarkTest00562.java,120,"Cross-site scripting vulnerability due to a [user-provided value](1).
Cross-site scripting vulnerability due to a [user-provided value](2)."
BenchmarkTest00563,java/xss,src/main/java/org/owasp/benchmark/testcode/BenchmarkTest00563.java,100,"Cross-site scripting vulnerability due to a [user-provided value](1).
Cross-site scripting vulnerability due to a [user-provided value](2)."
BenchmarkTest00560,java/xss,src/main/java/org/owasp/benchmark/testcode/BenchmarkTest00560.java,106,"Cross-site scripting vulnerability due to a [user-provided value](1).
Cross-site scripting vulnerability due to a [user-provided value](2)."
BenchmarkTest00577,java/xss,src/main/java/org/owasp/benchmark/testcode/BenchmarkTest00577.java,114,"Cross-site scripting vulnerability due to a [user-provided value](1).
Cross-site scripting vulnerability due to a [user-provided value](2)."
BenchmarkTest00578,java/xss,src/main/java/org/owasp/benchmark/testcode/BenchmarkTest00578.java,110,"Cross-site scripting vulnerability due to a [user-provided value](1).
Cross-site scripting vulnerability due to a [user-provided value](2)."
BenchmarkTest00579,java/xss,src/main/java/org/owasp/benchmark/testcode/BenchmarkTest00579.java,113,"Cross-site scripting vulnerability due to a [user-provided value](1).
Cross-site scripting vulnerability due to a [user-provided value](2)."
BenchmarkTest00580,java/xss,src/main/java/org/owasp/benchmark/testcode/BenchmarkTest00580.java,112,"Cross-site scripting vulnerability due to a [user-provided value](1).
Cross-site scripting vulnerability due to a [user-provided value](2)."
BenchmarkTest00588,java/xss,src/main/java/org/owasp/benchmark/testcode/BenchmarkTest00588.java,70,Cross-site scripting vulnerability due to a [user-provided value](1).
BenchmarkTest00581,java/xss,src/main/java/org/owasp/benchmark/testcode/BenchmarkTest00581.java,105,"Cross-site scripting vulnerability due to a [user-provided value](1).
Cross-site scripting vulnerability due to a [user-provided value](2)."
BenchmarkTest00582,java/xss,src/main/java/org/owasp/benchmark/testcode/BenchmarkTest00582.java,110,"Cross-site scripting vulnerability due to a [user-provided value](1).
Cross-site scripting vulnerability due to a [user-provided value](2)."
BenchmarkTest00585,java/xss,src/main/java/org/owasp/benchmark/testcode/BenchmarkTest00585.java,103,"Cross-site scripting vulnerability due to a [user-provided value](1).
Cross-site scripting vulnerability due to a [user-provided value](2)."
BenchmarkTest00586,java/xss,src/main/java/org/owasp/benchmark/testcode/BenchmarkTest00586.java,73,Cross-site scripting vulnerability due to a [user-provided value](1).
BenchmarkTest00583,java/xss,src/main/java/org/owasp/benchmark/testcode/BenchmarkTest00583.java,109,"Cross-site scripting vulnerability due to a [user-provided value](1).
Cross-site scripting vulnerability due to a [user-provided value](2)."
BenchmarkTest00597,java/xss,src/main/java/org/owasp/benchmark/testcode/BenchmarkTest00597.java,82,Cross-site scripting vulnerability due to a [user-provided value](1).
BenchmarkTest00598,java/xss,src/main/java/org/owasp/benchmark/testcode/BenchmarkTest00598.java,83,Cross-site scripting vulnerability due to a [user-provided value](1).
BenchmarkTest00600,java/xss,src/main/java/org/owasp/benchmark/testcode/BenchmarkTest00600.java,87,Cross-site scripting vulnerability due to a [user-provided value](1).
BenchmarkTest00587,java/xss,src/main/java/org/owasp/benchmark/testcode/BenchmarkTest00587.java,72,Cross-site scripting vulnerability due to a [user-provided value](1).
BenchmarkTest00609,java/xss,src/main/java/org/owasp/benchmark/testcode/BenchmarkTest00609.java,103,Cross-site scripting vulnerability due to a [user-provided value](1).
BenchmarkTest00596,java/xss,src/main/java/org/owasp/benchmark/testcode/BenchmarkTest00596.java,90,Cross-site scripting vulnerability due to a [user-provided value](1).
BenchmarkTest00607,java/xss,src/main/java/org/owasp/benchmark/testcode/BenchmarkTest00607.java,88,Cross-site scripting vulnerability due to a [user-provided value](1).
BenchmarkTest00584,java/xss,src/main/java/org/owasp/benchmark/testcode/BenchmarkTest00584.java,111,"Cross-site scripting vulnerability due to a [user-provided value](1).
Cross-site scripting vulnerability due to a [user-provided value](2)."
BenchmarkTest00608,java/xss,src/main/java/org/owasp/benchmark/testcode/BenchmarkTest00608.java,111,Cross-site scripting vulnerability due to a [user-provided value](1).
BenchmarkTest00622,java/xss,src/main/java/org/owasp/benchmark/testcode/BenchmarkTest00622.java,73,Cross-site scripting vulnerability due to a [user-provided value](1).
BenchmarkTest00613,java/xss,src/main/java/org/owasp/benchmark/testcode/BenchmarkTest00613.java,91,Cross-site scripting vulnerability due to a [user-provided value](1).
BenchmarkTest00617,java/xss,src/main/java/org/owasp/benchmark/testcode/BenchmarkTest00617.java,92,Cross-site scripting vulnerability due to a [user-provided value](1).
BenchmarkTest00618,java/xss,src/main/java/org/owasp/benchmark/testcode/BenchmarkTest00618.java,106,Cross-site scripting vulnerability due to a [user-provided value](1).
BenchmarkTest00623,java/xss,src/main/java/org/owasp/benchmark/testcode/BenchmarkTest00623.java,60,Cross-site scripting vulnerability due to a [user-provided value](1).
BenchmarkTest00619,java/xss,src/main/java/org/owasp/benchmark/testcode/BenchmarkTest00619.java,65,Cross-site scripting vulnerability due to a [user-provided value](1).
BenchmarkTest00624,java/xss,src/main/java/org/owasp/benchmark/testcode/BenchmarkTest00624.java,61,Cross-site scripting vulnerability due to a [user-provided value](1).
BenchmarkTest00614,java/xss,src/main/java/org/owasp/benchmark/testcode/BenchmarkTest00614.java,109,Cross-site scripting vulnerability due to a [user-provided value](1).
BenchmarkTest00627,java/xss,src/main/java/org/owasp/benchmark/testcode/BenchmarkTest00627.java,66,Cross-site scripting vulnerability due to a [user-provided value](1).
BenchmarkTest00616,java/xss,src/main/java/org/owasp/benchmark/testcode/BenchmarkTest00616.java,91,Cross-site scripting vulnerability due to a [user-provided value](1).
BenchmarkTest00629,java/xss,src/main/java/org/owasp/benchmark/testcode/BenchmarkTest00629.java,65,Cross-site scripting vulnerability due to a [user-provided value](1).
BenchmarkTest00620,java/xss,src/main/java/org/owasp/benchmark/testcode/BenchmarkTest00620.java,65,Cross-site scripting vulnerability due to a [user-provided value](1).
BenchmarkTest00615,java/xss,src/main/java/org/owasp/benchmark/testcode/BenchmarkTest00615.java,105,Cross-site scripting vulnerability due to a [user-provided value](1).
BenchmarkTest00631,java/xss,src/main/java/org/owasp/benchmark/testcode/BenchmarkTest00631.java,91,Cross-site scripting vulnerability due to a [user-provided value](1).
BenchmarkTest00630,java/xss,src/main/java/org/owasp/benchmark/testcode/BenchmarkTest00630.java,108,Cross-site scripting vulnerability due to a [user-provided value](1).
BenchmarkTest00635,java/xss,src/main/java/org/owasp/benchmark/testcode/BenchmarkTest00635.java,82,Cross-site scripting vulnerability due to a [user-provided value](1).
BenchmarkTest00626,java/xss,src/main/java/org/owasp/benchmark/testcode/BenchmarkTest00626.java,69,Cross-site scripting vulnerability due to a [user-provided value](1).
BenchmarkTest00632,java/xss,src/main/java/org/owasp/benchmark/testcode/BenchmarkTest00632.java,91,Cross-site scripting vulnerability due to a [user-provided value](1).
BenchmarkTest00633,java/xss,src/main/java/org/owasp/benchmark/testcode/BenchmarkTest00633.java,109,Cross-site scripting vulnerability due to a [user-provided value](1).
BenchmarkTest00644,java/xss,src/main/java/org/owasp/benchmark/testcode/BenchmarkTest00644.java,52,Cross-site scripting vulnerability due to a [user-provided value](1).
BenchmarkTest00647,java/xss,src/main/java/org/owasp/benchmark/testcode/BenchmarkTest00647.java,51,Cross-site scripting vulnerability due to a [user-provided value](1).
BenchmarkTest00642,java/xss,src/main/java/org/owasp/benchmark/testcode/BenchmarkTest00642.java,61,Cross-site scripting vulnerability due to a [user-provided value](1).
BenchmarkTest00643,java/xss,src/main/java/org/owasp/benchmark/testcode/BenchmarkTest00643.java,52,Cross-site scripting vulnerability due to a [user-provided value](1).
BenchmarkTest00648,java/xss,src/main/java/org/owasp/benchmark/testcode/BenchmarkTest00648.java,51,Cross-site scripting vulnerability due to a [user-provided value](1).
BenchmarkTest00649,java/xss,src/main/java/org/owasp/benchmark/testcode/BenchmarkTest00649.java,51,Cross-site scripting vulnerability due to a [user-provided value](1).
BenchmarkTest00645,java/xss,src/main/java/org/owasp/benchmark/testcode/BenchmarkTest00645.java,54,Cross-site scripting vulnerability due to a [user-provided value](1).
BenchmarkTest00638,java/xss,src/main/java/org/owasp/benchmark/testcode/BenchmarkTest00638.java,86,Cross-site scripting vulnerability due to a [user-provided value](1).
BenchmarkTest00651,java/xss,src/main/java/org/owasp/benchmark/testcode/BenchmarkTest00651.java,59,Cross-site scripting vulnerability due to a [user-provided value](1).
BenchmarkTest00655,java/xss,src/main/java/org/owasp/benchmark/testcode/BenchmarkTest00655.java,82,Cross-site scripting vulnerability due to a [user-provided value](1).
BenchmarkTest00653,java/xss,src/main/java/org/owasp/benchmark/testcode/BenchmarkTest00653.java,93,"Cross-site scripting vulnerability due to a [user-provided value](1).
Cross-site scripting vulnerability due to a [user-provided value](2)."
BenchmarkTest00656,java/xss,src/main/java/org/owasp/benchmark/testcode/BenchmarkTest00656.java,56,Cross-site scripting vulnerability due to a [user-provided value](1).
BenchmarkTest00652,java/xss,src/main/java/org/owasp/benchmark/testcode/BenchmarkTest00652.java,92,"Cross-site scripting vulnerability due to a [user-provided value](1).
Cross-site scripting vulnerability due to a [user-provided value](2)."
BenchmarkTest00641,java/xss,src/main/java/org/owasp/benchmark/testcode/BenchmarkTest00641.java,91,Cross-site scripting vulnerability due to a [user-provided value](1).
BenchmarkTest00654,java/xss,src/main/java/org/owasp/benchmark/testcode/BenchmarkTest00654.java,99,"Cross-site scripting vulnerability due to a [user-provided value](1).
Cross-site scripting vulnerability due to a [user-provided value](2)."
BenchmarkTest00662,java/xss,src/main/java/org/owasp/benchmark/testcode/BenchmarkTest00662.java,100,"Cross-site scripting vulnerability due to a [user-provided value](1).
Cross-site scripting vulnerability due to a [user-provided value](2)."
BenchmarkTest00640,java/xss,src/main/java/org/owasp/benchmark/testcode/BenchmarkTest00640.java,91,Cross-site scripting vulnerability due to a [user-provided value](1).
BenchmarkTest00639,java/xss,src/main/java/org/owasp/benchmark/testcode/BenchmarkTest00639.java,93,Cross-site scripting vulnerability due to a [user-provided value](1).
BenchmarkTest00646,java/xss,src/main/java/org/owasp/benchmark/testcode/BenchmarkTest00646.java,61,Cross-site scripting vulnerability due to a [user-provided value](1).
BenchmarkTest00660,java/xss,src/main/java/org/owasp/benchmark/testcode/BenchmarkTest00660.java,93,"Cross-site scripting vulnerability due to a [user-provided value](1).
Cross-site scripting vulnerability due to a [user-provided value](2)."
BenchmarkTest00668,java/xss,src/main/java/org/owasp/benchmark/testcode/BenchmarkTest00668.java,55,Cross-site scripting vulnerability due to a [user-provided value](1).
BenchmarkTest00634,java/xss,src/main/java/org/owasp/benchmark/testcode/BenchmarkTest00634.java,92,Cross-site scripting vulnerability due to a [user-provided value](1).
BenchmarkTest00661,java/xss,src/main/java/org/owasp/benchmark/testcode/BenchmarkTest00661.java,97,"Cross-site scripting vulnerability due to a [user-provided value](1).
Cross-site scripting vulnerability due to a [user-provided value](2)."
BenchmarkTest00670,java/xss,src/main/java/org/owasp/benchmark/testcode/BenchmarkTest00670.java,59,Cross-site scripting vulnerability due to a [user-provided value](1).
BenchmarkTest00671,java/xss,src/main/java/org/owasp/benchmark/testcode/BenchmarkTest00671.java,60,Cross-site scripting vulnerability due to a [user-provided value](1).
BenchmarkTest00679,java/xss,src/main/java/org/owasp/benchmark/testcode/BenchmarkTest00679.java,66,Cross-site scripting vulnerability due to a [user-provided value](1).
BenchmarkTest00678,java/xss,src/main/java/org/owasp/benchmark/testcode/BenchmarkTest00678.java,66,Cross-site scripting vulnerability due to a [user-provided value](1).
BenchmarkTest00677,java/xss,src/main/java/org/owasp/benchmark/testcode/BenchmarkTest00677.java,85,Cross-site scripting vulnerability due to a [user-provided value](1).
BenchmarkTest00666,java/xss,src/main/java/org/owasp/benchmark/testcode/BenchmarkTest00666.java,95,"Cross-site scripting vulnerability due to a [user-provided value](1).
Cross-site scripting vulnerability due to a [user-provided value](2)."
BenchmarkTest00667,java/xss,src/main/java/org/owasp/benchmark/testcode/BenchmarkTest00667.java,95,"Cross-site scripting vulnerability due to a [user-provided value](1).
Cross-site scripting vulnerability due to a [user-provided value](2)."
BenchmarkTest00665,java/xss,src/main/java/org/owasp/benchmark/testcode/BenchmarkTest00665.java,96,"Cross-site scripting vulnerability due to a [user-provided value](1).
Cross-site scripting vulnerability due to a [user-provided value](2)."
BenchmarkTest00684,java/xss,src/main/java/org/owasp/benchmark/testcode/BenchmarkTest00684.java,101,Cross-site scripting vulnerability due to a [user-provided value](1).
BenchmarkTest00685,java/xss,src/main/java/org/owasp/benchmark/testcode/BenchmarkTest00685.java,105,Cross-site scripting vulnerability due to a [user-provided value](1).
BenchmarkTest00686,java/xss,src/main/java/org/owasp/benchmark/testcode/BenchmarkTest00686.java,110,Cross-site scripting vulnerability due to a [user-provided value](1).
BenchmarkTest00687,java/xss,src/main/java/org/owasp/benchmark/testcode/BenchmarkTest00687.java,108,Cross-site scripting vulnerability due to a [user-provided value](1).
BenchmarkTest00688,java/xss,src/main/java/org/owasp/benchmark/testcode/BenchmarkTest00688.java,106,Cross-site scripting vulnerability due to a [user-provided value](1).
BenchmarkTest00690,java/xss,src/main/java/org/owasp/benchmark/testcode/BenchmarkTest00690.java,104,Cross-site scripting vulnerability due to a [user-provided value](1).
BenchmarkTest00663,java/xss,src/main/java/org/owasp/benchmark/testcode/BenchmarkTest00663.java,98,"Cross-site scripting vulnerability due to a [user-provided value](1).
Cross-site scripting vulnerability due to a [user-provided value](2)."
BenchmarkTest00693,java/xss,src/main/java/org/owasp/benchmark/testcode/BenchmarkTest00693.java,102,Cross-site scripting vulnerability due to a [user-provided value](1).
BenchmarkTest00697,java/xss,src/main/java/org/owasp/benchmark/testcode/BenchmarkTest00697.java,60,Cross-site scripting vulnerability due to a [user-provided value](1).
BenchmarkTest00694,java/xss,src/main/java/org/owasp/benchmark/testcode/BenchmarkTest00694.java,86,Cross-site scripting vulnerability due to a [user-provided value](1).
BenchmarkTest00698,java/xss,src/main/java/org/owasp/benchmark/testcode/BenchmarkTest00698.java,55,Cross-site scripting vulnerability due to a [user-provided value](1).
BenchmarkTest00692,java/xss,src/main/java/org/owasp/benchmark/testcode/BenchmarkTest00692.java,99,Cross-site scripting vulnerability due to a [user-provided value](1).
BenchmarkTest00699,java/xss,src/main/java/org/owasp/benchmark/testcode/BenchmarkTest00699.java,72,Cross-site scripting vulnerability due to a [user-provided value](1).
BenchmarkTest00664,java/xss,src/main/java/org/owasp/benchmark/testcode/BenchmarkTest00664.java,112,"Cross-site scripting vulnerability due to a [user-provided value](1).
Cross-site scripting vulnerability due to a [user-provided value](2)."
BenchmarkTest00696,java/xss,src/main/java/org/owasp/benchmark/testcode/BenchmarkTest00696.java,73,Cross-site scripting vulnerability due to a [user-provided value](1).
BenchmarkTest00700,java/xss,src/main/java/org/owasp/benchmark/testcode/BenchmarkTest00700.java,66,Cross-site scripting vulnerability due to a [user-provided value](1).
BenchmarkTest00706,java/xss,src/main/java/org/owasp/benchmark/testcode/BenchmarkTest00706.java,83,Cross-site scripting vulnerability due to a [user-provided value](1).
BenchmarkTest00704,java/xss,src/main/java/org/owasp/benchmark/testcode/BenchmarkTest00704.java,93,Cross-site scripting vulnerability due to a [user-provided value](1).
BenchmarkTest00702,java/xss,src/main/java/org/owasp/benchmark/testcode/BenchmarkTest00702.java,97,"Cross-site scripting vulnerability due to a [user-provided value](1).
Cross-site scripting vulnerability due to a [user-provided value](2)."
BenchmarkTest00708,java/xss,src/main/java/org/owasp/benchmark/testcode/BenchmarkTest00708.java,84,Cross-site scripting vulnerability due to a [user-provided value](1).
BenchmarkTest00709,java/xss,src/main/java/org/owasp/benchmark/testcode/BenchmarkTest00709.java,82,Cross-site scripting vulnerability due to a [user-provided value](1).
BenchmarkTest00695,java/xss,src/main/java/org/owasp/benchmark/testcode/BenchmarkTest00695.java,91,Cross-site scripting vulnerability due to a [user-provided value](1).
BenchmarkTest00691,java/xss,src/main/java/org/owasp/benchmark/testcode/BenchmarkTest00691.java,109,Cross-site scripting vulnerability due to a [user-provided value](1).
BenchmarkTest00713,java/xss,src/main/java/org/owasp/benchmark/testcode/BenchmarkTest00713.java,52,Cross-site scripting vulnerability due to a [user-provided value](1).
BenchmarkTest00714,java/xss,src/main/java/org/owasp/benchmark/testcode/BenchmarkTest00714.java,52,Cross-site scripting vulnerability due to a [user-provided value](1).
BenchmarkTest00716,java/xss,src/main/java/org/owasp/benchmark/testcode/BenchmarkTest00716.java,52,Cross-site scripting vulnerability due to a [user-provided value](1).
BenchmarkTest00715,java/xss,src/main/java/org/owasp/benchmark/testcode/BenchmarkTest00715.java,52,Cross-site scripting vulnerability due to a [user-provided value](1).
BenchmarkTest00718,java/xss,src/main/java/org/owasp/benchmark/testcode/BenchmarkTest00718.java,52,Cross-site scripting vulnerability due to a [user-provided value](1).
BenchmarkTest00720,java/xss,src/main/java/org/owasp/benchmark/testcode/BenchmarkTest00720.java,71,Cross-site scripting vulnerability due to a [user-provided value](1).
BenchmarkTest00719,java/xss,src/main/java/org/owasp/benchmark/testcode/BenchmarkTest00719.java,54,Cross-site scripting vulnerability due to a [user-provided value](1).
BenchmarkTest00710,java/xss,src/main/java/org/owasp/benchmark/testcode/BenchmarkTest00710.java,86,Cross-site scripting vulnerability due to a [user-provided value](1).
BenchmarkTest00724,java/xss,src/main/java/org/owasp/benchmark/testcode/BenchmarkTest00724.java,70,Cross-site scripting vulnerability due to a [user-provided value](1).
BenchmarkTest00703,java/xss,src/main/java/org/owasp/benchmark/testcode/BenchmarkTest00703.java,100,Cross-site scripting vulnerability due to a [user-provided value](1).
BenchmarkTest00705,java/xss,src/main/java/org/owasp/benchmark/testcode/BenchmarkTest00705.java,88,Cross-site scripting vulnerability due to a [user-provided value](1).
BenchmarkTest00727,java/xss,src/main/java/org/owasp/benchmark/testcode/BenchmarkTest00727.java,54,Cross-site scripting vulnerability due to a [user-provided value](1).
BenchmarkTest00728,java/xss,src/main/java/org/owasp/benchmark/testcode/BenchmarkTest00728.java,56,Cross-site scripting vulnerability due to a [user-provided value](1).
BenchmarkTest00729,java/xss,src/main/java/org/owasp/benchmark/testcode/BenchmarkTest00729.java,53,Cross-site scripting vulnerability due to a [user-provided value](1).
BenchmarkTest00711,java/xss,src/main/java/org/owasp/benchmark/testcode/BenchmarkTest00711.java,64,Cross-site scripting vulnerability due to a [user-provided value](1).
BenchmarkTest00721,java/xss,src/main/java/org/owasp/benchmark/testcode/BenchmarkTest00721.java,62,Cross-site scripting vulnerability due to a [user-provided value](1).
BenchmarkTest00725,java/xss,src/main/java/org/owasp/benchmark/testcode/BenchmarkTest00725.java,71,Cross-site scripting vulnerability due to a [user-provided value](1).
BenchmarkTest00736,java/xss,src/main/java/org/owasp/benchmark/testcode/BenchmarkTest00736.java,80,Cross-site scripting vulnerability due to a [user-provided value](1).
BenchmarkTest00722,java/xss,src/main/java/org/owasp/benchmark/testcode/BenchmarkTest00722.java,58,Cross-site scripting vulnerability due to a [user-provided value](1).
BenchmarkTest00734,java/xss,src/main/java/org/owasp/benchmark/testcode/BenchmarkTest00734.java,107,"Cross-site scripting vulnerability due to a [user-provided value](1).
Cross-site scripting vulnerability due to a [user-provided value](2)."
BenchmarkTest00730,java/xss,src/main/java/org/owasp/benchmark/testcode/BenchmarkTest00730.java,57,Cross-site scripting vulnerability due to a [user-provided value](1).
BenchmarkTest00733,java/xss,src/main/java/org/owasp/benchmark/testcode/BenchmarkTest00733.java,90,"Cross-site scripting vulnerability due to a [user-provided value](1).
Cross-site scripting vulnerability due to a [user-provided value](2)."
BenchmarkTest00737,java/xss,src/main/java/org/owasp/benchmark/testcode/BenchmarkTest00737.java,71,Cross-site scripting vulnerability due to a [user-provided value](1).
BenchmarkTest00746,java/xss,src/main/java/org/owasp/benchmark/testcode/BenchmarkTest00746.java,116,"Cross-site scripting vulnerability due to a [user-provided value](1).
Cross-site scripting vulnerability due to a [user-provided value](2)."
BenchmarkTest00745,java/xss,src/main/java/org/owasp/benchmark/testcode/BenchmarkTest00745.java,97,"Cross-site scripting vulnerability due to a [user-provided value](1).
Cross-site scripting vulnerability due to a [user-provided value](2)."
BenchmarkTest00747,java/xss,src/main/java/org/owasp/benchmark/testcode/BenchmarkTest00747.java,96,"Cross-site scripting vulnerability due to a [user-provided value](1).
Cross-site scripting vulnerability due to a [user-provided value](2)."
BenchmarkTest00752,java/xss,src/main/java/org/owasp/benchmark/testcode/BenchmarkTest00752.java,109,"Cross-site scripting vulnerability due to a [user-provided value](1).
Cross-site scripting vulnerability due to a [user-provided value](2)."
BenchmarkTest00750,java/xss,src/main/java/org/owasp/benchmark/testcode/BenchmarkTest00750.java,97,"Cross-site scripting vulnerability due to a [user-provided value](1).
Cross-site scripting vulnerability due to a [user-provided value](2)."
BenchmarkTest00757,java/xss,src/main/java/org/owasp/benchmark/testcode/BenchmarkTest00757.java,74,Cross-site scripting vulnerability due to a [user-provided value](1).
BenchmarkTest00753,java/xss,src/main/java/org/owasp/benchmark/testcode/BenchmarkTest00753.java,92,"Cross-site scripting vulnerability due to a [user-provided value](1).
Cross-site scripting vulnerability due to a [user-provided value](2)."
BenchmarkTest00744,java/xss,src/main/java/org/owasp/benchmark/testcode/BenchmarkTest00744.java,107,"Cross-site scripting vulnerability due to a [user-provided value](1).
Cross-site scripting vulnerability due to a [user-provided value](2)."
BenchmarkTest00735,java/xss,src/main/java/org/owasp/benchmark/testcode/BenchmarkTest00735.java,99,"Cross-site scripting vulnerability due to a [user-provided value](1).
Cross-site scripting vulnerability due to a [user-provided value](2)."
BenchmarkTest00756,java/xss,src/main/java/org/owasp/benchmark/testcode/BenchmarkTest00756.java,55,Cross-site scripting vulnerability due to a [user-provided value](1).
BenchmarkTest00749,java/xss,src/main/java/org/owasp/benchmark/testcode/BenchmarkTest00749.java,94,"Cross-site scripting vulnerability due to a [user-provided value](1).
Cross-site scripting vulnerability due to a [user-provided value](2)."
BenchmarkTest00759,java/xss,src/main/java/org/owasp/benchmark/testcode/BenchmarkTest00759.java,58,Cross-site scripting vulnerability due to a [user-provided value](1).
BenchmarkTest00751,java/xss,src/main/java/org/owasp/benchmark/testcode/BenchmarkTest00751.java,98,"Cross-site scripting vulnerability due to a [user-provided value](1).
Cross-site scripting vulnerability due to a [user-provided value](2)."
BenchmarkTest00764,java/xss,src/main/java/org/owasp/benchmark/testcode/BenchmarkTest00764.java,61,Cross-site scripting vulnerability due to a [user-provided value](1).
BenchmarkTest00748,java/xss,src/main/java/org/owasp/benchmark/testcode/BenchmarkTest00748.java,117,"Cross-site scripting vulnerability due to a [user-provided value](1).
Cross-site scripting vulnerability due to a [user-provided value](2)."
BenchmarkTest00767,java/xss,src/main/java/org/owasp/benchmark/testcode/BenchmarkTest00767.java,80,Cross-site scripting vulnerability due to a [user-provided value](1).
BenchmarkTest00765,java/xss,src/main/java/org/owasp/benchmark/testcode/BenchmarkTest00765.java,63,Cross-site scripting vulnerability due to a [user-provided value](1).
BenchmarkTest00768,java/xss,src/main/java/org/owasp/benchmark/testcode/BenchmarkTest00768.java,66,Cross-site scripting vulnerability due to a [user-provided value](1).
BenchmarkTest00758,java/xss,src/main/java/org/owasp/benchmark/testcode/BenchmarkTest00758.java,65,Cross-site scripting vulnerability due to a [user-provided value](1).
BenchmarkTest00754,java/xss,src/main/java/org/owasp/benchmark/testcode/BenchmarkTest00754.java,60,Cross-site scripting vulnerability due to a [user-provided value](1).
BenchmarkTest00779,java/xss,src/main/java/org/owasp/benchmark/testcode/BenchmarkTest00779.java,121,Cross-site scripting vulnerability due to a [user-provided value](1).
BenchmarkTest00780,java/xss,src/main/java/org/owasp/benchmark/testcode/BenchmarkTest00780.java,126,Cross-site scripting vulnerability due to a [user-provided value](1).
BenchmarkTest00776,java/xss,src/main/java/org/owasp/benchmark/testcode/BenchmarkTest00776.java,132,Cross-site scripting vulnerability due to a [user-provided value](1).
BenchmarkTest00782,java/xss,src/main/java/org/owasp/benchmark/testcode/BenchmarkTest00782.java,133,Cross-site scripting vulnerability due to a [user-provided value](1).
BenchmarkTest00787,java/xss,src/main/java/org/owasp/benchmark/testcode/BenchmarkTest00787.java,88,Cross-site scripting vulnerability due to a [user-provided value](1).
BenchmarkTest00784,java/xss,src/main/java/org/owasp/benchmark/testcode/BenchmarkTest00784.java,101,Cross-site scripting vulnerability due to a [user-provided value](1).
BenchmarkTest00788,java/xss,src/main/java/org/owasp/benchmark/testcode/BenchmarkTest00788.java,83,Cross-site scripting vulnerability due to a [user-provided value](1).
BenchmarkTest00789,java/xss,src/main/java/org/owasp/benchmark/testcode/BenchmarkTest00789.java,111,Cross-site scripting vulnerability due to a [user-provided value](1).
BenchmarkTest00781,java/xss,src/main/java/org/owasp/benchmark/testcode/BenchmarkTest00781.java,121,Cross-site scripting vulnerability due to a [user-provided value](1).
BenchmarkTest00790,java/xss,src/main/java/org/owasp/benchmark/testcode/BenchmarkTest00790.java,104,Cross-site scripting vulnerability due to a [user-provided value](1).
BenchmarkTest00791,java/xss,src/main/java/org/owasp/benchmark/testcode/BenchmarkTest00791.java,105,Cross-site scripting vulnerability due to a [user-provided value](1).
BenchmarkTest00795,java/xss,src/main/java/org/owasp/benchmark/testcode/BenchmarkTest00795.java,107,Cross-site scripting vulnerability due to a [user-provided value](1).
BenchmarkTest00783,java/xss,src/main/java/org/owasp/benchmark/testcode/BenchmarkTest00783.java,87,Cross-site scripting vulnerability due to a [user-provided value](1).
BenchmarkTest00775,java/xss,src/main/java/org/owasp/benchmark/testcode/BenchmarkTest00775.java,135,Cross-site scripting vulnerability due to a [user-provided value](1).
BenchmarkTest00777,java/xss,src/main/java/org/owasp/benchmark/testcode/BenchmarkTest00777.java,131,Cross-site scripting vulnerability due to a [user-provided value](1).
BenchmarkTest00794,java/xss,src/main/java/org/owasp/benchmark/testcode/BenchmarkTest00794.java,107,Cross-site scripting vulnerability due to a [user-provided value](1).
BenchmarkTest00769,java/xss,src/main/java/org/owasp/benchmark/testcode/BenchmarkTest00769.java,61,Cross-site scripting vulnerability due to a [user-provided value](1).
BenchmarkTest00800,java/xss,src/main/java/org/owasp/benchmark/testcode/BenchmarkTest00800.java,93,Cross-site scripting vulnerability due to a [user-provided value](1).
BenchmarkTest00785,java/xss,src/main/java/org/owasp/benchmark/testcode/BenchmarkTest00785.java,86,Cross-site scripting vulnerability due to a [user-provided value](1).
BenchmarkTest00793,java/xss,src/main/java/org/owasp/benchmark/testcode/BenchmarkTest00793.java,105,Cross-site scripting vulnerability due to a [user-provided value](1).
BenchmarkTest00801,java/xss,src/main/java/org/owasp/benchmark/testcode/BenchmarkTest00801.java,74,Cross-site scripting vulnerability due to a [user-provided value](1).
BenchmarkTest00803,java/xss,src/main/java/org/owasp/benchmark/testcode/BenchmarkTest00803.java,73,Cross-site scripting vulnerability due to a [user-provided value](1).
BenchmarkTest00802,java/xss,src/main/java/org/owasp/benchmark/testcode/BenchmarkTest00802.java,80,Cross-site scripting vulnerability due to a [user-provided value](1).
BenchmarkTest00804,java/xss,src/main/java/org/owasp/benchmark/testcode/BenchmarkTest00804.java,74,Cross-site scripting vulnerability due to a [user-provided value](1).
BenchmarkTest00786,java/xss,src/main/java/org/owasp/benchmark/testcode/BenchmarkTest00786.java,87,Cross-site scripting vulnerability due to a [user-provided value](1).
BenchmarkTest00807,java/xss,src/main/java/org/owasp/benchmark/testcode/BenchmarkTest00807.java,75,Cross-site scripting vulnerability due to a [user-provided value](1).
BenchmarkTest00810,java/xss,src/main/java/org/owasp/benchmark/testcode/BenchmarkTest00810.java,74,Cross-site scripting vulnerability due to a [user-provided value](1).
BenchmarkTest00809,java/xss,src/main/java/org/owasp/benchmark/testcode/BenchmarkTest00809.java,79,Cross-site scripting vulnerability due to a [user-provided value](1).
BenchmarkTest00797,java/xss,src/main/java/org/owasp/benchmark/testcode/BenchmarkTest00797.java,112,Cross-site scripting vulnerability due to a [user-provided value](1).
BenchmarkTest00798,java/xss,src/main/java/org/owasp/benchmark/testcode/BenchmarkTest00798.java,112,Cross-site scripting vulnerability due to a [user-provided value](1).
BenchmarkTest00806,java/xss,src/main/java/org/owasp/benchmark/testcode/BenchmarkTest00806.java,84,Cross-site scripting vulnerability due to a [user-provided value](1).
BenchmarkTest00811,java/xss,src/main/java/org/owasp/benchmark/testcode/BenchmarkTest00811.java,92,Cross-site scripting vulnerability due to a [user-provided value](1).
BenchmarkTest00792,java/xss,src/main/java/org/owasp/benchmark/testcode/BenchmarkTest00792.java,111,Cross-site scripting vulnerability due to a [user-provided value](1).
BenchmarkTest00799,java/xss,src/main/java/org/owasp/benchmark/testcode/BenchmarkTest00799.java,86,Cross-site scripting vulnerability due to a [user-provided value](1).
BenchmarkTest00796,java/xss,src/main/java/org/owasp/benchmark/testcode/BenchmarkTest00796.java,113,Cross-site scripting vulnerability due to a [user-provided value](1).
BenchmarkTest00805,java/xss,src/main/java/org/owasp/benchmark/testcode/BenchmarkTest00805.java,93,Cross-site scripting vulnerability due to a [user-provided value](1).
BenchmarkTest00808,java/xss,src/main/java/org/owasp/benchmark/testcode/BenchmarkTest00808.java,84,Cross-site scripting vulnerability due to a [user-provided value](1).
BenchmarkTest00822,java/xss,src/main/java/org/owasp/benchmark/testcode/BenchmarkTest00822.java,78,Cross-site scripting vulnerability due to a [user-provided value](1).
BenchmarkTest00820,java/xss,src/main/java/org/owasp/benchmark/testcode/BenchmarkTest00820.java,97,Cross-site scripting vulnerability due to a [user-provided value](1).
BenchmarkTest00821,java/xss,src/main/java/org/owasp/benchmark/testcode/BenchmarkTest00821.java,98,Cross-site scripting vulnerability due to a [user-provided value](1).
BenchmarkTest00819,java/xss,src/main/java/org/owasp/benchmark/testcode/BenchmarkTest00819.java,116,"Cross-site scripting vulnerability due to a [user-provided value](1).
Cross-site scripting vulnerability due to a [user-provided value](2)."
BenchmarkTest00828,java/xss,src/main/java/org/owasp/benchmark/testcode/BenchmarkTest00828.java,121,"Cross-site scripting vulnerability due to a [user-provided value](1).
Cross-site scripting vulnerability due to a [user-provided value](2)."
BenchmarkTest00818,java/xss,src/main/java/org/owasp/benchmark/testcode/BenchmarkTest00818.java,114,"Cross-site scripting vulnerability due to a [user-provided value](1).
Cross-site scripting vulnerability due to a [user-provided value](2)."
BenchmarkTest00834,java/xss,src/main/java/org/owasp/benchmark/testcode/BenchmarkTest00834.java,84,Cross-site scripting vulnerability due to a [user-provided value](1).
BenchmarkTest00833,java/xss,src/main/java/org/owasp/benchmark/testcode/BenchmarkTest00833.java,82,Cross-site scripting vulnerability due to a [user-provided value](1).
BenchmarkTest00836,java/xss,src/main/java/org/owasp/benchmark/testcode/BenchmarkTest00836.java,78,Cross-site scripting vulnerability due to a [user-provided value](1).
BenchmarkTest00829,java/xss,src/main/java/org/owasp/benchmark/testcode/BenchmarkTest00829.java,138,"Cross-site scripting vulnerability due to a [user-provided value](1).
Cross-site scripting vulnerability due to a [user-provided value](2)."
BenchmarkTest00830,java/xss,src/main/java/org/owasp/benchmark/testcode/BenchmarkTest00830.java,118,"Cross-site scripting vulnerability due to a [user-provided value](1).
Cross-site scripting vulnerability due to a [user-provided value](2)."
BenchmarkTest00832,java/xss,src/main/java/org/owasp/benchmark/testcode/BenchmarkTest00832.java,112,"Cross-site scripting vulnerability due to a [user-provided value](1).
Cross-site scripting vulnerability due to a [user-provided value](2)."
BenchmarkTest00840,java/xss,src/main/java/org/owasp/benchmark/testcode/BenchmarkTest00840.java,83,Cross-site scripting vulnerability due to a [user-provided value](1).
BenchmarkTest00841,java/xss,src/main/java/org/owasp/benchmark/testcode/BenchmarkTest00841.java,97,Cross-site scripting vulnerability due to a [user-provided value](1).
BenchmarkTest00817,java/xss,src/main/java/org/owasp/benchmark/testcode/BenchmarkTest00817.java,131,"Cross-site scripting vulnerability due to a [user-provided value](1).
Cross-site scripting vulnerability due to a [user-provided value](2)."
BenchmarkTest00845,java/xss,src/main/java/org/owasp/benchmark/testcode/BenchmarkTest00845.java,98,Cross-site scripting vulnerability due to a [user-provided value](1).
BenchmarkTest00846,java/xss,src/main/java/org/owasp/benchmark/testcode/BenchmarkTest00846.java,78,Cross-site scripting vulnerability due to a [user-provided value](1).
BenchmarkTest00835,java/xss,src/main/java/org/owasp/benchmark/testcode/BenchmarkTest00835.java,87,Cross-site scripting vulnerability due to a [user-provided value](1).
BenchmarkTest00843,java/xss,src/main/java/org/owasp/benchmark/testcode/BenchmarkTest00843.java,88,Cross-site scripting vulnerability due to a [user-provided value](1).
BenchmarkTest00842,java/xss,src/main/java/org/owasp/benchmark/testcode/BenchmarkTest00842.java,94,Cross-site scripting vulnerability due to a [user-provided value](1).
BenchmarkTest00831,java/xss,src/main/java/org/owasp/benchmark/testcode/BenchmarkTest00831.java,133,"Cross-site scripting vulnerability due to a [user-provided value](1).
Cross-site scripting vulnerability due to a [user-provided value](2)."
BenchmarkTest00844,java/xss,src/main/java/org/owasp/benchmark/testcode/BenchmarkTest00844.java,97,Cross-site scripting vulnerability due to a [user-provided value](1).
BenchmarkTest00852,java/xss,src/main/java/org/owasp/benchmark/testcode/BenchmarkTest00852.java,102,Cross-site scripting vulnerability due to a [user-provided value](1).
BenchmarkTest00901,java/xss,src/main/java/org/owasp/benchmark/testcode/BenchmarkTest00901.java,106,"Cross-site scripting vulnerability due to a [user-provided value](1).
Cross-site scripting vulnerability due to a [user-provided value](2)."
BenchmarkTest00899,java/xss,src/main/java/org/owasp/benchmark/testcode/BenchmarkTest00899.java,107,"Cross-site scripting vulnerability due to a [user-provided value](1).
Cross-site scripting vulnerability due to a [user-provided value](2)."
BenchmarkTest00898,java/xss,src/main/java/org/owasp/benchmark/testcode/BenchmarkTest00898.java,96,"Cross-site scripting vulnerability due to a [user-provided value](1).
Cross-site scripting vulnerability due to a [user-provided value](2)."
BenchmarkTest00900,java/xss,src/main/java/org/owasp/benchmark/testcode/BenchmarkTest00900.java,106,"Cross-site scripting vulnerability due to a [user-provided value](1).
Cross-site scripting vulnerability due to a [user-provided value](2)."
BenchmarkTest00911,java/xss,src/main/java/org/owasp/benchmark/testcode/BenchmarkTest00911.java,98,"Cross-site scripting vulnerability due to a [user-provided value](1).
Cross-site scripting vulnerability due to a [user-provided value](2)."
BenchmarkTest00912,java/xss,src/main/java/org/owasp/benchmark/testcode/BenchmarkTest00912.java,101,"Cross-site scripting vulnerability due to a [user-provided value](1).
Cross-site scripting vulnerability due to a [user-provided value](2)."
BenchmarkTest00913,java/xss,src/main/java/org/owasp/benchmark/testcode/BenchmarkTest00913.java,115,"Cross-site scripting vulnerability due to a [user-provided value](1).
Cross-site scripting vulnerability due to a [user-provided value](2)."
BenchmarkTest00918,java/xss,src/main/java/org/owasp/benchmark/testcode/BenchmarkTest00918.java,101,"Cross-site scripting vulnerability due to a [user-provided value](1).
Cross-site scripting vulnerability due to a [user-provided value](2)."
BenchmarkTest00914,java/xss,src/main/java/org/owasp/benchmark/testcode/BenchmarkTest00914.java,95,"Cross-site scripting vulnerability due to a [user-provided value](1).
Cross-site scripting vulnerability due to a [user-provided value](2)."
BenchmarkTest00920,java/xss,src/main/java/org/owasp/benchmark/testcode/BenchmarkTest00920.java,90,"Cross-site scripting vulnerability due to a [user-provided value](1).
Cross-site scripting vulnerability due to a [user-provided value](2)."
BenchmarkTest00915,java/xss,src/main/java/org/owasp/benchmark/testcode/BenchmarkTest00915.java,93,"Cross-site scripting vulnerability due to a [user-provided value](1).
Cross-site scripting vulnerability due to a [user-provided value](2)."
BenchmarkTest00916,java/xss,src/main/java/org/owasp/benchmark/testcode/BenchmarkTest00916.java,95,"Cross-site scripting vulnerability due to a [user-provided value](1).
Cross-site scripting vulnerability due to a [user-provided value](2)."
BenchmarkTest00902,java/xss,src/main/java/org/owasp/benchmark/testcode/BenchmarkTest00902.java,92,"Cross-site scripting vulnerability due to a [user-provided value](1).
Cross-site scripting vulnerability due to a [user-provided value](2)."
BenchmarkTest00921,java/xss,src/main/java/org/owasp/benchmark/testcode/BenchmarkTest00921.java,94,"Cross-site scripting vulnerability due to a [user-provided value](1).
Cross-site scripting vulnerability due to a [user-provided value](2)."
BenchmarkTest00919,java/xss,src/main/java/org/owasp/benchmark/testcode/BenchmarkTest00919.java,90,"Cross-site scripting vulnerability due to a [user-provided value](1).
Cross-site scripting vulnerability due to a [user-provided value](2)."
BenchmarkTest00942,java/xss,src/main/java/org/owasp/benchmark/testcode/BenchmarkTest00942.java,120,Cross-site scripting vulnerability due to a [user-provided value](1).
BenchmarkTest00917,java/xss,src/main/java/org/owasp/benchmark/testcode/BenchmarkTest00917.java,102,"Cross-site scripting vulnerability due to a [user-provided value](1).
Cross-site scripting vulnerability due to a [user-provided value](2)."
BenchmarkTest00943,java/xss,src/main/java/org/owasp/benchmark/testcode/BenchmarkTest00943.java,102,Cross-site scripting vulnerability due to a [user-provided value](1).
BenchmarkTest00947,java/xss,src/main/java/org/owasp/benchmark/testcode/BenchmarkTest00947.java,104,Cross-site scripting vulnerability due to a [user-provided value](1).
BenchmarkTest00949,java/xss,src/main/java/org/owasp/benchmark/testcode/BenchmarkTest00949.java,71,Cross-site scripting vulnerability due to a [user-provided value](1).
BenchmarkTest00950,java/xss,src/main/java/org/owasp/benchmark/testcode/BenchmarkTest00950.java,70,Cross-site scripting vulnerability due to a [user-provided value](1).
BenchmarkTest00945,java/xss,src/main/java/org/owasp/benchmark/testcode/BenchmarkTest00945.java,108,Cross-site scripting vulnerability due to a [user-provided value](1).
BenchmarkTest00948,java/xss,src/main/java/org/owasp/benchmark/testcode/BenchmarkTest00948.java,103,Cross-site scripting vulnerability due to a [user-provided value](1).
BenchmarkTest00954,java/xss,src/main/java/org/owasp/benchmark/testcode/BenchmarkTest00954.java,82,Cross-site scripting vulnerability due to a [user-provided value](1).
BenchmarkTest00953,java/xss,src/main/java/org/owasp/benchmark/testcode/BenchmarkTest00953.java,82,Cross-site scripting vulnerability due to a [user-provided value](1).
BenchmarkTest00956,java/xss,src/main/java/org/owasp/benchmark/testcode/BenchmarkTest00956.java,82,Cross-site scripting vulnerability due to a [user-provided value](1).
BenchmarkTest00946,java/xss,src/main/java/org/owasp/benchmark/testcode/BenchmarkTest00946.java,108,Cross-site scripting vulnerability due to a [user-provided value](1).
BenchmarkTest00957,java/xss,src/main/java/org/owasp/benchmark/testcode/BenchmarkTest00957.java,77,Cross-site scripting vulnerability due to a [user-provided value](1).
BenchmarkTest00958,java/xss,src/main/java/org/owasp/benchmark/testcode/BenchmarkTest00958.java,77,Cross-site scripting vulnerability due to a [user-provided value](1).
BenchmarkTest00961,java/xss,src/main/java/org/owasp/benchmark/testcode/BenchmarkTest00961.java,99,Cross-site scripting vulnerability due to a [user-provided value](1).
BenchmarkTest00959,java/xss,src/main/java/org/owasp/benchmark/testcode/BenchmarkTest00959.java,106,Cross-site scripting vulnerability due to a [user-provided value](1).
BenchmarkTest00962,java/xss,src/main/java/org/owasp/benchmark/testcode/BenchmarkTest00962.java,100,Cross-site scripting vulnerability due to a [user-provided value](1).
BenchmarkTest00963,java/xss,src/main/java/org/owasp/benchmark/testcode/BenchmarkTest00963.java,99,Cross-site scripting vulnerability due to a [user-provided value](1).
BenchmarkTest00960,java/xss,src/main/java/org/owasp/benchmark/testcode/BenchmarkTest00960.java,107,"Cross-site scripting vulnerability due to a [user-provided value](1).
Cross-site scripting vulnerability due to a [user-provided value](2)."
BenchmarkTest00965,java/xss,src/main/java/org/owasp/benchmark/testcode/BenchmarkTest00965.java,103,Cross-site scripting vulnerability due to a [user-provided value](1).
BenchmarkTest00964,java/xss,src/main/java/org/owasp/benchmark/testcode/BenchmarkTest00964.java,103,Cross-site scripting vulnerability due to a [user-provided value](1).
BenchmarkTest00967,java/xss,src/main/java/org/owasp/benchmark/testcode/BenchmarkTest00967.java,103,Cross-site scripting vulnerability due to a [user-provided value](1).
BenchmarkTest00966,java/xss,src/main/java/org/owasp/benchmark/testcode/BenchmarkTest00966.java,103,Cross-site scripting vulnerability due to a [user-provided value](1).
BenchmarkTest00971,java/xss,src/main/java/org/owasp/benchmark/testcode/BenchmarkTest00971.java,106,"Cross-site scripting vulnerability due to a [user-provided value](1).
Cross-site scripting vulnerability due to a [user-provided value](2)."
BenchmarkTest00973,java/xss,src/main/java/org/owasp/benchmark/testcode/BenchmarkTest00973.java,105,"Cross-site scripting vulnerability due to a [user-provided value](1).
Cross-site scripting vulnerability due to a [user-provided value](2)."
BenchmarkTest00977,java/xss,src/main/java/org/owasp/benchmark/testcode/BenchmarkTest00977.java,92,Cross-site scripting vulnerability due to a [user-provided value](1).
BenchmarkTest00972,java/xss,src/main/java/org/owasp/benchmark/testcode/BenchmarkTest00972.java,106,"Cross-site scripting vulnerability due to a [user-provided value](1).
Cross-site scripting vulnerability due to a [user-provided value](2)."
BenchmarkTest00974,java/xss,src/main/java/org/owasp/benchmark/testcode/BenchmarkTest00974.java,105,"Cross-site scripting vulnerability due to a [user-provided value](1).
Cross-site scripting vulnerability due to a [user-provided value](2)."
BenchmarkTest00975,java/xss,src/main/java/org/owasp/benchmark/testcode/BenchmarkTest00975.java,105,"Cross-site scripting vulnerability due to a [user-provided value](1).
Cross-site scripting vulnerability due to a [user-provided value](2)."
BenchmarkTest00984,java/xss,src/main/java/org/owasp/benchmark/testcode/BenchmarkTest00984.java,110,"Cross-site scripting vulnerability due to a [user-provided value](1).
Cross-site scripting vulnerability due to a [user-provided value](2)."
BenchmarkTest00985,java/xss,src/main/java/org/owasp/benchmark/testcode/BenchmarkTest00985.java,110,"Cross-site scripting vulnerability due to a [user-provided value](1).
Cross-site scripting vulnerability due to a [user-provided value](2)."
BenchmarkTest00986,java/xss,src/main/java/org/owasp/benchmark/testcode/BenchmarkTest00986.java,110,"Cross-site scripting vulnerability due to a [user-provided value](1).
Cross-site scripting vulnerability due to a [user-provided value](2)."
BenchmarkTest00987,java/xss,src/main/java/org/owasp/benchmark/testcode/BenchmarkTest00987.java,108,"Cross-site scripting vulnerability due to a [user-provided value](1).
Cross-site scripting vulnerability due to a [user-provided value](2)."
BenchmarkTest00976,java/xss,src/main/java/org/owasp/benchmark/testcode/BenchmarkTest00976.java,106,"Cross-site scripting vulnerability due to a [user-provided value](1).
Cross-site scripting vulnerability due to a [user-provided value](2)."
BenchmarkTest00992,java/xss,src/main/java/org/owasp/benchmark/testcode/BenchmarkTest00992.java,72,Cross-site scripting vulnerability due to a [user-provided value](1).
BenchmarkTest00993,java/xss,src/main/java/org/owasp/benchmark/testcode/BenchmarkTest00993.java,72,Cross-site scripting vulnerability due to a [user-provided value](1).
BenchmarkTest00995,java/xss,src/main/java/org/owasp/benchmark/testcode/BenchmarkTest00995.java,72,Cross-site scripting vulnerability due to a [user-provided value](1).
BenchmarkTest00989,java/xss,src/main/java/org/owasp/benchmark/testcode/BenchmarkTest00989.java,107,"Cross-site scripting vulnerability due to a [user-provided value](1).
Cross-site scripting vulnerability due to a [user-provided value](2)."
BenchmarkTest00990,java/xss,src/main/java/org/owasp/benchmark/testcode/BenchmarkTest00990.java,107,"Cross-site scripting vulnerability due to a [user-provided value](1).
Cross-site scripting vulnerability due to a [user-provided value](2)."
BenchmarkTest00988,java/xss,src/main/java/org/owasp/benchmark/testcode/BenchmarkTest00988.java,108,"Cross-site scripting vulnerability due to a [user-provided value](1).
Cross-site scripting vulnerability due to a [user-provided value](2)."
BenchmarkTest01008,java/xss,src/main/java/org/owasp/benchmark/testcode/BenchmarkTest01008.java,88,Cross-site scripting vulnerability due to a [user-provided value](1).
BenchmarkTest01007,java/xss,src/main/java/org/owasp/benchmark/testcode/BenchmarkTest01007.java,81,Cross-site scripting vulnerability due to a [user-provided value](1).
BenchmarkTest01005,java/xss,src/main/java/org/owasp/benchmark/testcode/BenchmarkTest01005.java,73,Cross-site scripting vulnerability due to a [user-provided value](1).
BenchmarkTest01009,java/xss,src/main/java/org/owasp/benchmark/testcode/BenchmarkTest01009.java,88,Cross-site scripting vulnerability due to a [user-provided value](1).
BenchmarkTest01010,java/xss,src/main/java/org/owasp/benchmark/testcode/BenchmarkTest01010.java,73,Cross-site scripting vulnerability due to a [user-provided value](1).
BenchmarkTest01006,java/xss,src/main/java/org/owasp/benchmark/testcode/BenchmarkTest01006.java,78,Cross-site scripting vulnerability due to a [user-provided value](1).
BenchmarkTest01015,java/xss,src/main/java/org/owasp/benchmark/testcode/BenchmarkTest01015.java,104,Cross-site scripting vulnerability due to a [user-provided value](1).
BenchmarkTest01016,java/xss,src/main/java/org/owasp/benchmark/testcode/BenchmarkTest01016.java,102,Cross-site scripting vulnerability due to a [user-provided value](1).
BenchmarkTest01014,java/xss,src/main/java/org/owasp/benchmark/testcode/BenchmarkTest01014.java,91,Cross-site scripting vulnerability due to a [user-provided value](1).
BenchmarkTest01019,java/xss,src/main/java/org/owasp/benchmark/testcode/BenchmarkTest01019.java,95,Cross-site scripting vulnerability due to a [user-provided value](1).
BenchmarkTest01023,java/xss,src/main/java/org/owasp/benchmark/testcode/BenchmarkTest01023.java,90,Cross-site scripting vulnerability due to a [user-provided value](1).
BenchmarkTest01020,java/xss,src/main/java/org/owasp/benchmark/testcode/BenchmarkTest01020.java,94,Cross-site scripting vulnerability due to a [user-provided value](1).
BenchmarkTest01021,java/xss,src/main/java/org/owasp/benchmark/testcode/BenchmarkTest01021.java,104,Cross-site scripting vulnerability due to a [user-provided value](1).
BenchmarkTest01025,java/xss,src/main/java/org/owasp/benchmark/testcode/BenchmarkTest01025.java,57,Cross-site scripting vulnerability due to a [user-provided value](1).
BenchmarkTest01032,java/xss,src/main/java/org/owasp/benchmark/testcode/BenchmarkTest01032.java,62,Cross-site scripting vulnerability due to a [user-provided value](1).
BenchmarkTest01028,java/xss,src/main/java/org/owasp/benchmark/testcode/BenchmarkTest01028.java,73,Cross-site scripting vulnerability due to a [user-provided value](1).
BenchmarkTest01031,java/xss,src/main/java/org/owasp/benchmark/testcode/BenchmarkTest01031.java,63,Cross-site scripting vulnerability due to a [user-provided value](1).
BenchmarkTest01033,java/xss,src/main/java/org/owasp/benchmark/testcode/BenchmarkTest01033.java,62,Cross-site scripting vulnerability due to a [user-provided value](1).
BenchmarkTest01034,java/xss,src/main/java/org/owasp/benchmark/testcode/BenchmarkTest01034.java,62,Cross-site scripting vulnerability due to a [user-provided value](1).
BenchmarkTest01037,java/xss,src/main/java/org/owasp/benchmark/testcode/BenchmarkTest01037.java,86,Cross-site scripting vulnerability due to a [user-provided value](1).
BenchmarkTest01038,java/xss,src/main/java/org/owasp/benchmark/testcode/BenchmarkTest01038.java,85,Cross-site scripting vulnerability due to a [user-provided value](1).
BenchmarkTest01036,java/xss,src/main/java/org/owasp/benchmark/testcode/BenchmarkTest01036.java,63,Cross-site scripting vulnerability due to a [user-provided value](1).
BenchmarkTest01040,java/xss,src/main/java/org/owasp/benchmark/testcode/BenchmarkTest01040.java,85,Cross-site scripting vulnerability due to a [user-provided value](1).
BenchmarkTest01046,java/xss,src/main/java/org/owasp/benchmark/testcode/BenchmarkTest01046.java,57,Cross-site scripting vulnerability due to a [user-provided value](1).
BenchmarkTest01047,java/xss,src/main/java/org/owasp/benchmark/testcode/BenchmarkTest01047.java,57,Cross-site scripting vulnerability due to a [user-provided value](1).
BenchmarkTest01041,java/xss,src/main/java/org/owasp/benchmark/testcode/BenchmarkTest01041.java,89,Cross-site scripting vulnerability due to a [user-provided value](1).
BenchmarkTest01050,java/xss,src/main/java/org/owasp/benchmark/testcode/BenchmarkTest01050.java,54,Cross-site scripting vulnerability due to a [user-provided value](1).
BenchmarkTest01045,java/xss,src/main/java/org/owasp/benchmark/testcode/BenchmarkTest01045.java,89,Cross-site scripting vulnerability due to a [user-provided value](1).
BenchmarkTest01043,java/xss,src/main/java/org/owasp/benchmark/testcode/BenchmarkTest01043.java,89,Cross-site scripting vulnerability due to a [user-provided value](1).
BenchmarkTest01052,java/xss,src/main/java/org/owasp/benchmark/testcode/BenchmarkTest01052.java,55,Cross-site scripting vulnerability due to a [user-provided value](1).
BenchmarkTest01049,java/xss,src/main/java/org/owasp/benchmark/testcode/BenchmarkTest01049.java,55,Cross-site scripting vulnerability due to a [user-provided value](1).
BenchmarkTest01042,java/xss,src/main/java/org/owasp/benchmark/testcode/BenchmarkTest01042.java,89,Cross-site scripting vulnerability due to a [user-provided value](1).
BenchmarkTest01056,java/xss,src/main/java/org/owasp/benchmark/testcode/BenchmarkTest01056.java,57,Cross-site scripting vulnerability due to a [user-provided value](1).
BenchmarkTest01055,java/xss,src/main/java/org/owasp/benchmark/testcode/BenchmarkTest01055.java,54,Cross-site scripting vulnerability due to a [user-provided value](1).
BenchmarkTest01044,java/xss,src/main/java/org/owasp/benchmark/testcode/BenchmarkTest01044.java,89,Cross-site scripting vulnerability due to a [user-provided value](1).
BenchmarkTest01057,java/xss,src/main/java/org/owasp/benchmark/testcode/BenchmarkTest01057.java,54,Cross-site scripting vulnerability due to a [user-provided value](1).
BenchmarkTest01063,java/xss,src/main/java/org/owasp/benchmark/testcode/BenchmarkTest01063.java,54,Cross-site scripting vulnerability due to a [user-provided value](1).
BenchmarkTest01061,java/xss,src/main/java/org/owasp/benchmark/testcode/BenchmarkTest01061.java,78,Cross-site scripting vulnerability due to a [user-provided value](1).
BenchmarkTest01062,java/xss,src/main/java/org/owasp/benchmark/testcode/BenchmarkTest01062.java,78,Cross-site scripting vulnerability due to a [user-provided value](1).
BenchmarkTest01058,java/xss,src/main/java/org/owasp/benchmark/testcode/BenchmarkTest01058.java,93,"Cross-site scripting vulnerability due to a [user-provided value](1).
Cross-site scripting vulnerability due to a [user-provided value](2)."
BenchmarkTest01059,java/xss,src/main/java/org/owasp/benchmark/testcode/BenchmarkTest01059.java,92,"Cross-site scripting vulnerability due to a [user-provided value](1).
Cross-site scripting vulnerability due to a [user-provided value](2)."
BenchmarkTest01060,java/xss,src/main/java/org/owasp/benchmark/testcode/BenchmarkTest01060.java,92,"Cross-site scripting vulnerability due to a [user-provided value](1).
Cross-site scripting vulnerability due to a [user-provided value](2)."
BenchmarkTest01069,java/xss,src/main/java/org/owasp/benchmark/testcode/BenchmarkTest01069.java,100,"Cross-site scripting vulnerability due to a [user-provided value](1).
Cross-site scripting vulnerability due to a [user-provided value](2)."
BenchmarkTest01070,java/xss,src/main/java/org/owasp/benchmark/testcode/BenchmarkTest01070.java,99,"Cross-site scripting vulnerability due to a [user-provided value](1).
Cross-site scripting vulnerability due to a [user-provided value](2)."
BenchmarkTest01071,java/xss,src/main/java/org/owasp/benchmark/testcode/BenchmarkTest01071.java,99,"Cross-site scripting vulnerability due to a [user-provided value](1).
Cross-site scripting vulnerability due to a [user-provided value](2)."
BenchmarkTest01075,java/xss,src/main/java/org/owasp/benchmark/testcode/BenchmarkTest01075.java,94,"Cross-site scripting vulnerability due to a [user-provided value](1).
Cross-site scripting vulnerability due to a [user-provided value](2)."
BenchmarkTest01073,java/xss,src/main/java/org/owasp/benchmark/testcode/BenchmarkTest01073.java,100,"Cross-site scripting vulnerability due to a [user-provided value](1).
Cross-site scripting vulnerability due to a [user-provided value](2)."
BenchmarkTest01081,java/xss,src/main/java/org/owasp/benchmark/testcode/BenchmarkTest01081.java,58,Cross-site scripting vulnerability due to a [user-provided value](1).
BenchmarkTest01074,java/xss,src/main/java/org/owasp/benchmark/testcode/BenchmarkTest01074.java,94,"Cross-site scripting vulnerability due to a [user-provided value](1).
Cross-site scripting vulnerability due to a [user-provided value](2)."
BenchmarkTest01072,java/xss,src/main/java/org/owasp/benchmark/testcode/BenchmarkTest01072.java,96,"Cross-site scripting vulnerability due to a [user-provided value](1).
Cross-site scripting vulnerability due to a [user-provided value](2)."
BenchmarkTest01080,java/xss,src/main/java/org/owasp/benchmark/testcode/BenchmarkTest01080.java,58,Cross-site scripting vulnerability due to a [user-provided value](1).
BenchmarkTest01082,java/xss,src/main/java/org/owasp/benchmark/testcode/BenchmarkTest01082.java,58,Cross-site scripting vulnerability due to a [user-provided value](1).
BenchmarkTest01076,java/xss,src/main/java/org/owasp/benchmark/testcode/BenchmarkTest01076.java,94,"Cross-site scripting vulnerability due to a [user-provided value](1).
Cross-site scripting vulnerability due to a [user-provided value](2)."
BenchmarkTest01078,java/xss,src/main/java/org/owasp/benchmark/testcode/BenchmarkTest01078.java,93,"Cross-site scripting vulnerability due to a [user-provided value](1).
Cross-site scripting vulnerability due to a [user-provided value](2)."
BenchmarkTest01077,java/xss,src/main/java/org/owasp/benchmark/testcode/BenchmarkTest01077.java,93,"Cross-site scripting vulnerability due to a [user-provided value](1).
Cross-site scripting vulnerability due to a [user-provided value](2)."
BenchmarkTest01085,java/xss,src/main/java/org/owasp/benchmark/testcode/BenchmarkTest01085.java,59,Cross-site scripting vulnerability due to a [user-provided value](1).
BenchmarkTest01087,java/xss,src/main/java/org/owasp/benchmark/testcode/BenchmarkTest01087.java,65,Cross-site scripting vulnerability due to a [user-provided value](1).
BenchmarkTest01088,java/xss,src/main/java/org/owasp/benchmark/testcode/BenchmarkTest01088.java,64,Cross-site scripting vulnerability due to a [user-provided value](1).
BenchmarkTest01089,java/xss,src/main/java/org/owasp/benchmark/testcode/BenchmarkTest01089.java,68,Cross-site scripting vulnerability due to a [user-provided value](1).
BenchmarkTest01079,java/xss,src/main/java/org/owasp/benchmark/testcode/BenchmarkTest01079.java,93,"Cross-site scripting vulnerability due to a [user-provided value](1).
Cross-site scripting vulnerability due to a [user-provided value](2)."
BenchmarkTest01100,java/xss,src/main/java/org/owasp/benchmark/testcode/BenchmarkTest01100.java,98,Cross-site scripting vulnerability due to a [user-provided value](1).
BenchmarkTest01099,java/xss,src/main/java/org/owasp/benchmark/testcode/BenchmarkTest01099.java,114,Cross-site scripting vulnerability due to a [user-provided value](1).
BenchmarkTest01101,java/xss,src/main/java/org/owasp/benchmark/testcode/BenchmarkTest01101.java,98,Cross-site scripting vulnerability due to a [user-provided value](1).
BenchmarkTest01102,java/xss,src/main/java/org/owasp/benchmark/testcode/BenchmarkTest01102.java,112,Cross-site scripting vulnerability due to a [user-provided value](1).
BenchmarkTest01103,java/xss,src/main/java/org/owasp/benchmark/testcode/BenchmarkTest01103.java,112,Cross-site scripting vulnerability due to a [user-provided value](1).
BenchmarkTest01104,java/xss,src/main/java/org/owasp/benchmark/testcode/BenchmarkTest01104.java,105,Cross-site scripting vulnerability due to a [user-provided value](1).
BenchmarkTest01111,java/xss,src/main/java/org/owasp/benchmark/testcode/BenchmarkTest01111.java,73,Cross-site scripting vulnerability due to a [user-provided value](1).
BenchmarkTest01110,java/xss,src/main/java/org/owasp/benchmark/testcode/BenchmarkTest01110.java,83,Cross-site scripting vulnerability due to a [user-provided value](1).
BenchmarkTest01112,java/xss,src/main/java/org/owasp/benchmark/testcode/BenchmarkTest01112.java,73,Cross-site scripting vulnerability due to a [user-provided value](1).
BenchmarkTest01106,java/xss,src/main/java/org/owasp/benchmark/testcode/BenchmarkTest01106.java,104,Cross-site scripting vulnerability due to a [user-provided value](1).
BenchmarkTest01105,java/xss,src/main/java/org/owasp/benchmark/testcode/BenchmarkTest01105.java,104,Cross-site scripting vulnerability due to a [user-provided value](1).
BenchmarkTest01108,java/xss,src/main/java/org/owasp/benchmark/testcode/BenchmarkTest01108.java,114,Cross-site scripting vulnerability due to a [user-provided value](1).
BenchmarkTest01113,java/xss,src/main/java/org/owasp/benchmark/testcode/BenchmarkTest01113.java,72,Cross-site scripting vulnerability due to a [user-provided value](1).
BenchmarkTest01116,java/xss,src/main/java/org/owasp/benchmark/testcode/BenchmarkTest01116.java,78,Cross-site scripting vulnerability due to a [user-provided value](1).
BenchmarkTest01118,java/xss,src/main/java/org/owasp/benchmark/testcode/BenchmarkTest01118.java,73,Cross-site scripting vulnerability due to a [user-provided value](1).
BenchmarkTest01117,java/xss,src/main/java/org/owasp/benchmark/testcode/BenchmarkTest01117.java,78,Cross-site scripting vulnerability due to a [user-provided value](1).
BenchmarkTest01120,java/xss,src/main/java/org/owasp/benchmark/testcode/BenchmarkTest01120.java,103,Cross-site scripting vulnerability due to a [user-provided value](1).
BenchmarkTest01121,java/xss,src/main/java/org/owasp/benchmark/testcode/BenchmarkTest01121.java,103,Cross-site scripting vulnerability due to a [user-provided value](1).
BenchmarkTest01122,java/xss,src/main/java/org/owasp/benchmark/testcode/BenchmarkTest01122.java,103,Cross-site scripting vulnerability due to a [user-provided value](1).
BenchmarkTest01119,java/xss,src/main/java/org/owasp/benchmark/testcode/BenchmarkTest01119.java,103,"Cross-site scripting vulnerability due to a [user-provided value](1).
Cross-site scripting vulnerability due to a [user-provided value](2)."
BenchmarkTest01123,java/xss,src/main/java/org/owasp/benchmark/testcode/BenchmarkTest01123.java,95,Cross-site scripting vulnerability due to a [user-provided value](1).
BenchmarkTest01125,java/xss,src/main/java/org/owasp/benchmark/testcode/BenchmarkTest01125.java,99,Cross-site scripting vulnerability due to a [user-provided value](1).
BenchmarkTest01124,java/xss,src/main/java/org/owasp/benchmark/testcode/BenchmarkTest01124.java,99,Cross-site scripting vulnerability due to a [user-provided value](1).
BenchmarkTest01134,java/xss,src/main/java/org/owasp/benchmark/testcode/BenchmarkTest01134.java,88,Cross-site scripting vulnerability due to a [user-provided value](1).
BenchmarkTest01130,java/xss,src/main/java/org/owasp/benchmark/testcode/BenchmarkTest01130.java,101,"Cross-site scripting vulnerability due to a [user-provided value](1).
Cross-site scripting vulnerability due to a [user-provided value](2)."
BenchmarkTest01128,java/xss,src/main/java/org/owasp/benchmark/testcode/BenchmarkTest01128.java,101,"Cross-site scripting vulnerability due to a [user-provided value](1).
Cross-site scripting vulnerability due to a [user-provided value](2)."
BenchmarkTest01129,java/xss,src/main/java/org/owasp/benchmark/testcode/BenchmarkTest01129.java,101,"Cross-site scripting vulnerability due to a [user-provided value](1).
Cross-site scripting vulnerability due to a [user-provided value](2)."
BenchmarkTest01127,java/xss,src/main/java/org/owasp/benchmark/testcode/BenchmarkTest01127.java,102,"Cross-site scripting vulnerability due to a [user-provided value](1).
Cross-site scripting vulnerability due to a [user-provided value](2)."
BenchmarkTest01131,java/xss,src/main/java/org/owasp/benchmark/testcode/BenchmarkTest01131.java,101,"Cross-site scripting vulnerability due to a [user-provided value](1).
Cross-site scripting vulnerability due to a [user-provided value](2)."
BenchmarkTest01133,java/xss,src/main/java/org/owasp/benchmark/testcode/BenchmarkTest01133.java,102,"Cross-site scripting vulnerability due to a [user-provided value](1).
Cross-site scripting vulnerability due to a [user-provided value](2)."
BenchmarkTest01132,java/xss,src/main/java/org/owasp/benchmark/testcode/BenchmarkTest01132.java,101,"Cross-site scripting vulnerability due to a [user-provided value](1).
Cross-site scripting vulnerability due to a [user-provided value](2)."
BenchmarkTest01141,java/xss,src/main/java/org/owasp/benchmark/testcode/BenchmarkTest01141.java,103,"Cross-site scripting vulnerability due to a [user-provided value](1).
Cross-site scripting vulnerability due to a [user-provided value](2)."
BenchmarkTest01135,java/xss,src/main/java/org/owasp/benchmark/testcode/BenchmarkTest01135.java,109,"Cross-site scripting vulnerability due to a [user-provided value](1).
Cross-site scripting vulnerability due to a [user-provided value](2)."
BenchmarkTest01136,java/xss,src/main/java/org/owasp/benchmark/testcode/BenchmarkTest01136.java,110,"Cross-site scripting vulnerability due to a [user-provided value](1).
Cross-site scripting vulnerability due to a [user-provided value](2)."
BenchmarkTest01138,java/xss,src/main/java/org/owasp/benchmark/testcode/BenchmarkTest01138.java,104,"Cross-site scripting vulnerability due to a [user-provided value](1).
Cross-site scripting vulnerability due to a [user-provided value](2)."
BenchmarkTest01137,java/xss,src/main/java/org/owasp/benchmark/testcode/BenchmarkTest01137.java,106,"Cross-site scripting vulnerability due to a [user-provided value](1).
Cross-site scripting vulnerability due to a [user-provided value](2)."
BenchmarkTest01147,java/xss,src/main/java/org/owasp/benchmark/testcode/BenchmarkTest01147.java,108,Cross-site scripting vulnerability due to a [user-provided value](1).
BenchmarkTest01143,java/xss,src/main/java/org/owasp/benchmark/testcode/BenchmarkTest01143.java,68,Cross-site scripting vulnerability due to a [user-provided value](1).
BenchmarkTest01139,java/xss,src/main/java/org/owasp/benchmark/testcode/BenchmarkTest01139.java,104,"Cross-site scripting vulnerability due to a [user-provided value](1).
Cross-site scripting vulnerability due to a [user-provided value](2)."
BenchmarkTest01146,java/xss,src/main/java/org/owasp/benchmark/testcode/BenchmarkTest01146.java,68,Cross-site scripting vulnerability due to a [user-provided value](1).
BenchmarkTest01144,java/xss,src/main/java/org/owasp/benchmark/testcode/BenchmarkTest01144.java,68,Cross-site scripting vulnerability due to a [user-provided value](1).
BenchmarkTest01150,java/xss,src/main/java/org/owasp/benchmark/testcode/BenchmarkTest01150.java,104,Cross-site scripting vulnerability due to a [user-provided value](1).
BenchmarkTest01149,java/xss,src/main/java/org/owasp/benchmark/testcode/BenchmarkTest01149.java,104,Cross-site scripting vulnerability due to a [user-provided value](1).
BenchmarkTest01152,java/xss,src/main/java/org/owasp/benchmark/testcode/BenchmarkTest01152.java,97,Cross-site scripting vulnerability due to a [user-provided value](1).
BenchmarkTest01140,java/xss,src/main/java/org/owasp/benchmark/testcode/BenchmarkTest01140.java,103,"Cross-site scripting vulnerability due to a [user-provided value](1).
Cross-site scripting vulnerability due to a [user-provided value](2)."
BenchmarkTest01151,java/xss,src/main/java/org/owasp/benchmark/testcode/BenchmarkTest01151.java,97,Cross-site scripting vulnerability due to a [user-provided value](1).
BenchmarkTest01155,java/xss,src/main/java/org/owasp/benchmark/testcode/BenchmarkTest01155.java,58,Cross-site scripting vulnerability due to a [user-provided value](1).
BenchmarkTest01154,java/xss,src/main/java/org/owasp/benchmark/testcode/BenchmarkTest01154.java,92,Cross-site scripting vulnerability due to a [user-provided value](1).
BenchmarkTest01157,java/xss,src/main/java/org/owasp/benchmark/testcode/BenchmarkTest01157.java,75,Cross-site scripting vulnerability due to a [user-provided value](1).
BenchmarkTest01156,java/xss,src/main/java/org/owasp/benchmark/testcode/BenchmarkTest01156.java,75,Cross-site scripting vulnerability due to a [user-provided value](1).
BenchmarkTest01158,java/xss,src/main/java/org/owasp/benchmark/testcode/BenchmarkTest01158.java,65,Cross-site scripting vulnerability due to a [user-provided value](1).
BenchmarkTest01161,java/xss,src/main/java/org/owasp/benchmark/testcode/BenchmarkTest01161.java,64,Cross-site scripting vulnerability due to a [user-provided value](1).
BenchmarkTest01164,java/xss,src/main/java/org/owasp/benchmark/testcode/BenchmarkTest01164.java,95,Cross-site scripting vulnerability due to a [user-provided value](1).
BenchmarkTest01162,java/xss,src/main/java/org/owasp/benchmark/testcode/BenchmarkTest01162.java,95,"Cross-site scripting vulnerability due to a [user-provided value](1).
Cross-site scripting vulnerability due to a [user-provided value](2)."
BenchmarkTest01166,java/xss,src/main/java/org/owasp/benchmark/testcode/BenchmarkTest01166.java,87,Cross-site scripting vulnerability due to a [user-provided value](1).
BenchmarkTest01167,java/xss,src/main/java/org/owasp/benchmark/testcode/BenchmarkTest01167.java,87,Cross-site scripting vulnerability due to a [user-provided value](1).
BenchmarkTest01163,java/xss,src/main/java/org/owasp/benchmark/testcode/BenchmarkTest01163.java,95,"Cross-site scripting vulnerability due to a [user-provided value](1).
Cross-site scripting vulnerability due to a [user-provided value](2)."
BenchmarkTest01172,java/xss,src/main/java/org/owasp/benchmark/testcode/BenchmarkTest01172.java,57,Cross-site scripting vulnerability due to a [user-provided value](1).
BenchmarkTest01171,java/xss,src/main/java/org/owasp/benchmark/testcode/BenchmarkTest01171.java,57,Cross-site scripting vulnerability due to a [user-provided value](1).
BenchmarkTest01175,java/xss,src/main/java/org/owasp/benchmark/testcode/BenchmarkTest01175.java,57,Cross-site scripting vulnerability due to a [user-provided value](1).
BenchmarkTest01173,java/xss,src/main/java/org/owasp/benchmark/testcode/BenchmarkTest01173.java,56,Cross-site scripting vulnerability due to a [user-provided value](1).
BenchmarkTest01179,java/xss,src/main/java/org/owasp/benchmark/testcode/BenchmarkTest01179.java,56,Cross-site scripting vulnerability due to a [user-provided value](1).
BenchmarkTest01169,java/xss,src/main/java/org/owasp/benchmark/testcode/BenchmarkTest01169.java,91,Cross-site scripting vulnerability due to a [user-provided value](1).
BenchmarkTest01174,java/xss,src/main/java/org/owasp/benchmark/testcode/BenchmarkTest01174.java,56,Cross-site scripting vulnerability due to a [user-provided value](1).
BenchmarkTest01177,java/xss,src/main/java/org/owasp/benchmark/testcode/BenchmarkTest01177.java,57,Cross-site scripting vulnerability due to a [user-provided value](1).
BenchmarkTest01180,java/xss,src/main/java/org/owasp/benchmark/testcode/BenchmarkTest01180.java,56,Cross-site scripting vulnerability due to a [user-provided value](1).
BenchmarkTest01176,java/xss,src/main/java/org/owasp/benchmark/testcode/BenchmarkTest01176.java,57,Cross-site scripting vulnerability due to a [user-provided value](1).
BenchmarkTest01181,java/xss,src/main/java/org/owasp/benchmark/testcode/BenchmarkTest01181.java,56,Cross-site scripting vulnerability due to a [user-provided value](1).
BenchmarkTest01178,java/xss,src/main/java/org/owasp/benchmark/testcode/BenchmarkTest01178.java,56,Cross-site scripting vulnerability due to a [user-provided value](1).
BenchmarkTest01185,java/xss,src/main/java/org/owasp/benchmark/testcode/BenchmarkTest01185.java,80,Cross-site scripting vulnerability due to a [user-provided value](1).
BenchmarkTest01186,java/xss,src/main/java/org/owasp/benchmark/testcode/BenchmarkTest01186.java,80,Cross-site scripting vulnerability due to a [user-provided value](1).
BenchmarkTest01168,java/xss,src/main/java/org/owasp/benchmark/testcode/BenchmarkTest01168.java,91,Cross-site scripting vulnerability due to a [user-provided value](1).
BenchmarkTest01187,java/xss,src/main/java/org/owasp/benchmark/testcode/BenchmarkTest01187.java,80,Cross-site scripting vulnerability due to a [user-provided value](1).
BenchmarkTest01188,java/xss,src/main/java/org/owasp/benchmark/testcode/BenchmarkTest01188.java,56,Cross-site scripting vulnerability due to a [user-provided value](1).
BenchmarkTest01183,java/xss,src/main/java/org/owasp/benchmark/testcode/BenchmarkTest01183.java,94,"Cross-site scripting vulnerability due to a [user-provided value](1).
Cross-site scripting vulnerability due to a [user-provided value](2)."
BenchmarkTest01184,java/xss,src/main/java/org/owasp/benchmark/testcode/BenchmarkTest01184.java,93,"Cross-site scripting vulnerability due to a [user-provided value](1).
Cross-site scripting vulnerability due to a [user-provided value](2)."
BenchmarkTest01203,java/xss,src/main/java/org/owasp/benchmark/testcode/BenchmarkTest01203.java,60,Cross-site scripting vulnerability due to a [user-provided value](1).
BenchmarkTest01204,java/xss,src/main/java/org/owasp/benchmark/testcode/BenchmarkTest01204.java,60,Cross-site scripting vulnerability due to a [user-provided value](1).
BenchmarkTest01195,java/xss,src/main/java/org/owasp/benchmark/testcode/BenchmarkTest01195.java,98,"Cross-site scripting vulnerability due to a [user-provided value](1).
Cross-site scripting vulnerability due to a [user-provided value](2)."
BenchmarkTest01197,java/xss,src/main/java/org/owasp/benchmark/testcode/BenchmarkTest01197.java,102,"Cross-site scripting vulnerability due to a [user-provided value](1).
Cross-site scripting vulnerability due to a [user-provided value](2)."
BenchmarkTest01198,java/xss,src/main/java/org/owasp/benchmark/testcode/BenchmarkTest01198.java,98,"Cross-site scripting vulnerability due to a [user-provided value](1).
Cross-site scripting vulnerability due to a [user-provided value](2)."
BenchmarkTest01206,java/xss,src/main/java/org/owasp/benchmark/testcode/BenchmarkTest01206.java,60,Cross-site scripting vulnerability due to a [user-provided value](1).
BenchmarkTest01200,java/xss,src/main/java/org/owasp/benchmark/testcode/BenchmarkTest01200.java,96,"Cross-site scripting vulnerability due to a [user-provided value](1).
Cross-site scripting vulnerability due to a [user-provided value](2)."
BenchmarkTest01199,java/xss,src/main/java/org/owasp/benchmark/testcode/BenchmarkTest01199.java,96,"Cross-site scripting vulnerability due to a [user-provided value](1).
Cross-site scripting vulnerability due to a [user-provided value](2)."
BenchmarkTest01196,java/xss,src/main/java/org/owasp/benchmark/testcode/BenchmarkTest01196.java,98,"Cross-site scripting vulnerability due to a [user-provided value](1).
Cross-site scripting vulnerability due to a [user-provided value](2)."
BenchmarkTest01201,java/xss,src/main/java/org/owasp/benchmark/testcode/BenchmarkTest01201.java,96,"Cross-site scripting vulnerability due to a [user-provided value](1).
Cross-site scripting vulnerability due to a [user-provided value](2)."
BenchmarkTest01207,java/xss,src/main/java/org/owasp/benchmark/testcode/BenchmarkTest01207.java,60,Cross-site scripting vulnerability due to a [user-provided value](1).
BenchmarkTest01214,java/xss,src/main/java/org/owasp/benchmark/testcode/BenchmarkTest01214.java,61,Cross-site scripting vulnerability due to a [user-provided value](1).
BenchmarkTest01202,java/xss,src/main/java/org/owasp/benchmark/testcode/BenchmarkTest01202.java,96,"Cross-site scripting vulnerability due to a [user-provided value](1).
Cross-site scripting vulnerability due to a [user-provided value](2)."
BenchmarkTest01215,java/xss,src/main/java/org/owasp/benchmark/testcode/BenchmarkTest01215.java,66,Cross-site scripting vulnerability due to a [user-provided value](1).
BenchmarkTest01226,java/xss,src/main/java/org/owasp/benchmark/testcode/BenchmarkTest01226.java,101,Cross-site scripting vulnerability due to a [user-provided value](1).
BenchmarkTest01224,java/xss,src/main/java/org/owasp/benchmark/testcode/BenchmarkTest01224.java,79,Cross-site scripting vulnerability due to a [user-provided value](1).
BenchmarkTest01223,java/xss,src/main/java/org/owasp/benchmark/testcode/BenchmarkTest01223.java,86,Cross-site scripting vulnerability due to a [user-provided value](1).
BenchmarkTest01231,java/xss,src/main/java/org/owasp/benchmark/testcode/BenchmarkTest01231.java,53,Cross-site scripting vulnerability due to a [user-provided value](1).
BenchmarkTest01229,java/xss,src/main/java/org/owasp/benchmark/testcode/BenchmarkTest01229.java,97,Cross-site scripting vulnerability due to a [user-provided value](1).
BenchmarkTest01227,java/xss,src/main/java/org/owasp/benchmark/testcode/BenchmarkTest01227.java,101,Cross-site scripting vulnerability due to a [user-provided value](1).
BenchmarkTest01232,java/xss,src/main/java/org/owasp/benchmark/testcode/BenchmarkTest01232.java,53,Cross-site scripting vulnerability due to a [user-provided value](1).
BenchmarkTest01228,java/xss,src/main/java/org/owasp/benchmark/testcode/BenchmarkTest01228.java,97,Cross-site scripting vulnerability due to a [user-provided value](1).
BenchmarkTest01238,java/xss,src/main/java/org/owasp/benchmark/testcode/BenchmarkTest01238.java,57,Cross-site scripting vulnerability due to a [user-provided value](1).
BenchmarkTest01234,java/xss,src/main/java/org/owasp/benchmark/testcode/BenchmarkTest01234.java,52,Cross-site scripting vulnerability due to a [user-provided value](1).
BenchmarkTest01233,java/xss,src/main/java/org/owasp/benchmark/testcode/BenchmarkTest01233.java,53,Cross-site scripting vulnerability due to a [user-provided value](1).
BenchmarkTest01239,java/xss,src/main/java/org/owasp/benchmark/testcode/BenchmarkTest01239.java,63,Cross-site scripting vulnerability due to a [user-provided value](1).
BenchmarkTest01236,java/xss,src/main/java/org/owasp/benchmark/testcode/BenchmarkTest01236.java,68,Cross-site scripting vulnerability due to a [user-provided value](1).
BenchmarkTest01235,java/xss,src/main/java/org/owasp/benchmark/testcode/BenchmarkTest01235.java,68,Cross-site scripting vulnerability due to a [user-provided value](1).
BenchmarkTest01240,java/xss,src/main/java/org/owasp/benchmark/testcode/BenchmarkTest01240.java,57,Cross-site scripting vulnerability due to a [user-provided value](1).
BenchmarkTest01241,java/xss,src/main/java/org/owasp/benchmark/testcode/BenchmarkTest01241.java,87,Cross-site scripting vulnerability due to a [user-provided value](1).
BenchmarkTest01242,java/xss,src/main/java/org/owasp/benchmark/testcode/BenchmarkTest01242.java,87,Cross-site scripting vulnerability due to a [user-provided value](1).
BenchmarkTest01243,java/xss,src/main/java/org/owasp/benchmark/testcode/BenchmarkTest01243.java,87,Cross-site scripting vulnerability due to a [user-provided value](1).
BenchmarkTest01230,java/xss,src/main/java/org/owasp/benchmark/testcode/BenchmarkTest01230.java,89,Cross-site scripting vulnerability due to a [user-provided value](1).
BenchmarkTest01247,java/xss,src/main/java/org/owasp/benchmark/testcode/BenchmarkTest01247.java,80,Cross-site scripting vulnerability due to a [user-provided value](1).
BenchmarkTest01245,java/xss,src/main/java/org/owasp/benchmark/testcode/BenchmarkTest01245.java,88,Cross-site scripting vulnerability due to a [user-provided value](1).
BenchmarkTest01246,java/xss,src/main/java/org/owasp/benchmark/testcode/BenchmarkTest01246.java,80,Cross-site scripting vulnerability due to a [user-provided value](1).
BenchmarkTest01251,java/xss,src/main/java/org/owasp/benchmark/testcode/BenchmarkTest01251.java,52,Cross-site scripting vulnerability due to a [user-provided value](1).
BenchmarkTest01252,java/xss,src/main/java/org/owasp/benchmark/testcode/BenchmarkTest01252.java,50,Cross-site scripting vulnerability due to a [user-provided value](1).
BenchmarkTest01253,java/xss,src/main/java/org/owasp/benchmark/testcode/BenchmarkTest01253.java,50,Cross-site scripting vulnerability due to a [user-provided value](1).
BenchmarkTest01255,java/xss,src/main/java/org/owasp/benchmark/testcode/BenchmarkTest01255.java,49,Cross-site scripting vulnerability due to a [user-provided value](1).
BenchmarkTest01256,java/xss,src/main/java/org/owasp/benchmark/testcode/BenchmarkTest01256.java,49,Cross-site scripting vulnerability due to a [user-provided value](1).
BenchmarkTest01254,java/xss,src/main/java/org/owasp/benchmark/testcode/BenchmarkTest01254.java,49,Cross-site scripting vulnerability due to a [user-provided value](1).
BenchmarkTest01257,java/xss,src/main/java/org/owasp/benchmark/testcode/BenchmarkTest01257.java,49,Cross-site scripting vulnerability due to a [user-provided value](1).
BenchmarkTest01259,java/xss,src/main/java/org/owasp/benchmark/testcode/BenchmarkTest01259.java,50,Cross-site scripting vulnerability due to a [user-provided value](1).
BenchmarkTest01260,java/xss,src/main/java/org/owasp/benchmark/testcode/BenchmarkTest01260.java,50,Cross-site scripting vulnerability due to a [user-provided value](1).
BenchmarkTest01258,java/xss,src/main/java/org/owasp/benchmark/testcode/BenchmarkTest01258.java,50,Cross-site scripting vulnerability due to a [user-provided value](1).
BenchmarkTest01261,java/xss,src/main/java/org/owasp/benchmark/testcode/BenchmarkTest01261.java,49,Cross-site scripting vulnerability due to a [user-provided value](1).
BenchmarkTest01262,java/xss,src/main/java/org/owasp/benchmark/testcode/BenchmarkTest01262.java,49,Cross-site scripting vulnerability due to a [user-provided value](1).
BenchmarkTest01249,java/xss,src/main/java/org/owasp/benchmark/testcode/BenchmarkTest01249.java,84,Cross-site scripting vulnerability due to a [user-provided value](1).
BenchmarkTest01248,java/xss,src/main/java/org/owasp/benchmark/testcode/BenchmarkTest01248.java,84,Cross-site scripting vulnerability due to a [user-provided value](1).
BenchmarkTest01264,java/xss,src/main/java/org/owasp/benchmark/testcode/BenchmarkTest01264.java,49,Cross-site scripting vulnerability due to a [user-provided value](1).
BenchmarkTest01263,java/xss,src/main/java/org/owasp/benchmark/testcode/BenchmarkTest01263.java,49,Cross-site scripting vulnerability due to a [user-provided value](1).
BenchmarkTest01267,java/xss,src/main/java/org/owasp/benchmark/testcode/BenchmarkTest01267.java,49,Cross-site scripting vulnerability due to a [user-provided value](1).
BenchmarkTest01266,java/xss,src/main/java/org/owasp/benchmark/testcode/BenchmarkTest01266.java,52,Cross-site scripting vulnerability due to a [user-provided value](1).
BenchmarkTest01268,java/xss,src/main/java/org/owasp/benchmark/testcode/BenchmarkTest01268.java,52,Cross-site scripting vulnerability due to a [user-provided value](1).
BenchmarkTest01250,java/xss,src/main/java/org/owasp/benchmark/testcode/BenchmarkTest01250.java,84,Cross-site scripting vulnerability due to a [user-provided value](1).
BenchmarkTest01273,java/xss,src/main/java/org/owasp/benchmark/testcode/BenchmarkTest01273.java,86,"Cross-site scripting vulnerability due to a [user-provided value](1).
Cross-site scripting vulnerability due to a [user-provided value](2)."
BenchmarkTest01271,java/xss,src/main/java/org/owasp/benchmark/testcode/BenchmarkTest01271.java,87,"Cross-site scripting vulnerability due to a [user-provided value](1).
Cross-site scripting vulnerability due to a [user-provided value](2)."
BenchmarkTest01280,java/xss,src/main/java/org/owasp/benchmark/testcode/BenchmarkTest01280.java,73,Cross-site scripting vulnerability due to a [user-provided value](1).
BenchmarkTest01275,java/xss,src/main/java/org/owasp/benchmark/testcode/BenchmarkTest01275.java,86,"Cross-site scripting vulnerability due to a [user-provided value](1).
Cross-site scripting vulnerability due to a [user-provided value](2)."
BenchmarkTest01272,java/xss,src/main/java/org/owasp/benchmark/testcode/BenchmarkTest01272.java,86,"Cross-site scripting vulnerability due to a [user-provided value](1).
Cross-site scripting vulnerability due to a [user-provided value](2)."
BenchmarkTest01281,java/xss,src/main/java/org/owasp/benchmark/testcode/BenchmarkTest01281.java,73,Cross-site scripting vulnerability due to a [user-provided value](1).
BenchmarkTest01276,java/xss,src/main/java/org/owasp/benchmark/testcode/BenchmarkTest01276.java,86,"Cross-site scripting vulnerability due to a [user-provided value](1).
Cross-site scripting vulnerability due to a [user-provided value](2)."
BenchmarkTest01274,java/xss,src/main/java/org/owasp/benchmark/testcode/BenchmarkTest01274.java,86,"Cross-site scripting vulnerability due to a [user-provided value](1).
Cross-site scripting vulnerability due to a [user-provided value](2)."
BenchmarkTest01283,java/xss,src/main/java/org/owasp/benchmark/testcode/BenchmarkTest01283.java,73,Cross-site scripting vulnerability due to a [user-provided value](1).
BenchmarkTest01282,java/xss,src/main/java/org/owasp/benchmark/testcode/BenchmarkTest01282.java,73,Cross-site scripting vulnerability due to a [user-provided value](1).
BenchmarkTest01278,java/xss,src/main/java/org/owasp/benchmark/testcode/BenchmarkTest01278.java,87,"Cross-site scripting vulnerability due to a [user-provided value](1).
Cross-site scripting vulnerability due to a [user-provided value](2)."
BenchmarkTest01284,java/xss,src/main/java/org/owasp/benchmark/testcode/BenchmarkTest01284.java,49,Cross-site scripting vulnerability due to a [user-provided value](1).
BenchmarkTest01277,java/xss,src/main/java/org/owasp/benchmark/testcode/BenchmarkTest01277.java,87,"Cross-site scripting vulnerability due to a [user-provided value](1).
Cross-site scripting vulnerability due to a [user-provided value](2)."
BenchmarkTest01279,java/xss,src/main/java/org/owasp/benchmark/testcode/BenchmarkTest01279.java,87,"Cross-site scripting vulnerability due to a [user-provided value](1).
Cross-site scripting vulnerability due to a [user-provided value](2)."
BenchmarkTest01291,java/xss,src/main/java/org/owasp/benchmark/testcode/BenchmarkTest01291.java,95,"Cross-site scripting vulnerability due to a [user-provided value](1).
Cross-site scripting vulnerability due to a [user-provided value](2)."
BenchmarkTest01292,java/xss,src/main/java/org/owasp/benchmark/testcode/BenchmarkTest01292.java,94,"Cross-site scripting vulnerability due to a [user-provided value](1).
Cross-site scripting vulnerability due to a [user-provided value](2)."
BenchmarkTest01293,java/xss,src/main/java/org/owasp/benchmark/testcode/BenchmarkTest01293.java,95,"Cross-site scripting vulnerability due to a [user-provided value](1).
Cross-site scripting vulnerability due to a [user-provided value](2)."
BenchmarkTest01299,java/xss,src/main/java/org/owasp/benchmark/testcode/BenchmarkTest01299.java,53,Cross-site scripting vulnerability due to a [user-provided value](1).
BenchmarkTest01300,java/xss,src/main/java/org/owasp/benchmark/testcode/BenchmarkTest01300.java,53,Cross-site scripting vulnerability due to a [user-provided value](1).
BenchmarkTest01294,java/xss,src/main/java/org/owasp/benchmark/testcode/BenchmarkTest01294.java,89,"Cross-site scripting vulnerability due to a [user-provided value](1).
Cross-site scripting vulnerability due to a [user-provided value](2)."
BenchmarkTest01296,java/xss,src/main/java/org/owasp/benchmark/testcode/BenchmarkTest01296.java,89,"Cross-site scripting vulnerability due to a [user-provided value](1).
Cross-site scripting vulnerability due to a [user-provided value](2)."
BenchmarkTest01297,java/xss,src/main/java/org/owasp/benchmark/testcode/BenchmarkTest01297.java,88,"Cross-site scripting vulnerability due to a [user-provided value](1).
Cross-site scripting vulnerability due to a [user-provided value](2)."
BenchmarkTest01298,java/xss,src/main/java/org/owasp/benchmark/testcode/BenchmarkTest01298.java,88,"Cross-site scripting vulnerability due to a [user-provided value](1).
Cross-site scripting vulnerability due to a [user-provided value](2)."
BenchmarkTest01295,java/xss,src/main/java/org/owasp/benchmark/testcode/BenchmarkTest01295.java,89,"Cross-site scripting vulnerability due to a [user-provided value](1).
Cross-site scripting vulnerability due to a [user-provided value](2)."
BenchmarkTest01308,java/xss,src/main/java/org/owasp/benchmark/testcode/BenchmarkTest01308.java,59,Cross-site scripting vulnerability due to a [user-provided value](1).
BenchmarkTest01317,java/xss,src/main/java/org/owasp/benchmark/testcode/BenchmarkTest01317.java,103,Cross-site scripting vulnerability due to a [user-provided value](1).
BenchmarkTest01316,java/xss,src/main/java/org/owasp/benchmark/testcode/BenchmarkTest01316.java,72,Cross-site scripting vulnerability due to a [user-provided value](1).
BenchmarkTest01321,java/xss,src/main/java/org/owasp/benchmark/testcode/BenchmarkTest01321.java,87,Cross-site scripting vulnerability due to a [user-provided value](1).
BenchmarkTest01319,java/xss,src/main/java/org/owasp/benchmark/testcode/BenchmarkTest01319.java,105,Cross-site scripting vulnerability due to a [user-provided value](1).
BenchmarkTest01323,java/xss,src/main/java/org/owasp/benchmark/testcode/BenchmarkTest01323.java,101,Cross-site scripting vulnerability due to a [user-provided value](1).
BenchmarkTest01320,java/xss,src/main/java/org/owasp/benchmark/testcode/BenchmarkTest01320.java,101,Cross-site scripting vulnerability due to a [user-provided value](1).
BenchmarkTest01322,java/xss,src/main/java/org/owasp/benchmark/testcode/BenchmarkTest01322.java,101,Cross-site scripting vulnerability due to a [user-provided value](1).
BenchmarkTest01327,java/xss,src/main/java/org/owasp/benchmark/testcode/BenchmarkTest01327.java,89,Cross-site scripting vulnerability due to a [user-provided value](1).
BenchmarkTest01326,java/xss,src/main/java/org/owasp/benchmark/testcode/BenchmarkTest01326.java,89,Cross-site scripting vulnerability due to a [user-provided value](1).
BenchmarkTest01325,java/xss,src/main/java/org/owasp/benchmark/testcode/BenchmarkTest01325.java,93,Cross-site scripting vulnerability due to a [user-provided value](1).
BenchmarkTest01330,java/xss,src/main/java/org/owasp/benchmark/testcode/BenchmarkTest01330.java,61,Cross-site scripting vulnerability due to a [user-provided value](1).
BenchmarkTest01331,java/xss,src/main/java/org/owasp/benchmark/testcode/BenchmarkTest01331.java,61,Cross-site scripting vulnerability due to a [user-provided value](1).
BenchmarkTest01332,java/xss,src/main/java/org/owasp/benchmark/testcode/BenchmarkTest01332.java,85,Cross-site scripting vulnerability due to a [user-provided value](1).
BenchmarkTest01333,java/xss,src/main/java/org/owasp/benchmark/testcode/BenchmarkTest01333.java,84,Cross-site scripting vulnerability due to a [user-provided value](1).
BenchmarkTest01335,java/xss,src/main/java/org/owasp/benchmark/testcode/BenchmarkTest01335.java,56,Cross-site scripting vulnerability due to a [user-provided value](1).
BenchmarkTest01334,java/xss,src/main/java/org/owasp/benchmark/testcode/BenchmarkTest01334.java,84,Cross-site scripting vulnerability due to a [user-provided value](1).
BenchmarkTest01337,java/xss,src/main/java/org/owasp/benchmark/testcode/BenchmarkTest01337.java,54,Cross-site scripting vulnerability due to a [user-provided value](1).
BenchmarkTest01340,java/xss,src/main/java/org/owasp/benchmark/testcode/BenchmarkTest01340.java,53,Cross-site scripting vulnerability due to a [user-provided value](1).
BenchmarkTest01343,java/xss,src/main/java/org/owasp/benchmark/testcode/BenchmarkTest01343.java,54,Cross-site scripting vulnerability due to a [user-provided value](1).
BenchmarkTest01338,java/xss,src/main/java/org/owasp/benchmark/testcode/BenchmarkTest01338.java,53,Cross-site scripting vulnerability due to a [user-provided value](1).
BenchmarkTest01344,java/xss,src/main/java/org/owasp/benchmark/testcode/BenchmarkTest01344.java,54,Cross-site scripting vulnerability due to a [user-provided value](1).
BenchmarkTest01346,java/xss,src/main/java/org/owasp/benchmark/testcode/BenchmarkTest01346.java,53,Cross-site scripting vulnerability due to a [user-provided value](1).
BenchmarkTest01349,java/xss,src/main/java/org/owasp/benchmark/testcode/BenchmarkTest01349.java,53,Cross-site scripting vulnerability due to a [user-provided value](1).
BenchmarkTest01347,java/xss,src/main/java/org/owasp/benchmark/testcode/BenchmarkTest01347.java,53,Cross-site scripting vulnerability due to a [user-provided value](1).
BenchmarkTest01350,java/xss,src/main/java/org/owasp/benchmark/testcode/BenchmarkTest01350.java,56,Cross-site scripting vulnerability due to a [user-provided value](1).
BenchmarkTest01358,java/xss,src/main/java/org/owasp/benchmark/testcode/BenchmarkTest01358.java,90,"Cross-site scripting vulnerability due to a [user-provided value](1).
Cross-site scripting vulnerability due to a [user-provided value](2)."
BenchmarkTest01359,java/xss,src/main/java/org/owasp/benchmark/testcode/BenchmarkTest01359.java,77,Cross-site scripting vulnerability due to a [user-provided value](1).
BenchmarkTest01366,java/xss,src/main/java/org/owasp/benchmark/testcode/BenchmarkTest01366.java,99,"Cross-site scripting vulnerability due to a [user-provided value](1).
Cross-site scripting vulnerability due to a [user-provided value](2)."
BenchmarkTest01354,java/xss,src/main/java/org/owasp/benchmark/testcode/BenchmarkTest01354.java,91,"Cross-site scripting vulnerability due to a [user-provided value](1).
Cross-site scripting vulnerability due to a [user-provided value](2)."
BenchmarkTest01355,java/xss,src/main/java/org/owasp/benchmark/testcode/BenchmarkTest01355.java,91,"Cross-site scripting vulnerability due to a [user-provided value](1).
Cross-site scripting vulnerability due to a [user-provided value](2)."
BenchmarkTest01356,java/xss,src/main/java/org/owasp/benchmark/testcode/BenchmarkTest01356.java,91,"Cross-site scripting vulnerability due to a [user-provided value](1).
Cross-site scripting vulnerability due to a [user-provided value](2)."
BenchmarkTest01375,java/xss,src/main/java/org/owasp/benchmark/testcode/BenchmarkTest01375.java,57,Cross-site scripting vulnerability due to a [user-provided value](1).
BenchmarkTest01374,java/xss,src/main/java/org/owasp/benchmark/testcode/BenchmarkTest01374.java,57,Cross-site scripting vulnerability due to a [user-provided value](1).
BenchmarkTest01357,java/xss,src/main/java/org/owasp/benchmark/testcode/BenchmarkTest01357.java,90,"Cross-site scripting vulnerability due to a [user-provided value](1).
Cross-site scripting vulnerability due to a [user-provided value](2)."
BenchmarkTest01369,java/xss,src/main/java/org/owasp/benchmark/testcode/BenchmarkTest01369.java,98,"Cross-site scripting vulnerability due to a [user-provided value](1).
Cross-site scripting vulnerability due to a [user-provided value](2)."
BenchmarkTest01371,java/xss,src/main/java/org/owasp/benchmark/testcode/BenchmarkTest01371.java,92,"Cross-site scripting vulnerability due to a [user-provided value](1).
Cross-site scripting vulnerability due to a [user-provided value](2)."
BenchmarkTest01376,java/xss,src/main/java/org/owasp/benchmark/testcode/BenchmarkTest01376.java,57,Cross-site scripting vulnerability due to a [user-provided value](1).
BenchmarkTest01377,java/xss,src/main/java/org/owasp/benchmark/testcode/BenchmarkTest01377.java,57,Cross-site scripting vulnerability due to a [user-provided value](1).
BenchmarkTest01367,java/xss,src/main/java/org/owasp/benchmark/testcode/BenchmarkTest01367.java,99,"Cross-site scripting vulnerability due to a [user-provided value](1).
Cross-site scripting vulnerability due to a [user-provided value](2)."
BenchmarkTest01372,java/xss,src/main/java/org/owasp/benchmark/testcode/BenchmarkTest01372.java,92,"Cross-site scripting vulnerability due to a [user-provided value](1).
Cross-site scripting vulnerability due to a [user-provided value](2)."
BenchmarkTest01373,java/xss,src/main/java/org/owasp/benchmark/testcode/BenchmarkTest01373.java,92,"Cross-site scripting vulnerability due to a [user-provided value](1).
Cross-site scripting vulnerability due to a [user-provided value](2)."
BenchmarkTest01368,java/xss,src/main/java/org/owasp/benchmark/testcode/BenchmarkTest01368.java,99,"Cross-site scripting vulnerability due to a [user-provided value](1).
Cross-site scripting vulnerability due to a [user-provided value](2)."
BenchmarkTest01370,java/xss,src/main/java/org/owasp/benchmark/testcode/BenchmarkTest01370.java,95,"Cross-site scripting vulnerability due to a [user-provided value](1).
Cross-site scripting vulnerability due to a [user-provided value](2)."
BenchmarkTest01389,java/xss,src/main/java/org/owasp/benchmark/testcode/BenchmarkTest01389.java,70,Cross-site scripting vulnerability due to a [user-provided value](1).
BenchmarkTest01386,java/xss,src/main/java/org/owasp/benchmark/testcode/BenchmarkTest01386.java,64,Cross-site scripting vulnerability due to a [user-provided value](1).
BenchmarkTest01388,java/xss,src/main/java/org/owasp/benchmark/testcode/BenchmarkTest01388.java,64,Cross-site scripting vulnerability due to a [user-provided value](1).
BenchmarkTest01390,java/xss,src/main/java/org/owasp/benchmark/testcode/BenchmarkTest01390.java,63,Cross-site scripting vulnerability due to a [user-provided value](1).
BenchmarkTest01400,java/xss,src/main/java/org/owasp/benchmark/testcode/BenchmarkTest01400.java,104,Cross-site scripting vulnerability due to a [user-provided value](1).
BenchmarkTest01403,java/xss,src/main/java/org/owasp/benchmark/testcode/BenchmarkTest01403.java,67,Cross-site scripting vulnerability due to a [user-provided value](1).
BenchmarkTest01399,java/xss,src/main/java/org/owasp/benchmark/testcode/BenchmarkTest01399.java,97,Cross-site scripting vulnerability due to a [user-provided value](1).
BenchmarkTest01406,java/xss,src/main/java/org/owasp/benchmark/testcode/BenchmarkTest01406.java,72,Cross-site scripting vulnerability due to a [user-provided value](1).
BenchmarkTest01408,java/xss,src/main/java/org/owasp/benchmark/testcode/BenchmarkTest01408.java,71,Cross-site scripting vulnerability due to a [user-provided value](1).
BenchmarkTest01410,java/xss,src/main/java/org/owasp/benchmark/testcode/BenchmarkTest01410.java,102,Cross-site scripting vulnerability due to a [user-provided value](1).
BenchmarkTest01405,java/xss,src/main/java/org/owasp/benchmark/testcode/BenchmarkTest01405.java,72,Cross-site scripting vulnerability due to a [user-provided value](1).
BenchmarkTest01409,java/xss,src/main/java/org/owasp/benchmark/testcode/BenchmarkTest01409.java,72,Cross-site scripting vulnerability due to a [user-provided value](1).
BenchmarkTest01414,java/xss,src/main/java/org/owasp/benchmark/testcode/BenchmarkTest01414.java,98,Cross-site scripting vulnerability due to a [user-provided value](1).
BenchmarkTest01417,java/xss,src/main/java/org/owasp/benchmark/testcode/BenchmarkTest01417.java,66,Cross-site scripting vulnerability due to a [user-provided value](1).
BenchmarkTest01413,java/xss,src/main/java/org/owasp/benchmark/testcode/BenchmarkTest01413.java,95,Cross-site scripting vulnerability due to a [user-provided value](1).
BenchmarkTest01418,java/xss,src/main/java/org/owasp/benchmark/testcode/BenchmarkTest01418.java,64,Cross-site scripting vulnerability due to a [user-provided value](1).
BenchmarkTest01422,java/xss,src/main/java/org/owasp/benchmark/testcode/BenchmarkTest01422.java,64,Cross-site scripting vulnerability due to a [user-provided value](1).
BenchmarkTest01423,java/xss,src/main/java/org/owasp/benchmark/testcode/BenchmarkTest01423.java,64,Cross-site scripting vulnerability due to a [user-provided value](1).
BenchmarkTest01420,java/xss,src/main/java/org/owasp/benchmark/testcode/BenchmarkTest01420.java,63,Cross-site scripting vulnerability due to a [user-provided value](1).
BenchmarkTest01424,java/xss,src/main/java/org/owasp/benchmark/testcode/BenchmarkTest01424.java,64,Cross-site scripting vulnerability due to a [user-provided value](1).
BenchmarkTest01425,java/xss,src/main/java/org/owasp/benchmark/testcode/BenchmarkTest01425.java,63,Cross-site scripting vulnerability due to a [user-provided value](1).
BenchmarkTest01415,java/xss,src/main/java/org/owasp/benchmark/testcode/BenchmarkTest01415.java,98,Cross-site scripting vulnerability due to a [user-provided value](1).
BenchmarkTest01427,java/xss,src/main/java/org/owasp/benchmark/testcode/BenchmarkTest01427.java,63,Cross-site scripting vulnerability due to a [user-provided value](1).
BenchmarkTest01429,java/xss,src/main/java/org/owasp/benchmark/testcode/BenchmarkTest01429.java,63,Cross-site scripting vulnerability due to a [user-provided value](1).
BenchmarkTest01428,java/xss,src/main/java/org/owasp/benchmark/testcode/BenchmarkTest01428.java,63,Cross-site scripting vulnerability due to a [user-provided value](1).
BenchmarkTest01426,java/xss,src/main/java/org/owasp/benchmark/testcode/BenchmarkTest01426.java,63,Cross-site scripting vulnerability due to a [user-provided value](1).
BenchmarkTest01416,java/xss,src/main/java/org/owasp/benchmark/testcode/BenchmarkTest01416.java,98,Cross-site scripting vulnerability due to a [user-provided value](1).
BenchmarkTest01436,java/xss,src/main/java/org/owasp/benchmark/testcode/BenchmarkTest01436.java,87,Cross-site scripting vulnerability due to a [user-provided value](1).
BenchmarkTest01437,java/xss,src/main/java/org/owasp/benchmark/testcode/BenchmarkTest01437.java,63,Cross-site scripting vulnerability due to a [user-provided value](1).
BenchmarkTest01435,java/xss,src/main/java/org/owasp/benchmark/testcode/BenchmarkTest01435.java,100,"Cross-site scripting vulnerability due to a [user-provided value](1).
Cross-site scripting vulnerability due to a [user-provided value](2)."
BenchmarkTest01438,java/xss,src/main/java/org/owasp/benchmark/testcode/BenchmarkTest01438.java,63,Cross-site scripting vulnerability due to a [user-provided value](1).
BenchmarkTest01432,java/xss,src/main/java/org/owasp/benchmark/testcode/BenchmarkTest01432.java,100,"Cross-site scripting vulnerability due to a [user-provided value](1).
Cross-site scripting vulnerability due to a [user-provided value](2)."
BenchmarkTest01439,java/xss,src/main/java/org/owasp/benchmark/testcode/BenchmarkTest01439.java,63,Cross-site scripting vulnerability due to a [user-provided value](1).
BenchmarkTest01431,java/xss,src/main/java/org/owasp/benchmark/testcode/BenchmarkTest01431.java,100,"Cross-site scripting vulnerability due to a [user-provided value](1).
Cross-site scripting vulnerability due to a [user-provided value](2)."
BenchmarkTest01433,java/xss,src/main/java/org/owasp/benchmark/testcode/BenchmarkTest01433.java,100,"Cross-site scripting vulnerability due to a [user-provided value](1).
Cross-site scripting vulnerability due to a [user-provided value](2)."
BenchmarkTest01434,java/xss,src/main/java/org/owasp/benchmark/testcode/BenchmarkTest01434.java,100,"Cross-site scripting vulnerability due to a [user-provided value](1).
Cross-site scripting vulnerability due to a [user-provided value](2)."
BenchmarkTest01447,java/xss,src/main/java/org/owasp/benchmark/testcode/BenchmarkTest01447.java,108,"Cross-site scripting vulnerability due to a [user-provided value](1).
Cross-site scripting vulnerability due to a [user-provided value](2)."
BenchmarkTest01449,java/xss,src/main/java/org/owasp/benchmark/testcode/BenchmarkTest01449.java,105,"Cross-site scripting vulnerability due to a [user-provided value](1).
Cross-site scripting vulnerability due to a [user-provided value](2)."
BenchmarkTest01451,java/xss,src/main/java/org/owasp/benchmark/testcode/BenchmarkTest01451.java,103,"Cross-site scripting vulnerability due to a [user-provided value](1).
Cross-site scripting vulnerability due to a [user-provided value](2)."
BenchmarkTest01456,java/xss,src/main/java/org/owasp/benchmark/testcode/BenchmarkTest01456.java,67,Cross-site scripting vulnerability due to a [user-provided value](1).
BenchmarkTest01457,java/xss,src/main/java/org/owasp/benchmark/testcode/BenchmarkTest01457.java,67,Cross-site scripting vulnerability due to a [user-provided value](1).
BenchmarkTest01448,java/xss,src/main/java/org/owasp/benchmark/testcode/BenchmarkTest01448.java,105,"Cross-site scripting vulnerability due to a [user-provided value](1).
Cross-site scripting vulnerability due to a [user-provided value](2)."
BenchmarkTest01455,java/xss,src/main/java/org/owasp/benchmark/testcode/BenchmarkTest01455.java,67,Cross-site scripting vulnerability due to a [user-provided value](1).
BenchmarkTest01458,java/xss,src/main/java/org/owasp/benchmark/testcode/BenchmarkTest01458.java,67,Cross-site scripting vulnerability due to a [user-provided value](1).
BenchmarkTest01453,java/xss,src/main/java/org/owasp/benchmark/testcode/BenchmarkTest01453.java,102,"Cross-site scripting vulnerability due to a [user-provided value](1).
Cross-site scripting vulnerability due to a [user-provided value](2)."
BenchmarkTest01465,java/xss,src/main/java/org/owasp/benchmark/testcode/BenchmarkTest01465.java,68,Cross-site scripting vulnerability due to a [user-provided value](1).
BenchmarkTest01450,java/xss,src/main/java/org/owasp/benchmark/testcode/BenchmarkTest01450.java,109,"Cross-site scripting vulnerability due to a [user-provided value](1).
Cross-site scripting vulnerability due to a [user-provided value](2)."
BenchmarkTest01452,java/xss,src/main/java/org/owasp/benchmark/testcode/BenchmarkTest01452.java,103,"Cross-site scripting vulnerability due to a [user-provided value](1).
Cross-site scripting vulnerability due to a [user-provided value](2)."
BenchmarkTest01466,java/xss,src/main/java/org/owasp/benchmark/testcode/BenchmarkTest01466.java,90,Cross-site scripting vulnerability due to a [user-provided value](1).
BenchmarkTest01467,java/xss,src/main/java/org/owasp/benchmark/testcode/BenchmarkTest01467.java,80,Cross-site scripting vulnerability due to a [user-provided value](1).
BenchmarkTest01471,java/xss,src/main/java/org/owasp/benchmark/testcode/BenchmarkTest01471.java,68,Cross-site scripting vulnerability due to a [user-provided value](1).
BenchmarkTest01470,java/xss,src/main/java/org/owasp/benchmark/testcode/BenchmarkTest01470.java,76,Cross-site scripting vulnerability due to a [user-provided value](1).
BenchmarkTest01480,java/xss,src/main/java/org/owasp/benchmark/testcode/BenchmarkTest01480.java,101,Cross-site scripting vulnerability due to a [user-provided value](1).
BenchmarkTest01481,java/xss,src/main/java/org/owasp/benchmark/testcode/BenchmarkTest01481.java,103,Cross-site scripting vulnerability due to a [user-provided value](1).
BenchmarkTest01482,java/xss,src/main/java/org/owasp/benchmark/testcode/BenchmarkTest01482.java,103,Cross-site scripting vulnerability due to a [user-provided value](1).
BenchmarkTest01483,java/xss,src/main/java/org/owasp/benchmark/testcode/BenchmarkTest01483.java,99,Cross-site scripting vulnerability due to a [user-provided value](1).
BenchmarkTest01486,java/xss,src/main/java/org/owasp/benchmark/testcode/BenchmarkTest01486.java,99,Cross-site scripting vulnerability due to a [user-provided value](1).
BenchmarkTest01478,java/xss,src/main/java/org/owasp/benchmark/testcode/BenchmarkTest01478.java,93,Cross-site scripting vulnerability due to a [user-provided value](1).
BenchmarkTest01484,java/xss,src/main/java/org/owasp/benchmark/testcode/BenchmarkTest01484.java,99,Cross-site scripting vulnerability due to a [user-provided value](1).
BenchmarkTest01487,java/xss,src/main/java/org/owasp/benchmark/testcode/BenchmarkTest01487.java,92,Cross-site scripting vulnerability due to a [user-provided value](1).
BenchmarkTest01485,java/xss,src/main/java/org/owasp/benchmark/testcode/BenchmarkTest01485.java,85,Cross-site scripting vulnerability due to a [user-provided value](1).
BenchmarkTest01488,java/xss,src/main/java/org/owasp/benchmark/testcode/BenchmarkTest01488.java,92,Cross-site scripting vulnerability due to a [user-provided value](1).
BenchmarkTest01490,java/xss,src/main/java/org/owasp/benchmark/testcode/BenchmarkTest01490.java,87,Cross-site scripting vulnerability due to a [user-provided value](1).
BenchmarkTest01493,java/xss,src/main/java/org/owasp/benchmark/testcode/BenchmarkTest01493.java,55,Cross-site scripting vulnerability due to a [user-provided value](1).
BenchmarkTest01489,java/xss,src/main/java/org/owasp/benchmark/testcode/BenchmarkTest01489.java,91,Cross-site scripting vulnerability due to a [user-provided value](1).
BenchmarkTest01496,java/xss,src/main/java/org/owasp/benchmark/testcode/BenchmarkTest01496.java,60,Cross-site scripting vulnerability due to a [user-provided value](1).
BenchmarkTest01500,java/xss,src/main/java/org/owasp/benchmark/testcode/BenchmarkTest01500.java,60,Cross-site scripting vulnerability due to a [user-provided value](1).
BenchmarkTest01494,java/xss,src/main/java/org/owasp/benchmark/testcode/BenchmarkTest01494.java,54,Cross-site scripting vulnerability due to a [user-provided value](1).
BenchmarkTest01497,java/xss,src/main/java/org/owasp/benchmark/testcode/BenchmarkTest01497.java,59,Cross-site scripting vulnerability due to a [user-provided value](1).
BenchmarkTest01498,java/xss,src/main/java/org/owasp/benchmark/testcode/BenchmarkTest01498.java,65,Cross-site scripting vulnerability due to a [user-provided value](1).
BenchmarkTest01501,java/xss,src/main/java/org/owasp/benchmark/testcode/BenchmarkTest01501.java,89,Cross-site scripting vulnerability due to a [user-provided value](1).
BenchmarkTest01505,java/xss,src/main/java/org/owasp/benchmark/testcode/BenchmarkTest01505.java,54,Cross-site scripting vulnerability due to a [user-provided value](1).
BenchmarkTest01504,java/xss,src/main/java/org/owasp/benchmark/testcode/BenchmarkTest01504.java,82,Cross-site scripting vulnerability due to a [user-provided value](1).
BenchmarkTest01506,java/xss,src/main/java/org/owasp/benchmark/testcode/BenchmarkTest01506.java,52,Cross-site scripting vulnerability due to a [user-provided value](1).
BenchmarkTest01503,java/xss,src/main/java/org/owasp/benchmark/testcode/BenchmarkTest01503.java,90,Cross-site scripting vulnerability due to a [user-provided value](1).
BenchmarkTest01507,java/xss,src/main/java/org/owasp/benchmark/testcode/BenchmarkTest01507.java,52,Cross-site scripting vulnerability due to a [user-provided value](1).
BenchmarkTest01509,java/xss,src/main/java/org/owasp/benchmark/testcode/BenchmarkTest01509.java,51,Cross-site scripting vulnerability due to a [user-provided value](1).
BenchmarkTest01510,java/xss,src/main/java/org/owasp/benchmark/testcode/BenchmarkTest01510.java,52,Cross-site scripting vulnerability due to a [user-provided value](1).
BenchmarkTest01514,java/xss,src/main/java/org/owasp/benchmark/testcode/BenchmarkTest01514.java,51,Cross-site scripting vulnerability due to a [user-provided value](1).
BenchmarkTest01511,java/xss,src/main/java/org/owasp/benchmark/testcode/BenchmarkTest01511.java,52,Cross-site scripting vulnerability due to a [user-provided value](1).
BenchmarkTest01512,java/xss,src/main/java/org/owasp/benchmark/testcode/BenchmarkTest01512.java,52,Cross-site scripting vulnerability due to a [user-provided value](1).
BenchmarkTest01502,java/xss,src/main/java/org/owasp/benchmark/testcode/BenchmarkTest01502.java,90,"Cross-site scripting vulnerability due to a [user-provided value](1).
Cross-site scripting vulnerability due to a [user-provided value](2)."
BenchmarkTest01521,java/xss,src/main/java/org/owasp/benchmark/testcode/BenchmarkTest01521.java,75,Cross-site scripting vulnerability due to a [user-provided value](1).
BenchmarkTest01523,java/xss,src/main/java/org/owasp/benchmark/testcode/BenchmarkTest01523.java,75,Cross-site scripting vulnerability due to a [user-provided value](1).
BenchmarkTest01520,java/xss,src/main/java/org/owasp/benchmark/testcode/BenchmarkTest01520.java,89,"Cross-site scripting vulnerability due to a [user-provided value](1).
Cross-site scripting vulnerability due to a [user-provided value](2)."
BenchmarkTest01522,java/xss,src/main/java/org/owasp/benchmark/testcode/BenchmarkTest01522.java,75,Cross-site scripting vulnerability due to a [user-provided value](1).
BenchmarkTest01525,java/xss,src/main/java/org/owasp/benchmark/testcode/BenchmarkTest01525.java,51,Cross-site scripting vulnerability due to a [user-provided value](1).
BenchmarkTest01524,java/xss,src/main/java/org/owasp/benchmark/testcode/BenchmarkTest01524.java,75,Cross-site scripting vulnerability due to a [user-provided value](1).
BenchmarkTest01518,java/xss,src/main/java/org/owasp/benchmark/testcode/BenchmarkTest01518.java,89,"Cross-site scripting vulnerability due to a [user-provided value](1).
Cross-site scripting vulnerability due to a [user-provided value](2)."
BenchmarkTest01519,java/xss,src/main/java/org/owasp/benchmark/testcode/BenchmarkTest01519.java,89,"Cross-site scripting vulnerability due to a [user-provided value](1).
Cross-site scripting vulnerability due to a [user-provided value](2)."
BenchmarkTest01537,java/xss,src/main/java/org/owasp/benchmark/testcode/BenchmarkTest01537.java,93,"Cross-site scripting vulnerability due to a [user-provided value](1).
Cross-site scripting vulnerability due to a [user-provided value](2)."
BenchmarkTest01535,java/xss,src/main/java/org/owasp/benchmark/testcode/BenchmarkTest01535.java,93,"Cross-site scripting vulnerability due to a [user-provided value](1).
Cross-site scripting vulnerability due to a [user-provided value](2)."
BenchmarkTest01536,java/xss,src/main/java/org/owasp/benchmark/testcode/BenchmarkTest01536.java,93,"Cross-site scripting vulnerability due to a [user-provided value](1).
Cross-site scripting vulnerability due to a [user-provided value](2)."
BenchmarkTest01534,java/xss,src/main/java/org/owasp/benchmark/testcode/BenchmarkTest01534.java,97,"Cross-site scripting vulnerability due to a [user-provided value](1).
Cross-site scripting vulnerability due to a [user-provided value](2)."
BenchmarkTest01538,java/xss,src/main/java/org/owasp/benchmark/testcode/BenchmarkTest01538.java,97,"Cross-site scripting vulnerability due to a [user-provided value](1).
Cross-site scripting vulnerability due to a [user-provided value](2)."
BenchmarkTest01539,java/xss,src/main/java/org/owasp/benchmark/testcode/BenchmarkTest01539.java,97,"Cross-site scripting vulnerability due to a [user-provided value](1).
Cross-site scripting vulnerability due to a [user-provided value](2)."
BenchmarkTest01541,java/xss,src/main/java/org/owasp/benchmark/testcode/BenchmarkTest01541.java,93,"Cross-site scripting vulnerability due to a [user-provided value](1).
Cross-site scripting vulnerability due to a [user-provided value](2)."
BenchmarkTest01546,java/xss,src/main/java/org/owasp/benchmark/testcode/BenchmarkTest01546.java,55,Cross-site scripting vulnerability due to a [user-provided value](1).
BenchmarkTest01544,java/xss,src/main/java/org/owasp/benchmark/testcode/BenchmarkTest01544.java,91,"Cross-site scripting vulnerability due to a [user-provided value](1).
Cross-site scripting vulnerability due to a [user-provided value](2)."
BenchmarkTest01547,java/xss,src/main/java/org/owasp/benchmark/testcode/BenchmarkTest01547.java,55,Cross-site scripting vulnerability due to a [user-provided value](1).
BenchmarkTest01549,java/xss,src/main/java/org/owasp/benchmark/testcode/BenchmarkTest01549.java,55,Cross-site scripting vulnerability due to a [user-provided value](1).
BenchmarkTest01548,java/xss,src/main/java/org/owasp/benchmark/testcode/BenchmarkTest01548.java,55,Cross-site scripting vulnerability due to a [user-provided value](1).
BenchmarkTest01550,java/xss,src/main/java/org/owasp/benchmark/testcode/BenchmarkTest01550.java,55,Cross-site scripting vulnerability due to a [user-provided value](1).
BenchmarkTest01551,java/xss,src/main/java/org/owasp/benchmark/testcode/BenchmarkTest01551.java,55,Cross-site scripting vulnerability due to a [user-provided value](1).
BenchmarkTest01542,java/xss,src/main/java/org/owasp/benchmark/testcode/BenchmarkTest01542.java,91,"Cross-site scripting vulnerability due to a [user-provided value](1).
Cross-site scripting vulnerability due to a [user-provided value](2)."
BenchmarkTest01540,java/xss,src/main/java/org/owasp/benchmark/testcode/BenchmarkTest01540.java,97,"Cross-site scripting vulnerability due to a [user-provided value](1).
Cross-site scripting vulnerability due to a [user-provided value](2)."
BenchmarkTest01553,java/xss,src/main/java/org/owasp/benchmark/testcode/BenchmarkTest01553.java,56,Cross-site scripting vulnerability due to a [user-provided value](1).
BenchmarkTest01545,java/xss,src/main/java/org/owasp/benchmark/testcode/BenchmarkTest01545.java,91,"Cross-site scripting vulnerability due to a [user-provided value](1).
Cross-site scripting vulnerability due to a [user-provided value](2)."
BenchmarkTest01554,java/xss,src/main/java/org/owasp/benchmark/testcode/BenchmarkTest01554.java,68,Cross-site scripting vulnerability due to a [user-provided value](1).
BenchmarkTest01543,java/xss,src/main/java/org/owasp/benchmark/testcode/BenchmarkTest01543.java,91,"Cross-site scripting vulnerability due to a [user-provided value](1).
Cross-site scripting vulnerability due to a [user-provided value](2)."
BenchmarkTest01555,java/xss,src/main/java/org/owasp/benchmark/testcode/BenchmarkTest01555.java,61,Cross-site scripting vulnerability due to a [user-provided value](1).
BenchmarkTest01556,java/xss,src/main/java/org/owasp/benchmark/testcode/BenchmarkTest01556.java,61,Cross-site scripting vulnerability due to a [user-provided value](1).
BenchmarkTest01562,java/xss,src/main/java/org/owasp/benchmark/testcode/BenchmarkTest01562.java,81,Cross-site scripting vulnerability due to a [user-provided value](1).
BenchmarkTest01563,java/xss,src/main/java/org/owasp/benchmark/testcode/BenchmarkTest01563.java,103,Cross-site scripting vulnerability due to a [user-provided value](1).
BenchmarkTest01564,java/xss,src/main/java/org/owasp/benchmark/testcode/BenchmarkTest01564.java,103,Cross-site scripting vulnerability due to a [user-provided value](1).
BenchmarkTest01565,java/xss,src/main/java/org/owasp/benchmark/testcode/BenchmarkTest01565.java,99,Cross-site scripting vulnerability due to a [user-provided value](1).
BenchmarkTest01571,java/xss,src/main/java/org/owasp/benchmark/testcode/BenchmarkTest01571.java,53,Cross-site scripting vulnerability due to a [user-provided value](1).
BenchmarkTest01568,java/xss,src/main/java/org/owasp/benchmark/testcode/BenchmarkTest01568.java,86,Cross-site scripting vulnerability due to a [user-provided value](1).
BenchmarkTest01572,java/xss,src/main/java/org/owasp/benchmark/testcode/BenchmarkTest01572.java,60,Cross-site scripting vulnerability due to a [user-provided value](1).
BenchmarkTest01574,java/xss,src/main/java/org/owasp/benchmark/testcode/BenchmarkTest01574.java,59,Cross-site scripting vulnerability due to a [user-provided value](1).
BenchmarkTest01573,java/xss,src/main/java/org/owasp/benchmark/testcode/BenchmarkTest01573.java,60,Cross-site scripting vulnerability due to a [user-provided value](1).
BenchmarkTest01576,java/xss,src/main/java/org/owasp/benchmark/testcode/BenchmarkTest01576.java,83,Cross-site scripting vulnerability due to a [user-provided value](1).
BenchmarkTest01566,java/xss,src/main/java/org/owasp/benchmark/testcode/BenchmarkTest01566.java,91,Cross-site scripting vulnerability due to a [user-provided value](1).
BenchmarkTest01577,java/xss,src/main/java/org/owasp/benchmark/testcode/BenchmarkTest01577.java,82,Cross-site scripting vulnerability due to a [user-provided value](1).
BenchmarkTest01561,java/xss,src/main/java/org/owasp/benchmark/testcode/BenchmarkTest01561.java,81,Cross-site scripting vulnerability due to a [user-provided value](1).
BenchmarkTest01578,java/xss,src/main/java/org/owasp/benchmark/testcode/BenchmarkTest01578.java,82,Cross-site scripting vulnerability due to a [user-provided value](1).
BenchmarkTest01575,java/xss,src/main/java/org/owasp/benchmark/testcode/BenchmarkTest01575.java,90,"Cross-site scripting vulnerability due to a [user-provided value](1).
Cross-site scripting vulnerability due to a [user-provided value](2)."
BenchmarkTest01583,java/xss,src/main/java/org/owasp/benchmark/testcode/BenchmarkTest01583.java,54,Cross-site scripting vulnerability due to a [user-provided value](1).
BenchmarkTest01579,java/xss,src/main/java/org/owasp/benchmark/testcode/BenchmarkTest01579.java,86,Cross-site scripting vulnerability due to a [user-provided value](1).
BenchmarkTest01582,java/xss,src/main/java/org/owasp/benchmark/testcode/BenchmarkTest01582.java,86,Cross-site scripting vulnerability due to a [user-provided value](1).
BenchmarkTest01584,java/xss,src/main/java/org/owasp/benchmark/testcode/BenchmarkTest01584.java,52,Cross-site scripting vulnerability due to a [user-provided value](1).
BenchmarkTest01585,java/xss,src/main/java/org/owasp/benchmark/testcode/BenchmarkTest01585.java,52,Cross-site scripting vulnerability due to a [user-provided value](1).
BenchmarkTest01587,java/xss,src/main/java/org/owasp/benchmark/testcode/BenchmarkTest01587.java,52,Cross-site scripting vulnerability due to a [user-provided value](1).
BenchmarkTest01589,java/xss,src/main/java/org/owasp/benchmark/testcode/BenchmarkTest01589.java,52,Cross-site scripting vulnerability due to a [user-provided value](1).
BenchmarkTest01590,java/xss,src/main/java/org/owasp/benchmark/testcode/BenchmarkTest01590.java,52,Cross-site scripting vulnerability due to a [user-provided value](1).
BenchmarkTest01581,java/xss,src/main/java/org/owasp/benchmark/testcode/BenchmarkTest01581.java,86,Cross-site scripting vulnerability due to a [user-provided value](1).
BenchmarkTest01594,java/xss,src/main/java/org/owasp/benchmark/testcode/BenchmarkTest01594.java,51,Cross-site scripting vulnerability due to a [user-provided value](1).
BenchmarkTest01595,java/xss,src/main/java/org/owasp/benchmark/testcode/BenchmarkTest01595.java,51,Cross-site scripting vulnerability due to a [user-provided value](1).
BenchmarkTest01597,java/xss,src/main/java/org/owasp/benchmark/testcode/BenchmarkTest01597.java,54,Cross-site scripting vulnerability due to a [user-provided value](1).
BenchmarkTest01596,java/xss,src/main/java/org/owasp/benchmark/testcode/BenchmarkTest01596.java,54,Cross-site scripting vulnerability due to a [user-provided value](1).
BenchmarkTest01592,java/xss,src/main/java/org/owasp/benchmark/testcode/BenchmarkTest01592.java,51,Cross-site scripting vulnerability due to a [user-provided value](1).
BenchmarkTest01599,java/xss,src/main/java/org/owasp/benchmark/testcode/BenchmarkTest01599.java,51,Cross-site scripting vulnerability due to a [user-provided value](1).
BenchmarkTest01598,java/xss,src/main/java/org/owasp/benchmark/testcode/BenchmarkTest01598.java,51,Cross-site scripting vulnerability due to a [user-provided value](1).
BenchmarkTest01603,java/xss,src/main/java/org/owasp/benchmark/testcode/BenchmarkTest01603.java,89,"Cross-site scripting vulnerability due to a [user-provided value](1).
Cross-site scripting vulnerability due to a [user-provided value](2)."
BenchmarkTest01604,java/xss,src/main/java/org/owasp/benchmark/testcode/BenchmarkTest01604.java,75,Cross-site scripting vulnerability due to a [user-provided value](1).
BenchmarkTest01605,java/xss,src/main/java/org/owasp/benchmark/testcode/BenchmarkTest01605.java,75,Cross-site scripting vulnerability due to a [user-provided value](1).
BenchmarkTest01602,java/xss,src/main/java/org/owasp/benchmark/testcode/BenchmarkTest01602.java,89,"Cross-site scripting vulnerability due to a [user-provided value](1).
Cross-site scripting vulnerability due to a [user-provided value](2)."
BenchmarkTest01615,java/xss,src/main/java/org/owasp/benchmark/testcode/BenchmarkTest01615.java,55,Cross-site scripting vulnerability due to a [user-provided value](1).
BenchmarkTest01616,java/xss,src/main/java/org/owasp/benchmark/testcode/BenchmarkTest01616.java,55,Cross-site scripting vulnerability due to a [user-provided value](1).
BenchmarkTest01611,java/xss,src/main/java/org/owasp/benchmark/testcode/BenchmarkTest01611.java,97,"Cross-site scripting vulnerability due to a [user-provided value](1).
Cross-site scripting vulnerability due to a [user-provided value](2)."
BenchmarkTest01614,java/xss,src/main/java/org/owasp/benchmark/testcode/BenchmarkTest01614.java,90,"Cross-site scripting vulnerability due to a [user-provided value](1).
Cross-site scripting vulnerability due to a [user-provided value](2)."
BenchmarkTest01617,java/xss,src/main/java/org/owasp/benchmark/testcode/BenchmarkTest01617.java,55,Cross-site scripting vulnerability due to a [user-provided value](1).
BenchmarkTest01618,java/xss,src/main/java/org/owasp/benchmark/testcode/BenchmarkTest01618.java,55,Cross-site scripting vulnerability due to a [user-provided value](1).
BenchmarkTest01624,java/xss,src/main/java/org/owasp/benchmark/testcode/BenchmarkTest01624.java,56,Cross-site scripting vulnerability due to a [user-provided value](1).
BenchmarkTest01625,java/xss,src/main/java/org/owasp/benchmark/testcode/BenchmarkTest01625.java,61,Cross-site scripting vulnerability due to a [user-provided value](1).
BenchmarkTest01612,java/xss,src/main/java/org/owasp/benchmark/testcode/BenchmarkTest01612.java,91,"Cross-site scripting vulnerability due to a [user-provided value](1).
Cross-site scripting vulnerability due to a [user-provided value](2)."
BenchmarkTest01619,java/xss,src/main/java/org/owasp/benchmark/testcode/BenchmarkTest01619.java,55,Cross-site scripting vulnerability due to a [user-provided value](1).
BenchmarkTest01613,java/xss,src/main/java/org/owasp/benchmark/testcode/BenchmarkTest01613.java,90,"Cross-site scripting vulnerability due to a [user-provided value](1).
Cross-site scripting vulnerability due to a [user-provided value](2)."
BenchmarkTest01636,java/xss,src/main/java/org/owasp/benchmark/testcode/BenchmarkTest01636.java,125,Cross-site scripting vulnerability due to a [user-provided value](1).
BenchmarkTest01635,java/xss,src/main/java/org/owasp/benchmark/testcode/BenchmarkTest01635.java,125,Cross-site scripting vulnerability due to a [user-provided value](1).
BenchmarkTest01642,java/xss,src/main/java/org/owasp/benchmark/testcode/BenchmarkTest01642.java,76,Cross-site scripting vulnerability due to a [user-provided value](1).
BenchmarkTest01637,java/xss,src/main/java/org/owasp/benchmark/testcode/BenchmarkTest01637.java,121,Cross-site scripting vulnerability due to a [user-provided value](1).
BenchmarkTest01640,java/xss,src/main/java/org/owasp/benchmark/testcode/BenchmarkTest01640.java,114,Cross-site scripting vulnerability due to a [user-provided value](1).
BenchmarkTest01638,java/xss,src/main/java/org/owasp/benchmark/testcode/BenchmarkTest01638.java,121,Cross-site scripting vulnerability due to a [user-provided value](1).
BenchmarkTest01639,java/xss,src/main/java/org/owasp/benchmark/testcode/BenchmarkTest01639.java,121,Cross-site scripting vulnerability due to a [user-provided value](1).
BenchmarkTest01646,java/xss,src/main/java/org/owasp/benchmark/testcode/BenchmarkTest01646.java,81,Cross-site scripting vulnerability due to a [user-provided value](1).
BenchmarkTest01647,java/xss,src/main/java/org/owasp/benchmark/testcode/BenchmarkTest01647.java,81,Cross-site scripting vulnerability due to a [user-provided value](1).
BenchmarkTest01643,java/xss,src/main/java/org/owasp/benchmark/testcode/BenchmarkTest01643.java,92,Cross-site scripting vulnerability due to a [user-provided value](1).
BenchmarkTest01649,java/xss,src/main/java/org/owasp/benchmark/testcode/BenchmarkTest01649.java,104,Cross-site scripting vulnerability due to a [user-provided value](1).
BenchmarkTest01632,java/xss,src/main/java/org/owasp/benchmark/testcode/BenchmarkTest01632.java,81,Cross-site scripting vulnerability due to a [user-provided value](1).
BenchmarkTest01645,java/xss,src/main/java/org/owasp/benchmark/testcode/BenchmarkTest01645.java,82,Cross-site scripting vulnerability due to a [user-provided value](1).
BenchmarkTest01641,java/xss,src/main/java/org/owasp/benchmark/testcode/BenchmarkTest01641.java,113,Cross-site scripting vulnerability due to a [user-provided value](1).
BenchmarkTest01648,java/xss,src/main/java/org/owasp/benchmark/testcode/BenchmarkTest01648.java,112,"Cross-site scripting vulnerability due to a [user-provided value](1).
Cross-site scripting vulnerability due to a [user-provided value](2)."
BenchmarkTest01651,java/xss,src/main/java/org/owasp/benchmark/testcode/BenchmarkTest01651.java,104,Cross-site scripting vulnerability due to a [user-provided value](1).
BenchmarkTest01652,java/xss,src/main/java/org/owasp/benchmark/testcode/BenchmarkTest01652.java,105,Cross-site scripting vulnerability due to a [user-provided value](1).
BenchmarkTest01657,java/xss,src/main/java/org/owasp/benchmark/testcode/BenchmarkTest01657.java,76,Cross-site scripting vulnerability due to a [user-provided value](1).
BenchmarkTest01658,java/xss,src/main/java/org/owasp/benchmark/testcode/BenchmarkTest01658.java,74,Cross-site scripting vulnerability due to a [user-provided value](1).
BenchmarkTest01655,java/xss,src/main/java/org/owasp/benchmark/testcode/BenchmarkTest01655.java,108,Cross-site scripting vulnerability due to a [user-provided value](1).
BenchmarkTest01654,java/xss,src/main/java/org/owasp/benchmark/testcode/BenchmarkTest01654.java,108,Cross-site scripting vulnerability due to a [user-provided value](1).
BenchmarkTest01660,java/xss,src/main/java/org/owasp/benchmark/testcode/BenchmarkTest01660.java,73,Cross-site scripting vulnerability due to a [user-provided value](1).
BenchmarkTest01663,java/xss,src/main/java/org/owasp/benchmark/testcode/BenchmarkTest01663.java,74,Cross-site scripting vulnerability due to a [user-provided value](1).
BenchmarkTest01662,java/xss,src/main/java/org/owasp/benchmark/testcode/BenchmarkTest01662.java,74,Cross-site scripting vulnerability due to a [user-provided value](1).
BenchmarkTest01664,java/xss,src/main/java/org/owasp/benchmark/testcode/BenchmarkTest01664.java,73,Cross-site scripting vulnerability due to a [user-provided value](1).
BenchmarkTest01665,java/xss,src/main/java/org/owasp/benchmark/testcode/BenchmarkTest01665.java,73,Cross-site scripting vulnerability due to a [user-provided value](1).
BenchmarkTest01656,java/xss,src/main/java/org/owasp/benchmark/testcode/BenchmarkTest01656.java,108,Cross-site scripting vulnerability due to a [user-provided value](1).
BenchmarkTest01668,java/xss,src/main/java/org/owasp/benchmark/testcode/BenchmarkTest01668.java,73,Cross-site scripting vulnerability due to a [user-provided value](1).
BenchmarkTest01667,java/xss,src/main/java/org/owasp/benchmark/testcode/BenchmarkTest01667.java,73,Cross-site scripting vulnerability due to a [user-provided value](1).
BenchmarkTest01669,java/xss,src/main/java/org/owasp/benchmark/testcode/BenchmarkTest01669.java,73,Cross-site scripting vulnerability due to a [user-provided value](1).
BenchmarkTest01671,java/xss,src/main/java/org/owasp/benchmark/testcode/BenchmarkTest01671.java,73,Cross-site scripting vulnerability due to a [user-provided value](1).
BenchmarkTest01666,java/xss,src/main/java/org/owasp/benchmark/testcode/BenchmarkTest01666.java,73,Cross-site scripting vulnerability due to a [user-provided value](1).
BenchmarkTest01670,java/xss,src/main/java/org/owasp/benchmark/testcode/BenchmarkTest01670.java,73,Cross-site scripting vulnerability due to a [user-provided value](1).
BenchmarkTest01676,java/xss,src/main/java/org/owasp/benchmark/testcode/BenchmarkTest01676.java,111,"Cross-site scripting vulnerability due to a [user-provided value](1).
Cross-site scripting vulnerability due to a [user-provided value](2)."
BenchmarkTest01682,java/xss,src/main/java/org/owasp/benchmark/testcode/BenchmarkTest01682.java,97,Cross-site scripting vulnerability due to a [user-provided value](1).
BenchmarkTest01678,java/xss,src/main/java/org/owasp/benchmark/testcode/BenchmarkTest01678.java,111,"Cross-site scripting vulnerability due to a [user-provided value](1).
Cross-site scripting vulnerability due to a [user-provided value](2)."
BenchmarkTest01683,java/xss,src/main/java/org/owasp/benchmark/testcode/BenchmarkTest01683.java,97,Cross-site scripting vulnerability due to a [user-provided value](1).
BenchmarkTest01677,java/xss,src/main/java/org/owasp/benchmark/testcode/BenchmarkTest01677.java,111,"Cross-site scripting vulnerability due to a [user-provided value](1).
Cross-site scripting vulnerability due to a [user-provided value](2)."
BenchmarkTest01684,java/xss,src/main/java/org/owasp/benchmark/testcode/BenchmarkTest01684.java,97,Cross-site scripting vulnerability due to a [user-provided value](1).
BenchmarkTest01679,java/xss,src/main/java/org/owasp/benchmark/testcode/BenchmarkTest01679.java,111,"Cross-site scripting vulnerability due to a [user-provided value](1).
Cross-site scripting vulnerability due to a [user-provided value](2)."
BenchmarkTest01675,java/xss,src/main/java/org/owasp/benchmark/testcode/BenchmarkTest01675.java,112,"Cross-site scripting vulnerability due to a [user-provided value](1).
Cross-site scripting vulnerability due to a [user-provided value](2)."
BenchmarkTest01680,java/xss,src/main/java/org/owasp/benchmark/testcode/BenchmarkTest01680.java,110,"Cross-site scripting vulnerability due to a [user-provided value](1).
Cross-site scripting vulnerability due to a [user-provided value](2)."
BenchmarkTest01681,java/xss,src/main/java/org/owasp/benchmark/testcode/BenchmarkTest01681.java,110,"Cross-site scripting vulnerability due to a [user-provided value](1).
Cross-site scripting vulnerability due to a [user-provided value](2)."
BenchmarkTest01694,java/xss,src/main/java/org/owasp/benchmark/testcode/BenchmarkTest01694.java,119,"Cross-site scripting vulnerability due to a [user-provided value](1).
Cross-site scripting vulnerability due to a [user-provided value](2)."
BenchmarkTest01696,java/xss,src/main/java/org/owasp/benchmark/testcode/BenchmarkTest01696.java,115,"Cross-site scripting vulnerability due to a [user-provided value](1).
Cross-site scripting vulnerability due to a [user-provided value](2)."
BenchmarkTest01698,java/xss,src/main/java/org/owasp/benchmark/testcode/BenchmarkTest01698.java,115,"Cross-site scripting vulnerability due to a [user-provided value](1).
Cross-site scripting vulnerability due to a [user-provided value](2)."
BenchmarkTest01701,java/xss,src/main/java/org/owasp/benchmark/testcode/BenchmarkTest01701.java,115,"Cross-site scripting vulnerability due to a [user-provided value](1).
Cross-site scripting vulnerability due to a [user-provided value](2)."
BenchmarkTest01695,java/xss,src/main/java/org/owasp/benchmark/testcode/BenchmarkTest01695.java,118,"Cross-site scripting vulnerability due to a [user-provided value](1).
Cross-site scripting vulnerability due to a [user-provided value](2)."
BenchmarkTest01700,java/xss,src/main/java/org/owasp/benchmark/testcode/BenchmarkTest01700.java,115,"Cross-site scripting vulnerability due to a [user-provided value](1).
Cross-site scripting vulnerability due to a [user-provided value](2)."
BenchmarkTest01697,java/xss,src/main/java/org/owasp/benchmark/testcode/BenchmarkTest01697.java,115,"Cross-site scripting vulnerability due to a [user-provided value](1).
Cross-site scripting vulnerability due to a [user-provided value](2)."
BenchmarkTest01704,java/xss,src/main/java/org/owasp/benchmark/testcode/BenchmarkTest01704.java,112,"Cross-site scripting vulnerability due to a [user-provided value](1).
Cross-site scripting vulnerability due to a [user-provided value](2)."
BenchmarkTest01708,java/xss,src/main/java/org/owasp/benchmark/testcode/BenchmarkTest01708.java,77,Cross-site scripting vulnerability due to a [user-provided value](1).
BenchmarkTest01699,java/xss,src/main/java/org/owasp/benchmark/testcode/BenchmarkTest01699.java,115,"Cross-site scripting vulnerability due to a [user-provided value](1).
Cross-site scripting vulnerability due to a [user-provided value](2)."
BenchmarkTest01709,java/xss,src/main/java/org/owasp/benchmark/testcode/BenchmarkTest01709.java,77,Cross-site scripting vulnerability due to a [user-provided value](1).
BenchmarkTest01705,java/xss,src/main/java/org/owasp/benchmark/testcode/BenchmarkTest01705.java,112,"Cross-site scripting vulnerability due to a [user-provided value](1).
Cross-site scripting vulnerability due to a [user-provided value](2)."
BenchmarkTest01711,java/xss,src/main/java/org/owasp/benchmark/testcode/BenchmarkTest01711.java,77,Cross-site scripting vulnerability due to a [user-provided value](1).
BenchmarkTest01710,java/xss,src/main/java/org/owasp/benchmark/testcode/BenchmarkTest01710.java,77,Cross-site scripting vulnerability due to a [user-provided value](1).
BenchmarkTest01703,java/xss,src/main/java/org/owasp/benchmark/testcode/BenchmarkTest01703.java,113,"Cross-site scripting vulnerability due to a [user-provided value](1).
Cross-site scripting vulnerability due to a [user-provided value](2)."
BenchmarkTest01706,java/xss,src/main/java/org/owasp/benchmark/testcode/BenchmarkTest01706.java,112,"Cross-site scripting vulnerability due to a [user-provided value](1).
Cross-site scripting vulnerability due to a [user-provided value](2)."
BenchmarkTest01707,java/xss,src/main/java/org/owasp/benchmark/testcode/BenchmarkTest01707.java,112,"Cross-site scripting vulnerability due to a [user-provided value](1).
Cross-site scripting vulnerability due to a [user-provided value](2)."
BenchmarkTest01702,java/xss,src/main/java/org/owasp/benchmark/testcode/BenchmarkTest01702.java,115,"Cross-site scripting vulnerability due to a [user-provided value](1).
Cross-site scripting vulnerability due to a [user-provided value](2)."
BenchmarkTest01720,java/xss,src/main/java/org/owasp/benchmark/testcode/BenchmarkTest01720.java,78,Cross-site scripting vulnerability due to a [user-provided value](1).
BenchmarkTest01722,java/xss,src/main/java/org/owasp/benchmark/testcode/BenchmarkTest01722.java,100,Cross-site scripting vulnerability due to a [user-provided value](1).
BenchmarkTest01723,java/xss,src/main/java/org/owasp/benchmark/testcode/BenchmarkTest01723.java,84,Cross-site scripting vulnerability due to a [user-provided value](1).
BenchmarkTest01724,java/xss,src/main/java/org/owasp/benchmark/testcode/BenchmarkTest01724.java,90,Cross-site scripting vulnerability due to a [user-provided value](1).
BenchmarkTest01721,java/xss,src/main/java/org/owasp/benchmark/testcode/BenchmarkTest01721.java,100,Cross-site scripting vulnerability due to a [user-provided value](1).
BenchmarkTest01725,java/xss,src/main/java/org/owasp/benchmark/testcode/BenchmarkTest01725.java,87,Cross-site scripting vulnerability due to a [user-provided value](1).
BenchmarkTest01727,java/xss,src/main/java/org/owasp/benchmark/testcode/BenchmarkTest01727.java,78,Cross-site scripting vulnerability due to a [user-provided value](1).
BenchmarkTest01726,java/xss,src/main/java/org/owasp/benchmark/testcode/BenchmarkTest01726.java,93,Cross-site scripting vulnerability due to a [user-provided value](1).
BenchmarkTest01734,java/xss,src/main/java/org/owasp/benchmark/testcode/BenchmarkTest01734.java,103,Cross-site scripting vulnerability due to a [user-provided value](1).
BenchmarkTest01736,java/xss,src/main/java/org/owasp/benchmark/testcode/BenchmarkTest01736.java,96,Cross-site scripting vulnerability due to a [user-provided value](1).
BenchmarkTest01782,java/xss,src/main/java/org/owasp/benchmark/testcode/BenchmarkTest01782.java,87,"Cross-site scripting vulnerability due to a [user-provided value](1).
Cross-site scripting vulnerability due to a [user-provided value](2)."
BenchmarkTest01781,java/xss,src/main/java/org/owasp/benchmark/testcode/BenchmarkTest01781.java,88,"Cross-site scripting vulnerability due to a [user-provided value](1).
Cross-site scripting vulnerability due to a [user-provided value](2)."
BenchmarkTest01783,java/xss,src/main/java/org/owasp/benchmark/testcode/BenchmarkTest01783.java,87,"Cross-site scripting vulnerability due to a [user-provided value](1).
Cross-site scripting vulnerability due to a [user-provided value](2)."
BenchmarkTest01786,java/xss,src/main/java/org/owasp/benchmark/testcode/BenchmarkTest01786.java,87,"Cross-site scripting vulnerability due to a [user-provided value](1).
Cross-site scripting vulnerability due to a [user-provided value](2)."
BenchmarkTest01784,java/xss,src/main/java/org/owasp/benchmark/testcode/BenchmarkTest01784.java,87,"Cross-site scripting vulnerability due to a [user-provided value](1).
Cross-site scripting vulnerability due to a [user-provided value](2)."
BenchmarkTest01785,java/xss,src/main/java/org/owasp/benchmark/testcode/BenchmarkTest01785.java,87,"Cross-site scripting vulnerability due to a [user-provided value](1).
Cross-site scripting vulnerability due to a [user-provided value](2)."
BenchmarkTest01787,java/xss,src/main/java/org/owasp/benchmark/testcode/BenchmarkTest01787.java,87,"Cross-site scripting vulnerability due to a [user-provided value](1).
Cross-site scripting vulnerability due to a [user-provided value](2)."
BenchmarkTest01788,java/xss,src/main/java/org/owasp/benchmark/testcode/BenchmarkTest01788.java,88,"Cross-site scripting vulnerability due to a [user-provided value](1).
Cross-site scripting vulnerability due to a [user-provided value](2)."
BenchmarkTest01800,java/xss,src/main/java/org/owasp/benchmark/testcode/BenchmarkTest01800.java,89,"Cross-site scripting vulnerability due to a [user-provided value](1).
Cross-site scripting vulnerability due to a [user-provided value](2)."
BenchmarkTest01797,java/xss,src/main/java/org/owasp/benchmark/testcode/BenchmarkTest01797.java,92,"Cross-site scripting vulnerability due to a [user-provided value](1).
Cross-site scripting vulnerability due to a [user-provided value](2)."
BenchmarkTest01798,java/xss,src/main/java/org/owasp/benchmark/testcode/BenchmarkTest01798.java,90,"Cross-site scripting vulnerability due to a [user-provided value](1).
Cross-site scripting vulnerability due to a [user-provided value](2)."
BenchmarkTest01799,java/xss,src/main/java/org/owasp/benchmark/testcode/BenchmarkTest01799.java,90,"Cross-site scripting vulnerability due to a [user-provided value](1).
Cross-site scripting vulnerability due to a [user-provided value](2)."
BenchmarkTest01801,java/xss,src/main/java/org/owasp/benchmark/testcode/BenchmarkTest01801.java,89,"Cross-site scripting vulnerability due to a [user-provided value](1).
Cross-site scripting vulnerability due to a [user-provided value](2)."
BenchmarkTest01824,java/xss,src/main/java/org/owasp/benchmark/testcode/BenchmarkTest01824.java,120,Cross-site scripting vulnerability due to a [user-provided value](1).
BenchmarkTest01826,java/xss,src/main/java/org/owasp/benchmark/testcode/BenchmarkTest01826.java,120,Cross-site scripting vulnerability due to a [user-provided value](1).
BenchmarkTest01822,java/xss,src/main/java/org/owasp/benchmark/testcode/BenchmarkTest01822.java,118,Cross-site scripting vulnerability due to a [user-provided value](1).
BenchmarkTest01828,java/xss,src/main/java/org/owasp/benchmark/testcode/BenchmarkTest01828.java,102,Cross-site scripting vulnerability due to a [user-provided value](1).
BenchmarkTest01827,java/xss,src/main/java/org/owasp/benchmark/testcode/BenchmarkTest01827.java,120,Cross-site scripting vulnerability due to a [user-provided value](1).
BenchmarkTest01825,java/xss,src/main/java/org/owasp/benchmark/testcode/BenchmarkTest01825.java,120,Cross-site scripting vulnerability due to a [user-provided value](1).
BenchmarkTest01831,java/xss,src/main/java/org/owasp/benchmark/testcode/BenchmarkTest01831.java,104,Cross-site scripting vulnerability due to a [user-provided value](1).
BenchmarkTest01834,java/xss,src/main/java/org/owasp/benchmark/testcode/BenchmarkTest01834.java,71,Cross-site scripting vulnerability due to a [user-provided value](1).
BenchmarkTest01833,java/xss,src/main/java/org/owasp/benchmark/testcode/BenchmarkTest01833.java,71,Cross-site scripting vulnerability due to a [user-provided value](1).
BenchmarkTest01829,java/xss,src/main/java/org/owasp/benchmark/testcode/BenchmarkTest01829.java,108,Cross-site scripting vulnerability due to a [user-provided value](1).
BenchmarkTest01835,java/xss,src/main/java/org/owasp/benchmark/testcode/BenchmarkTest01835.java,71,Cross-site scripting vulnerability due to a [user-provided value](1).
BenchmarkTest01836,java/xss,src/main/java/org/owasp/benchmark/testcode/BenchmarkTest01836.java,87,Cross-site scripting vulnerability due to a [user-provided value](1).
BenchmarkTest01832,java/xss,src/main/java/org/owasp/benchmark/testcode/BenchmarkTest01832.java,104,Cross-site scripting vulnerability due to a [user-provided value](1).
BenchmarkTest01839,java/xss,src/main/java/org/owasp/benchmark/testcode/BenchmarkTest01839.java,76,Cross-site scripting vulnerability due to a [user-provided value](1).
BenchmarkTest01838,java/xss,src/main/java/org/owasp/benchmark/testcode/BenchmarkTest01838.java,77,Cross-site scripting vulnerability due to a [user-provided value](1).
BenchmarkTest01840,java/xss,src/main/java/org/owasp/benchmark/testcode/BenchmarkTest01840.java,76,Cross-site scripting vulnerability due to a [user-provided value](1).
BenchmarkTest01842,java/xss,src/main/java/org/owasp/benchmark/testcode/BenchmarkTest01842.java,107,"Cross-site scripting vulnerability due to a [user-provided value](1).
Cross-site scripting vulnerability due to a [user-provided value](2)."
BenchmarkTest01847,java/xss,src/main/java/org/owasp/benchmark/testcode/BenchmarkTest01847.java,107,Cross-site scripting vulnerability due to a [user-provided value](1).
BenchmarkTest01853,java/xss,src/main/java/org/owasp/benchmark/testcode/BenchmarkTest01853.java,107,"Cross-site scripting vulnerability due to a [user-provided value](1).
Cross-site scripting vulnerability due to a [user-provided value](2)."
BenchmarkTest01854,java/xss,src/main/java/org/owasp/benchmark/testcode/BenchmarkTest01854.java,106,"Cross-site scripting vulnerability due to a [user-provided value](1).
Cross-site scripting vulnerability due to a [user-provided value](2)."
BenchmarkTest01855,java/xss,src/main/java/org/owasp/benchmark/testcode/BenchmarkTest01855.java,106,"Cross-site scripting vulnerability due to a [user-provided value](1).
Cross-site scripting vulnerability due to a [user-provided value](2)."
BenchmarkTest01856,java/xss,src/main/java/org/owasp/benchmark/testcode/BenchmarkTest01856.java,106,"Cross-site scripting vulnerability due to a [user-provided value](1).
Cross-site scripting vulnerability due to a [user-provided value](2)."
BenchmarkTest01857,java/xss,src/main/java/org/owasp/benchmark/testcode/BenchmarkTest01857.java,106,"Cross-site scripting vulnerability due to a [user-provided value](1).
Cross-site scripting vulnerability due to a [user-provided value](2)."
BenchmarkTest01859,java/xss,src/main/java/org/owasp/benchmark/testcode/BenchmarkTest01859.java,106,"Cross-site scripting vulnerability due to a [user-provided value](1).
Cross-site scripting vulnerability due to a [user-provided value](2)."
BenchmarkTest01860,java/xss,src/main/java/org/owasp/benchmark/testcode/BenchmarkTest01860.java,106,"Cross-site scripting vulnerability due to a [user-provided value](1).
Cross-site scripting vulnerability due to a [user-provided value](2)."
BenchmarkTest01861,java/xss,src/main/java/org/owasp/benchmark/testcode/BenchmarkTest01861.java,92,Cross-site scripting vulnerability due to a [user-provided value](1).
BenchmarkTest01862,java/xss,src/main/java/org/owasp/benchmark/testcode/BenchmarkTest01862.java,92,Cross-site scripting vulnerability due to a [user-provided value](1).
BenchmarkTest01863,java/xss,src/main/java/org/owasp/benchmark/testcode/BenchmarkTest01863.java,92,Cross-site scripting vulnerability due to a [user-provided value](1).
BenchmarkTest01843,java/xss,src/main/java/org/owasp/benchmark/testcode/BenchmarkTest01843.java,107,"Cross-site scripting vulnerability due to a [user-provided value](1).
Cross-site scripting vulnerability due to a [user-provided value](2)."
BenchmarkTest01866,java/xss,src/main/java/org/owasp/benchmark/testcode/BenchmarkTest01866.java,110,"Cross-site scripting vulnerability due to a [user-provided value](1).
Cross-site scripting vulnerability due to a [user-provided value](2)."
BenchmarkTest01868,java/xss,src/main/java/org/owasp/benchmark/testcode/BenchmarkTest01868.java,114,"Cross-site scripting vulnerability due to a [user-provided value](1).
Cross-site scripting vulnerability due to a [user-provided value](2)."
BenchmarkTest01846,java/xss,src/main/java/org/owasp/benchmark/testcode/BenchmarkTest01846.java,107,Cross-site scripting vulnerability due to a [user-provided value](1).
BenchmarkTest01867,java/xss,src/main/java/org/owasp/benchmark/testcode/BenchmarkTest01867.java,110,"Cross-site scripting vulnerability due to a [user-provided value](1).
Cross-site scripting vulnerability due to a [user-provided value](2)."
BenchmarkTest01848,java/xss,src/main/java/org/owasp/benchmark/testcode/BenchmarkTest01848.java,100,Cross-site scripting vulnerability due to a [user-provided value](1).
BenchmarkTest01872,java/xss,src/main/java/org/owasp/benchmark/testcode/BenchmarkTest01872.java,72,Cross-site scripting vulnerability due to a [user-provided value](1).
BenchmarkTest01870,java/xss,src/main/java/org/owasp/benchmark/testcode/BenchmarkTest01870.java,107,"Cross-site scripting vulnerability due to a [user-provided value](1).
Cross-site scripting vulnerability due to a [user-provided value](2)."
BenchmarkTest01874,java/xss,src/main/java/org/owasp/benchmark/testcode/BenchmarkTest01874.java,72,Cross-site scripting vulnerability due to a [user-provided value](1).
BenchmarkTest01873,java/xss,src/main/java/org/owasp/benchmark/testcode/BenchmarkTest01873.java,72,Cross-site scripting vulnerability due to a [user-provided value](1).
BenchmarkTest01876,java/xss,src/main/java/org/owasp/benchmark/testcode/BenchmarkTest01876.java,72,Cross-site scripting vulnerability due to a [user-provided value](1).
BenchmarkTest01871,java/xss,src/main/java/org/owasp/benchmark/testcode/BenchmarkTest01871.java,107,"Cross-site scripting vulnerability due to a [user-provided value](1).
Cross-site scripting vulnerability due to a [user-provided value](2)."
BenchmarkTest01875,java/xss,src/main/java/org/owasp/benchmark/testcode/BenchmarkTest01875.java,72,Cross-site scripting vulnerability due to a [user-provided value](1).
BenchmarkTest01869,java/xss,src/main/java/org/owasp/benchmark/testcode/BenchmarkTest01869.java,114,"Cross-site scripting vulnerability due to a [user-provided value](1).
Cross-site scripting vulnerability due to a [user-provided value](2)."
BenchmarkTest01858,java/xss,src/main/java/org/owasp/benchmark/testcode/BenchmarkTest01858.java,106,"Cross-site scripting vulnerability due to a [user-provided value](1).
Cross-site scripting vulnerability due to a [user-provided value](2)."
BenchmarkTest01881,java/xss,src/main/java/org/owasp/benchmark/testcode/BenchmarkTest01881.java,73,Cross-site scripting vulnerability due to a [user-provided value](1).
BenchmarkTest01883,java/xss,src/main/java/org/owasp/benchmark/testcode/BenchmarkTest01883.java,88,Cross-site scripting vulnerability due to a [user-provided value](1).
BenchmarkTest01882,java/xss,src/main/java/org/owasp/benchmark/testcode/BenchmarkTest01882.java,95,Cross-site scripting vulnerability due to a [user-provided value](1).
BenchmarkTest01896,java/xss,src/main/java/org/owasp/benchmark/testcode/BenchmarkTest01896.java,88,Cross-site scripting vulnerability due to a [user-provided value](1).
BenchmarkTest01897,java/xss,src/main/java/org/owasp/benchmark/testcode/BenchmarkTest01897.java,102,Cross-site scripting vulnerability due to a [user-provided value](1).
BenchmarkTest01898,java/xss,src/main/java/org/owasp/benchmark/testcode/BenchmarkTest01898.java,102,Cross-site scripting vulnerability due to a [user-provided value](1).
BenchmarkTest01899,java/xss,src/main/java/org/owasp/benchmark/testcode/BenchmarkTest01899.java,95,Cross-site scripting vulnerability due to a [user-provided value](1).
BenchmarkTest01902,java/xss,src/main/java/org/owasp/benchmark/testcode/BenchmarkTest01902.java,89,Cross-site scripting vulnerability due to a [user-provided value](1).
BenchmarkTest01904,java/xss,src/main/java/org/owasp/benchmark/testcode/BenchmarkTest01904.java,56,Cross-site scripting vulnerability due to a [user-provided value](1).
BenchmarkTest01894,java/xss,src/main/java/org/owasp/benchmark/testcode/BenchmarkTest01894.java,91,Cross-site scripting vulnerability due to a [user-provided value](1).
BenchmarkTest01905,java/xss,src/main/java/org/owasp/benchmark/testcode/BenchmarkTest01905.java,63,Cross-site scripting vulnerability due to a [user-provided value](1).
BenchmarkTest01892,java/xss,src/main/java/org/owasp/benchmark/testcode/BenchmarkTest01892.java,98,Cross-site scripting vulnerability due to a [user-provided value](1).
BenchmarkTest01907,java/xss,src/main/java/org/owasp/benchmark/testcode/BenchmarkTest01907.java,62,Cross-site scripting vulnerability due to a [user-provided value](1).
BenchmarkTest01901,java/xss,src/main/java/org/owasp/benchmark/testcode/BenchmarkTest01901.java,104,Cross-site scripting vulnerability due to a [user-provided value](1).
BenchmarkTest01908,java/xss,src/main/java/org/owasp/benchmark/testcode/BenchmarkTest01908.java,63,Cross-site scripting vulnerability due to a [user-provided value](1).
BenchmarkTest01906,java/xss,src/main/java/org/owasp/benchmark/testcode/BenchmarkTest01906.java,62,Cross-site scripting vulnerability due to a [user-provided value](1).
BenchmarkTest01909,java/xss,src/main/java/org/owasp/benchmark/testcode/BenchmarkTest01909.java,92,Cross-site scripting vulnerability due to a [user-provided value](1).
BenchmarkTest01913,java/xss,src/main/java/org/owasp/benchmark/testcode/BenchmarkTest01913.java,85,Cross-site scripting vulnerability due to a [user-provided value](1).
BenchmarkTest01911,java/xss,src/main/java/org/owasp/benchmark/testcode/BenchmarkTest01911.java,93,Cross-site scripting vulnerability due to a [user-provided value](1).
BenchmarkTest01912,java/xss,src/main/java/org/owasp/benchmark/testcode/BenchmarkTest01912.java,86,Cross-site scripting vulnerability due to a [user-provided value](1).
BenchmarkTest01919,java/xss,src/main/java/org/owasp/benchmark/testcode/BenchmarkTest01919.java,55,Cross-site scripting vulnerability due to a [user-provided value](1).
BenchmarkTest01910,java/xss,src/main/java/org/owasp/benchmark/testcode/BenchmarkTest01910.java,93,"Cross-site scripting vulnerability due to a [user-provided value](1).
Cross-site scripting vulnerability due to a [user-provided value](2)."
BenchmarkTest01917,java/xss,src/main/java/org/owasp/benchmark/testcode/BenchmarkTest01917.java,54,Cross-site scripting vulnerability due to a [user-provided value](1).
BenchmarkTest01921,java/xss,src/main/java/org/owasp/benchmark/testcode/BenchmarkTest01921.java,55,Cross-site scripting vulnerability due to a [user-provided value](1).
BenchmarkTest01920,java/xss,src/main/java/org/owasp/benchmark/testcode/BenchmarkTest01920.java,55,Cross-site scripting vulnerability due to a [user-provided value](1).
BenchmarkTest01916,java/xss,src/main/java/org/owasp/benchmark/testcode/BenchmarkTest01916.java,54,Cross-site scripting vulnerability due to a [user-provided value](1).
BenchmarkTest01922,java/xss,src/main/java/org/owasp/benchmark/testcode/BenchmarkTest01922.java,55,Cross-site scripting vulnerability due to a [user-provided value](1).
BenchmarkTest01923,java/xss,src/main/java/org/owasp/benchmark/testcode/BenchmarkTest01923.java,55,Cross-site scripting vulnerability due to a [user-provided value](1).
BenchmarkTest01925,java/xss,src/main/java/org/owasp/benchmark/testcode/BenchmarkTest01925.java,54,Cross-site scripting vulnerability due to a [user-provided value](1).
BenchmarkTest01926,java/xss,src/main/java/org/owasp/benchmark/testcode/BenchmarkTest01926.java,54,Cross-site scripting vulnerability due to a [user-provided value](1).
BenchmarkTest01927,java/xss,src/main/java/org/owasp/benchmark/testcode/BenchmarkTest01927.java,54,Cross-site scripting vulnerability due to a [user-provided value](1).
BenchmarkTest01935,java/xss,src/main/java/org/owasp/benchmark/testcode/BenchmarkTest01935.java,78,Cross-site scripting vulnerability due to a [user-provided value](1).
BenchmarkTest01930,java/xss,src/main/java/org/owasp/benchmark/testcode/BenchmarkTest01930.java,92,"Cross-site scripting vulnerability due to a [user-provided value](1).
Cross-site scripting vulnerability due to a [user-provided value](2)."
BenchmarkTest01934,java/xss,src/main/java/org/owasp/benchmark/testcode/BenchmarkTest01934.java,92,"Cross-site scripting vulnerability due to a [user-provided value](1).
Cross-site scripting vulnerability due to a [user-provided value](2)."
BenchmarkTest01933,java/xss,src/main/java/org/owasp/benchmark/testcode/BenchmarkTest01933.java,92,"Cross-site scripting vulnerability due to a [user-provided value](1).
Cross-site scripting vulnerability due to a [user-provided value](2)."
BenchmarkTest01932,java/xss,src/main/java/org/owasp/benchmark/testcode/BenchmarkTest01932.java,91,"Cross-site scripting vulnerability due to a [user-provided value](1).
Cross-site scripting vulnerability due to a [user-provided value](2)."
BenchmarkTest01931,java/xss,src/main/java/org/owasp/benchmark/testcode/BenchmarkTest01931.java,92,"Cross-site scripting vulnerability due to a [user-provided value](1).
Cross-site scripting vulnerability due to a [user-provided value](2)."
BenchmarkTest01945,java/xss,src/main/java/org/owasp/benchmark/testcode/BenchmarkTest01945.java,100,"Cross-site scripting vulnerability due to a [user-provided value](1).
Cross-site scripting vulnerability due to a [user-provided value](2)."
BenchmarkTest01948,java/xss,src/main/java/org/owasp/benchmark/testcode/BenchmarkTest01948.java,100,"Cross-site scripting vulnerability due to a [user-provided value](1).
Cross-site scripting vulnerability due to a [user-provided value](2)."
BenchmarkTest01949,java/xss,src/main/java/org/owasp/benchmark/testcode/BenchmarkTest01949.java,96,"Cross-site scripting vulnerability due to a [user-provided value](1).
Cross-site scripting vulnerability due to a [user-provided value](2)."
BenchmarkTest01946,java/xss,src/main/java/org/owasp/benchmark/testcode/BenchmarkTest01946.java,100,"Cross-site scripting vulnerability due to a [user-provided value](1).
Cross-site scripting vulnerability due to a [user-provided value](2)."
BenchmarkTest01955,java/xss,src/main/java/org/owasp/benchmark/testcode/BenchmarkTest01955.java,58,Cross-site scripting vulnerability due to a [user-provided value](1).
BenchmarkTest01947,java/xss,src/main/java/org/owasp/benchmark/testcode/BenchmarkTest01947.java,100,"Cross-site scripting vulnerability due to a [user-provided value](1).
Cross-site scripting vulnerability due to a [user-provided value](2)."
BenchmarkTest01951,java/xss,src/main/java/org/owasp/benchmark/testcode/BenchmarkTest01951.java,94,"Cross-site scripting vulnerability due to a [user-provided value](1).
Cross-site scripting vulnerability due to a [user-provided value](2)."
BenchmarkTest01957,java/xss,src/main/java/org/owasp/benchmark/testcode/BenchmarkTest01957.java,58,Cross-site scripting vulnerability due to a [user-provided value](1).
BenchmarkTest01959,java/xss,src/main/java/org/owasp/benchmark/testcode/BenchmarkTest01959.java,58,Cross-site scripting vulnerability due to a [user-provided value](1).
BenchmarkTest01960,java/xss,src/main/java/org/owasp/benchmark/testcode/BenchmarkTest01960.java,58,Cross-site scripting vulnerability due to a [user-provided value](1).
BenchmarkTest01958,java/xss,src/main/java/org/owasp/benchmark/testcode/BenchmarkTest01958.java,58,Cross-site scripting vulnerability due to a [user-provided value](1).
BenchmarkTest01950,java/xss,src/main/java/org/owasp/benchmark/testcode/BenchmarkTest01950.java,94,"Cross-site scripting vulnerability due to a [user-provided value](1).
Cross-site scripting vulnerability due to a [user-provided value](2)."
BenchmarkTest01953,java/xss,src/main/java/org/owasp/benchmark/testcode/BenchmarkTest01953.java,93,"Cross-site scripting vulnerability due to a [user-provided value](1).
Cross-site scripting vulnerability due to a [user-provided value](2)."
BenchmarkTest01963,java/xss,src/main/java/org/owasp/benchmark/testcode/BenchmarkTest01963.java,59,Cross-site scripting vulnerability due to a [user-provided value](1).
BenchmarkTest01964,java/xss,src/main/java/org/owasp/benchmark/testcode/BenchmarkTest01964.java,81,Cross-site scripting vulnerability due to a [user-provided value](1).
BenchmarkTest01967,java/xss,src/main/java/org/owasp/benchmark/testcode/BenchmarkTest01967.java,68,Cross-site scripting vulnerability due to a [user-provided value](1).
BenchmarkTest01968,java/xss,src/main/java/org/owasp/benchmark/testcode/BenchmarkTest01968.java,59,Cross-site scripting vulnerability due to a [user-provided value](1).
BenchmarkTest01952,java/xss,src/main/java/org/owasp/benchmark/testcode/BenchmarkTest01952.java,94,"Cross-site scripting vulnerability due to a [user-provided value](1).
Cross-site scripting vulnerability due to a [user-provided value](2)."
BenchmarkTest01954,java/xss,src/main/java/org/owasp/benchmark/testcode/BenchmarkTest01954.java,93,"Cross-site scripting vulnerability due to a [user-provided value](1).
Cross-site scripting vulnerability due to a [user-provided value](2)."
BenchmarkTest01976,java/xss,src/main/java/org/owasp/benchmark/testcode/BenchmarkTest01976.java,116,Cross-site scripting vulnerability due to a [user-provided value](1).
BenchmarkTest01978,java/xss,src/main/java/org/owasp/benchmark/testcode/BenchmarkTest01978.java,112,Cross-site scripting vulnerability due to a [user-provided value](1).
BenchmarkTest01975,java/xss,src/main/java/org/owasp/benchmark/testcode/BenchmarkTest01975.java,116,Cross-site scripting vulnerability due to a [user-provided value](1).
BenchmarkTest01977,java/xss,src/main/java/org/owasp/benchmark/testcode/BenchmarkTest01977.java,116,Cross-site scripting vulnerability due to a [user-provided value](1).
BenchmarkTest01979,java/xss,src/main/java/org/owasp/benchmark/testcode/BenchmarkTest01979.java,105,Cross-site scripting vulnerability due to a [user-provided value](1).
BenchmarkTest01974,java/xss,src/main/java/org/owasp/benchmark/testcode/BenchmarkTest01974.java,84,Cross-site scripting vulnerability due to a [user-provided value](1).
BenchmarkTest01980,java/xss,src/main/java/org/owasp/benchmark/testcode/BenchmarkTest01980.java,104,Cross-site scripting vulnerability due to a [user-provided value](1).
BenchmarkTest01984,java/xss,src/main/java/org/owasp/benchmark/testcode/BenchmarkTest01984.java,67,Cross-site scripting vulnerability due to a [user-provided value](1).
BenchmarkTest01985,java/xss,src/main/java/org/owasp/benchmark/testcode/BenchmarkTest01985.java,66,Cross-site scripting vulnerability due to a [user-provided value](1).
BenchmarkTest01983,java/xss,src/main/java/org/owasp/benchmark/testcode/BenchmarkTest01983.java,67,Cross-site scripting vulnerability due to a [user-provided value](1).
BenchmarkTest01982,java/xss,src/main/java/org/owasp/benchmark/testcode/BenchmarkTest01982.java,114,Cross-site scripting vulnerability due to a [user-provided value](1).
BenchmarkTest01990,java/xss,src/main/java/org/owasp/benchmark/testcode/BenchmarkTest01990.java,72,Cross-site scripting vulnerability due to a [user-provided value](1).
BenchmarkTest01989,java/xss,src/main/java/org/owasp/benchmark/testcode/BenchmarkTest01989.java,72,Cross-site scripting vulnerability due to a [user-provided value](1).
BenchmarkTest01988,java/xss,src/main/java/org/owasp/benchmark/testcode/BenchmarkTest01988.java,73,Cross-site scripting vulnerability due to a [user-provided value](1).
BenchmarkTest01993,java/xss,src/main/java/org/owasp/benchmark/testcode/BenchmarkTest01993.java,103,Cross-site scripting vulnerability due to a [user-provided value](1).
BenchmarkTest01981,java/xss,src/main/java/org/owasp/benchmark/testcode/BenchmarkTest01981.java,104,Cross-site scripting vulnerability due to a [user-provided value](1).
BenchmarkTest01999,java/xss,src/main/java/org/owasp/benchmark/testcode/BenchmarkTest01999.java,103,"Cross-site scripting vulnerability due to a [user-provided value](1).
Cross-site scripting vulnerability due to a [user-provided value](2)."
BenchmarkTest01994,java/xss,src/main/java/org/owasp/benchmark/testcode/BenchmarkTest01994.java,103,Cross-site scripting vulnerability due to a [user-provided value](1).
BenchmarkTest01996,java/xss,src/main/java/org/owasp/benchmark/testcode/BenchmarkTest01996.java,99,Cross-site scripting vulnerability due to a [user-provided value](1).
BenchmarkTest01992,java/xss,src/main/java/org/owasp/benchmark/testcode/BenchmarkTest01992.java,103,"Cross-site scripting vulnerability due to a [user-provided value](1).
Cross-site scripting vulnerability due to a [user-provided value](2)."
BenchmarkTest01998,java/xss,src/main/java/org/owasp/benchmark/testcode/BenchmarkTest01998.java,99,Cross-site scripting vulnerability due to a [user-provided value](1).
BenchmarkTest01997,java/xss,src/main/java/org/owasp/benchmark/testcode/BenchmarkTest01997.java,99,Cross-site scripting vulnerability due to a [user-provided value](1).
BenchmarkTest02002,java/xss,src/main/java/org/owasp/benchmark/testcode/BenchmarkTest02002.java,101,"Cross-site scripting vulnerability due to a [user-provided value](1).
Cross-site scripting vulnerability due to a [user-provided value](2)."
BenchmarkTest02001,java/xss,src/main/java/org/owasp/benchmark/testcode/BenchmarkTest02001.java,102,"Cross-site scripting vulnerability due to a [user-provided value](1).
Cross-site scripting vulnerability due to a [user-provided value](2)."
BenchmarkTest02000,java/xss,src/main/java/org/owasp/benchmark/testcode/BenchmarkTest02000.java,103,"Cross-site scripting vulnerability due to a [user-provided value](1).
Cross-site scripting vulnerability due to a [user-provided value](2)."
BenchmarkTest02003,java/xss,src/main/java/org/owasp/benchmark/testcode/BenchmarkTest02003.java,101,"Cross-site scripting vulnerability due to a [user-provided value](1).
Cross-site scripting vulnerability due to a [user-provided value](2)."
BenchmarkTest02008,java/xss,src/main/java/org/owasp/benchmark/testcode/BenchmarkTest02008.java,109,"Cross-site scripting vulnerability due to a [user-provided value](1).
Cross-site scripting vulnerability due to a [user-provided value](2)."
BenchmarkTest02006,java/xss,src/main/java/org/owasp/benchmark/testcode/BenchmarkTest02006.java,88,Cross-site scripting vulnerability due to a [user-provided value](1).
BenchmarkTest02005,java/xss,src/main/java/org/owasp/benchmark/testcode/BenchmarkTest02005.java,88,Cross-site scripting vulnerability due to a [user-provided value](1).
BenchmarkTest02004,java/xss,src/main/java/org/owasp/benchmark/testcode/BenchmarkTest02004.java,102,"Cross-site scripting vulnerability due to a [user-provided value](1).
Cross-site scripting vulnerability due to a [user-provided value](2)."
BenchmarkTest02011,java/xss,src/main/java/org/owasp/benchmark/testcode/BenchmarkTest02011.java,106,"Cross-site scripting vulnerability due to a [user-provided value](1).
Cross-site scripting vulnerability due to a [user-provided value](2)."
BenchmarkTest02007,java/xss,src/main/java/org/owasp/benchmark/testcode/BenchmarkTest02007.java,110,"Cross-site scripting vulnerability due to a [user-provided value](1).
Cross-site scripting vulnerability due to a [user-provided value](2)."
BenchmarkTest02010,java/xss,src/main/java/org/owasp/benchmark/testcode/BenchmarkTest02010.java,106,"Cross-site scripting vulnerability due to a [user-provided value](1).
Cross-site scripting vulnerability due to a [user-provided value](2)."
BenchmarkTest02017,java/xss,src/main/java/org/owasp/benchmark/testcode/BenchmarkTest02017.java,106,Cross-site scripting vulnerability due to a [user-provided value](1).
BenchmarkTest02009,java/xss,src/main/java/org/owasp/benchmark/testcode/BenchmarkTest02009.java,109,"Cross-site scripting vulnerability due to a [user-provided value](1).
Cross-site scripting vulnerability due to a [user-provided value](2)."
BenchmarkTest02019,java/xss,src/main/java/org/owasp/benchmark/testcode/BenchmarkTest02019.java,106,Cross-site scripting vulnerability due to a [user-provided value](1).
BenchmarkTest02018,java/xss,src/main/java/org/owasp/benchmark/testcode/BenchmarkTest02018.java,106,Cross-site scripting vulnerability due to a [user-provided value](1).
BenchmarkTest02013,java/xss,src/main/java/org/owasp/benchmark/testcode/BenchmarkTest02013.java,106,"Cross-site scripting vulnerability due to a [user-provided value](1).
Cross-site scripting vulnerability due to a [user-provided value](2)."
BenchmarkTest02016,java/xss,src/main/java/org/owasp/benchmark/testcode/BenchmarkTest02016.java,68,Cross-site scripting vulnerability due to a [user-provided value](1).
BenchmarkTest02020,java/xss,src/main/java/org/owasp/benchmark/testcode/BenchmarkTest02020.java,104,Cross-site scripting vulnerability due to a [user-provided value](1).
BenchmarkTest02012,java/xss,src/main/java/org/owasp/benchmark/testcode/BenchmarkTest02012.java,110,"Cross-site scripting vulnerability due to a [user-provided value](1).
Cross-site scripting vulnerability due to a [user-provided value](2)."
BenchmarkTest02021,java/xss,src/main/java/org/owasp/benchmark/testcode/BenchmarkTest02021.java,97,Cross-site scripting vulnerability due to a [user-provided value](1).
BenchmarkTest02015,java/xss,src/main/java/org/owasp/benchmark/testcode/BenchmarkTest02015.java,68,Cross-site scripting vulnerability due to a [user-provided value](1).
BenchmarkTest02014,java/xss,src/main/java/org/owasp/benchmark/testcode/BenchmarkTest02014.java,103,"Cross-site scripting vulnerability due to a [user-provided value](1).
Cross-site scripting vulnerability due to a [user-provided value](2)."
BenchmarkTest02026,java/xss,src/main/java/org/owasp/benchmark/testcode/BenchmarkTest02026.java,60,Cross-site scripting vulnerability due to a [user-provided value](1).
BenchmarkTest02023,java/xss,src/main/java/org/owasp/benchmark/testcode/BenchmarkTest02023.java,96,Cross-site scripting vulnerability due to a [user-provided value](1).
BenchmarkTest02022,java/xss,src/main/java/org/owasp/benchmark/testcode/BenchmarkTest02022.java,96,Cross-site scripting vulnerability due to a [user-provided value](1).
BenchmarkTest02028,java/xss,src/main/java/org/owasp/benchmark/testcode/BenchmarkTest02028.java,59,Cross-site scripting vulnerability due to a [user-provided value](1).
BenchmarkTest02029,java/xss,src/main/java/org/owasp/benchmark/testcode/BenchmarkTest02029.java,58,Cross-site scripting vulnerability due to a [user-provided value](1).
BenchmarkTest02024,java/xss,src/main/java/org/owasp/benchmark/testcode/BenchmarkTest02024.java,106,Cross-site scripting vulnerability due to a [user-provided value](1).
BenchmarkTest02027,java/xss,src/main/java/org/owasp/benchmark/testcode/BenchmarkTest02027.java,59,Cross-site scripting vulnerability due to a [user-provided value](1).
BenchmarkTest02032,java/xss,src/main/java/org/owasp/benchmark/testcode/BenchmarkTest02032.java,65,Cross-site scripting vulnerability due to a [user-provided value](1).
BenchmarkTest02034,java/xss,src/main/java/org/owasp/benchmark/testcode/BenchmarkTest02034.java,70,Cross-site scripting vulnerability due to a [user-provided value](1).
BenchmarkTest02033,java/xss,src/main/java/org/owasp/benchmark/testcode/BenchmarkTest02033.java,64,Cross-site scripting vulnerability due to a [user-provided value](1).
BenchmarkTest02036,java/xss,src/main/java/org/owasp/benchmark/testcode/BenchmarkTest02036.java,94,Cross-site scripting vulnerability due to a [user-provided value](1).
BenchmarkTest02041,java/xss,src/main/java/org/owasp/benchmark/testcode/BenchmarkTest02041.java,95,Cross-site scripting vulnerability due to a [user-provided value](1).
BenchmarkTest02042,java/xss,src/main/java/org/owasp/benchmark/testcode/BenchmarkTest02042.java,87,Cross-site scripting vulnerability due to a [user-provided value](1).
BenchmarkTest02040,java/xss,src/main/java/org/owasp/benchmark/testcode/BenchmarkTest02040.java,95,"Cross-site scripting vulnerability due to a [user-provided value](1).
Cross-site scripting vulnerability due to a [user-provided value](2)."
BenchmarkTest02037,java/xss,src/main/java/org/owasp/benchmark/testcode/BenchmarkTest02037.java,94,Cross-site scripting vulnerability due to a [user-provided value](1).
BenchmarkTest02046,java/xss,src/main/java/org/owasp/benchmark/testcode/BenchmarkTest02046.java,56,Cross-site scripting vulnerability due to a [user-provided value](1).
BenchmarkTest02047,java/xss,src/main/java/org/owasp/benchmark/testcode/BenchmarkTest02047.java,56,Cross-site scripting vulnerability due to a [user-provided value](1).
BenchmarkTest02043,java/xss,src/main/java/org/owasp/benchmark/testcode/BenchmarkTest02043.java,91,Cross-site scripting vulnerability due to a [user-provided value](1).
BenchmarkTest02044,java/xss,src/main/java/org/owasp/benchmark/testcode/BenchmarkTest02044.java,91,Cross-site scripting vulnerability due to a [user-provided value](1).
BenchmarkTest02039,java/xss,src/main/java/org/owasp/benchmark/testcode/BenchmarkTest02039.java,95,"Cross-site scripting vulnerability due to a [user-provided value](1).
Cross-site scripting vulnerability due to a [user-provided value](2)."
BenchmarkTest02049,java/xss,src/main/java/org/owasp/benchmark/testcode/BenchmarkTest02049.java,57,Cross-site scripting vulnerability due to a [user-provided value](1).
BenchmarkTest02038,java/xss,src/main/java/org/owasp/benchmark/testcode/BenchmarkTest02038.java,95,"Cross-site scripting vulnerability due to a [user-provided value](1).
Cross-site scripting vulnerability due to a [user-provided value](2)."
BenchmarkTest02051,java/xss,src/main/java/org/owasp/benchmark/testcode/BenchmarkTest02051.java,57,Cross-site scripting vulnerability due to a [user-provided value](1).
BenchmarkTest02052,java/xss,src/main/java/org/owasp/benchmark/testcode/BenchmarkTest02052.java,57,Cross-site scripting vulnerability due to a [user-provided value](1).
BenchmarkTest02050,java/xss,src/main/java/org/owasp/benchmark/testcode/BenchmarkTest02050.java,57,Cross-site scripting vulnerability due to a [user-provided value](1).
BenchmarkTest02055,java/xss,src/main/java/org/owasp/benchmark/testcode/BenchmarkTest02055.java,56,Cross-site scripting vulnerability due to a [user-provided value](1).
BenchmarkTest02054,java/xss,src/main/java/org/owasp/benchmark/testcode/BenchmarkTest02054.java,57,Cross-site scripting vulnerability due to a [user-provided value](1).
BenchmarkTest02057,java/xss,src/main/java/org/owasp/benchmark/testcode/BenchmarkTest02057.java,59,Cross-site scripting vulnerability due to a [user-provided value](1).
BenchmarkTest02056,java/xss,src/main/java/org/owasp/benchmark/testcode/BenchmarkTest02056.java,56,Cross-site scripting vulnerability due to a [user-provided value](1).
BenchmarkTest02065,java/xss,src/main/java/org/owasp/benchmark/testcode/BenchmarkTest02065.java,80,Cross-site scripting vulnerability due to a [user-provided value](1).
BenchmarkTest02064,java/xss,src/main/java/org/owasp/benchmark/testcode/BenchmarkTest02064.java,80,Cross-site scripting vulnerability due to a [user-provided value](1).
BenchmarkTest02062,java/xss,src/main/java/org/owasp/benchmark/testcode/BenchmarkTest02062.java,93,"Cross-site scripting vulnerability due to a [user-provided value](1).
Cross-site scripting vulnerability due to a [user-provided value](2)."
BenchmarkTest02066,java/xss,src/main/java/org/owasp/benchmark/testcode/BenchmarkTest02066.java,80,Cross-site scripting vulnerability due to a [user-provided value](1).
BenchmarkTest02063,java/xss,src/main/java/org/owasp/benchmark/testcode/BenchmarkTest02063.java,94,"Cross-site scripting vulnerability due to a [user-provided value](1).
Cross-site scripting vulnerability due to a [user-provided value](2)."
BenchmarkTest02060,java/xss,src/main/java/org/owasp/benchmark/testcode/BenchmarkTest02060.java,94,"Cross-site scripting vulnerability due to a [user-provided value](1).
Cross-site scripting vulnerability due to a [user-provided value](2)."
BenchmarkTest02061,java/xss,src/main/java/org/owasp/benchmark/testcode/BenchmarkTest02061.java,93,"Cross-site scripting vulnerability due to a [user-provided value](1).
Cross-site scripting vulnerability due to a [user-provided value](2)."
BenchmarkTest02072,java/xss,src/main/java/org/owasp/benchmark/testcode/BenchmarkTest02072.java,102,"Cross-site scripting vulnerability due to a [user-provided value](1).
Cross-site scripting vulnerability due to a [user-provided value](2)."
BenchmarkTest02075,java/xss,src/main/java/org/owasp/benchmark/testcode/BenchmarkTest02075.java,98,"Cross-site scripting vulnerability due to a [user-provided value](1).
Cross-site scripting vulnerability due to a [user-provided value](2)."
BenchmarkTest02073,java/xss,src/main/java/org/owasp/benchmark/testcode/BenchmarkTest02073.java,101,"Cross-site scripting vulnerability due to a [user-provided value](1).
Cross-site scripting vulnerability due to a [user-provided value](2)."
BenchmarkTest02077,java/xss,src/main/java/org/owasp/benchmark/testcode/BenchmarkTest02077.java,102,"Cross-site scripting vulnerability due to a [user-provided value](1).
Cross-site scripting vulnerability due to a [user-provided value](2)."
BenchmarkTest02074,java/xss,src/main/java/org/owasp/benchmark/testcode/BenchmarkTest02074.java,98,"Cross-site scripting vulnerability due to a [user-provided value](1).
Cross-site scripting vulnerability due to a [user-provided value](2)."
BenchmarkTest02081,java/xss,src/main/java/org/owasp/benchmark/testcode/BenchmarkTest02081.java,95,"Cross-site scripting vulnerability due to a [user-provided value](1).
Cross-site scripting vulnerability due to a [user-provided value](2)."
BenchmarkTest02076,java/xss,src/main/java/org/owasp/benchmark/testcode/BenchmarkTest02076.java,98,"Cross-site scripting vulnerability due to a [user-provided value](1).
Cross-site scripting vulnerability due to a [user-provided value](2)."
BenchmarkTest02084,java/xss,src/main/java/org/owasp/benchmark/testcode/BenchmarkTest02084.java,60,Cross-site scripting vulnerability due to a [user-provided value](1).
BenchmarkTest02079,java/xss,src/main/java/org/owasp/benchmark/testcode/BenchmarkTest02079.java,96,"Cross-site scripting vulnerability due to a [user-provided value](1).
Cross-site scripting vulnerability due to a [user-provided value](2)."
BenchmarkTest02071,java/xss,src/main/java/org/owasp/benchmark/testcode/BenchmarkTest02071.java,102,"Cross-site scripting vulnerability due to a [user-provided value](1).
Cross-site scripting vulnerability due to a [user-provided value](2)."
BenchmarkTest02078,java/xss,src/main/java/org/owasp/benchmark/testcode/BenchmarkTest02078.java,98,"Cross-site scripting vulnerability due to a [user-provided value](1).
Cross-site scripting vulnerability due to a [user-provided value](2)."
BenchmarkTest02080,java/xss,src/main/java/org/owasp/benchmark/testcode/BenchmarkTest02080.java,96,"Cross-site scripting vulnerability due to a [user-provided value](1).
Cross-site scripting vulnerability due to a [user-provided value](2)."
BenchmarkTest02085,java/xss,src/main/java/org/owasp/benchmark/testcode/BenchmarkTest02085.java,60,Cross-site scripting vulnerability due to a [user-provided value](1).
BenchmarkTest02086,java/xss,src/main/java/org/owasp/benchmark/testcode/BenchmarkTest02086.java,60,Cross-site scripting vulnerability due to a [user-provided value](1).
BenchmarkTest02082,java/xss,src/main/java/org/owasp/benchmark/testcode/BenchmarkTest02082.java,95,"Cross-site scripting vulnerability due to a [user-provided value](1).
Cross-site scripting vulnerability due to a [user-provided value](2)."
BenchmarkTest02090,java/xss,src/main/java/org/owasp/benchmark/testcode/BenchmarkTest02090.java,61,Cross-site scripting vulnerability due to a [user-provided value](1).
BenchmarkTest02091,java/xss,src/main/java/org/owasp/benchmark/testcode/BenchmarkTest02091.java,83,Cross-site scripting vulnerability due to a [user-provided value](1).
BenchmarkTest02101,java/xss,src/main/java/org/owasp/benchmark/testcode/BenchmarkTest02101.java,97,Cross-site scripting vulnerability due to a [user-provided value](1).
BenchmarkTest02102,java/xss,src/main/java/org/owasp/benchmark/testcode/BenchmarkTest02102.java,83,Cross-site scripting vulnerability due to a [user-provided value](1).
BenchmarkTest02083,java/xss,src/main/java/org/owasp/benchmark/testcode/BenchmarkTest02083.java,95,"Cross-site scripting vulnerability due to a [user-provided value](1).
Cross-site scripting vulnerability due to a [user-provided value](2)."
BenchmarkTest02104,java/xss,src/main/java/org/owasp/benchmark/testcode/BenchmarkTest02104.java,85,Cross-site scripting vulnerability due to a [user-provided value](1).
BenchmarkTest02105,java/xss,src/main/java/org/owasp/benchmark/testcode/BenchmarkTest02105.java,52,Cross-site scripting vulnerability due to a [user-provided value](1).
BenchmarkTest02106,java/xss,src/main/java/org/owasp/benchmark/testcode/BenchmarkTest02106.java,51,Cross-site scripting vulnerability due to a [user-provided value](1).
BenchmarkTest02108,java/xss,src/main/java/org/owasp/benchmark/testcode/BenchmarkTest02108.java,57,Cross-site scripting vulnerability due to a [user-provided value](1).
BenchmarkTest02109,java/xss,src/main/java/org/owasp/benchmark/testcode/BenchmarkTest02109.java,57,Cross-site scripting vulnerability due to a [user-provided value](1).
BenchmarkTest02112,java/xss,src/main/java/org/owasp/benchmark/testcode/BenchmarkTest02112.java,57,Cross-site scripting vulnerability due to a [user-provided value](1).
BenchmarkTest02111,java/xss,src/main/java/org/owasp/benchmark/testcode/BenchmarkTest02111.java,63,Cross-site scripting vulnerability due to a [user-provided value](1).
BenchmarkTest02100,java/xss,src/main/java/org/owasp/benchmark/testcode/BenchmarkTest02100.java,86,Cross-site scripting vulnerability due to a [user-provided value](1).
BenchmarkTest02113,java/xss,src/main/java/org/owasp/benchmark/testcode/BenchmarkTest02113.java,58,Cross-site scripting vulnerability due to a [user-provided value](1).
BenchmarkTest02110,java/xss,src/main/java/org/owasp/benchmark/testcode/BenchmarkTest02110.java,57,Cross-site scripting vulnerability due to a [user-provided value](1).
BenchmarkTest02114,java/xss,src/main/java/org/owasp/benchmark/testcode/BenchmarkTest02114.java,87,Cross-site scripting vulnerability due to a [user-provided value](1).
BenchmarkTest02116,java/xss,src/main/java/org/owasp/benchmark/testcode/BenchmarkTest02116.java,87,Cross-site scripting vulnerability due to a [user-provided value](1).
BenchmarkTest02103,java/xss,src/main/java/org/owasp/benchmark/testcode/BenchmarkTest02103.java,99,Cross-site scripting vulnerability due to a [user-provided value](1).
BenchmarkTest02119,java/xss,src/main/java/org/owasp/benchmark/testcode/BenchmarkTest02119.java,81,Cross-site scripting vulnerability due to a [user-provided value](1).
BenchmarkTest02120,java/xss,src/main/java/org/owasp/benchmark/testcode/BenchmarkTest02120.java,80,Cross-site scripting vulnerability due to a [user-provided value](1).
BenchmarkTest02122,java/xss,src/main/java/org/owasp/benchmark/testcode/BenchmarkTest02122.java,52,Cross-site scripting vulnerability due to a [user-provided value](1).
BenchmarkTest02115,java/xss,src/main/java/org/owasp/benchmark/testcode/BenchmarkTest02115.java,87,Cross-site scripting vulnerability due to a [user-provided value](1).
BenchmarkTest02117,java/xss,src/main/java/org/owasp/benchmark/testcode/BenchmarkTest02117.java,88,"Cross-site scripting vulnerability due to a [user-provided value](1).
Cross-site scripting vulnerability due to a [user-provided value](2)."
BenchmarkTest02123,java/xss,src/main/java/org/owasp/benchmark/testcode/BenchmarkTest02123.java,50,Cross-site scripting vulnerability due to a [user-provided value](1).
BenchmarkTest02125,java/xss,src/main/java/org/owasp/benchmark/testcode/BenchmarkTest02125.java,49,Cross-site scripting vulnerability due to a [user-provided value](1).
BenchmarkTest02124,java/xss,src/main/java/org/owasp/benchmark/testcode/BenchmarkTest02124.java,49,Cross-site scripting vulnerability due to a [user-provided value](1).
BenchmarkTest02126,java/xss,src/main/java/org/owasp/benchmark/testcode/BenchmarkTest02126.java,49,Cross-site scripting vulnerability due to a [user-provided value](1).
BenchmarkTest02127,java/xss,src/main/java/org/owasp/benchmark/testcode/BenchmarkTest02127.java,49,Cross-site scripting vulnerability due to a [user-provided value](1).
BenchmarkTest02128,java/xss,src/main/java/org/owasp/benchmark/testcode/BenchmarkTest02128.java,49,Cross-site scripting vulnerability due to a [user-provided value](1).
BenchmarkTest02130,java/xss,src/main/java/org/owasp/benchmark/testcode/BenchmarkTest02130.java,50,Cross-site scripting vulnerability due to a [user-provided value](1).
BenchmarkTest02129,java/xss,src/main/java/org/owasp/benchmark/testcode/BenchmarkTest02129.java,50,Cross-site scripting vulnerability due to a [user-provided value](1).
BenchmarkTest02132,java/xss,src/main/java/org/owasp/benchmark/testcode/BenchmarkTest02132.java,49,Cross-site scripting vulnerability due to a [user-provided value](1).
BenchmarkTest02133,java/xss,src/main/java/org/owasp/benchmark/testcode/BenchmarkTest02133.java,49,Cross-site scripting vulnerability due to a [user-provided value](1).
BenchmarkTest02131,java/xss,src/main/java/org/owasp/benchmark/testcode/BenchmarkTest02131.java,50,Cross-site scripting vulnerability due to a [user-provided value](1).
BenchmarkTest02136,java/xss,src/main/java/org/owasp/benchmark/testcode/BenchmarkTest02136.java,52,Cross-site scripting vulnerability due to a [user-provided value](1).
BenchmarkTest02121,java/xss,src/main/java/org/owasp/benchmark/testcode/BenchmarkTest02121.java,84,Cross-site scripting vulnerability due to a [user-provided value](1).
BenchmarkTest02134,java/xss,src/main/java/org/owasp/benchmark/testcode/BenchmarkTest02134.java,49,Cross-site scripting vulnerability due to a [user-provided value](1).
BenchmarkTest02142,java/xss,src/main/java/org/owasp/benchmark/testcode/BenchmarkTest02142.java,73,Cross-site scripting vulnerability due to a [user-provided value](1).
BenchmarkTest02141,java/xss,src/main/java/org/owasp/benchmark/testcode/BenchmarkTest02141.java,87,"Cross-site scripting vulnerability due to a [user-provided value](1).
Cross-site scripting vulnerability due to a [user-provided value](2)."
BenchmarkTest02144,java/xss,src/main/java/org/owasp/benchmark/testcode/BenchmarkTest02144.java,73,Cross-site scripting vulnerability due to a [user-provided value](1).
BenchmarkTest02140,java/xss,src/main/java/org/owasp/benchmark/testcode/BenchmarkTest02140.java,86,"Cross-site scripting vulnerability due to a [user-provided value](1).
Cross-site scripting vulnerability due to a [user-provided value](2)."
BenchmarkTest02143,java/xss,src/main/java/org/owasp/benchmark/testcode/BenchmarkTest02143.java,73,Cross-site scripting vulnerability due to a [user-provided value](1).
BenchmarkTest02145,java/xss,src/main/java/org/owasp/benchmark/testcode/BenchmarkTest02145.java,49,Cross-site scripting vulnerability due to a [user-provided value](1).
BenchmarkTest02139,java/xss,src/main/java/org/owasp/benchmark/testcode/BenchmarkTest02139.java,87,"Cross-site scripting vulnerability due to a [user-provided value](1).
Cross-site scripting vulnerability due to a [user-provided value](2)."
BenchmarkTest02138,java/xss,src/main/java/org/owasp/benchmark/testcode/BenchmarkTest02138.java,88,"Cross-site scripting vulnerability due to a [user-provided value](1).
Cross-site scripting vulnerability due to a [user-provided value](2)."
BenchmarkTest02159,java/xss,src/main/java/org/owasp/benchmark/testcode/BenchmarkTest02159.java,91,"Cross-site scripting vulnerability due to a [user-provided value](1).
Cross-site scripting vulnerability due to a [user-provided value](2)."
BenchmarkTest02158,java/xss,src/main/java/org/owasp/benchmark/testcode/BenchmarkTest02158.java,91,"Cross-site scripting vulnerability due to a [user-provided value](1).
Cross-site scripting vulnerability due to a [user-provided value](2)."
BenchmarkTest02157,java/xss,src/main/java/org/owasp/benchmark/testcode/BenchmarkTest02157.java,94,"Cross-site scripting vulnerability due to a [user-provided value](1).
Cross-site scripting vulnerability due to a [user-provided value](2)."
BenchmarkTest02165,java/xss,src/main/java/org/owasp/benchmark/testcode/BenchmarkTest02165.java,53,Cross-site scripting vulnerability due to a [user-provided value](1).
BenchmarkTest02162,java/xss,src/main/java/org/owasp/benchmark/testcode/BenchmarkTest02162.java,88,"Cross-site scripting vulnerability due to a [user-provided value](1).
Cross-site scripting vulnerability due to a [user-provided value](2)."
BenchmarkTest02160,java/xss,src/main/java/org/owasp/benchmark/testcode/BenchmarkTest02160.java,91,"Cross-site scripting vulnerability due to a [user-provided value](1).
Cross-site scripting vulnerability due to a [user-provided value](2)."
BenchmarkTest02168,java/xss,src/main/java/org/owasp/benchmark/testcode/BenchmarkTest02168.java,53,Cross-site scripting vulnerability due to a [user-provided value](1).
BenchmarkTest02167,java/xss,src/main/java/org/owasp/benchmark/testcode/BenchmarkTest02167.java,53,Cross-site scripting vulnerability due to a [user-provided value](1).
BenchmarkTest02161,java/xss,src/main/java/org/owasp/benchmark/testcode/BenchmarkTest02161.java,88,"Cross-site scripting vulnerability due to a [user-provided value](1).
Cross-site scripting vulnerability due to a [user-provided value](2)."
BenchmarkTest02166,java/xss,src/main/java/org/owasp/benchmark/testcode/BenchmarkTest02166.java,53,Cross-site scripting vulnerability due to a [user-provided value](1).
BenchmarkTest02164,java/xss,src/main/java/org/owasp/benchmark/testcode/BenchmarkTest02164.java,88,"Cross-site scripting vulnerability due to a [user-provided value](1).
Cross-site scripting vulnerability due to a [user-provided value](2)."
BenchmarkTest02163,java/xss,src/main/java/org/owasp/benchmark/testcode/BenchmarkTest02163.java,88,"Cross-site scripting vulnerability due to a [user-provided value](1).
Cross-site scripting vulnerability due to a [user-provided value](2)."
BenchmarkTest02179,java/xss,src/main/java/org/owasp/benchmark/testcode/BenchmarkTest02179.java,59,Cross-site scripting vulnerability due to a [user-provided value](1).
BenchmarkTest02178,java/xss,src/main/java/org/owasp/benchmark/testcode/BenchmarkTest02178.java,66,Cross-site scripting vulnerability due to a [user-provided value](1).
BenchmarkTest02180,java/xss,src/main/java/org/owasp/benchmark/testcode/BenchmarkTest02180.java,59,Cross-site scripting vulnerability due to a [user-provided value](1).
BenchmarkTest02182,java/xss,src/main/java/org/owasp/benchmark/testcode/BenchmarkTest02182.java,62,Cross-site scripting vulnerability due to a [user-provided value](1).
BenchmarkTest02175,java/xss,src/main/java/org/owasp/benchmark/testcode/BenchmarkTest02175.java,54,Cross-site scripting vulnerability due to a [user-provided value](1).
BenchmarkTest02177,java/xss,src/main/java/org/owasp/benchmark/testcode/BenchmarkTest02177.java,76,Cross-site scripting vulnerability due to a [user-provided value](1).
BenchmarkTest02181,java/xss,src/main/java/org/owasp/benchmark/testcode/BenchmarkTest02181.java,62,Cross-site scripting vulnerability due to a [user-provided value](1).
BenchmarkTest02184,java/xss,src/main/java/org/owasp/benchmark/testcode/BenchmarkTest02184.java,69,Cross-site scripting vulnerability due to a [user-provided value](1).
BenchmarkTest02189,java/xss,src/main/java/org/owasp/benchmark/testcode/BenchmarkTest02189.java,79,Cross-site scripting vulnerability due to a [user-provided value](1).
BenchmarkTest02192,java/xss,src/main/java/org/owasp/benchmark/testcode/BenchmarkTest02192.java,101,Cross-site scripting vulnerability due to a [user-provided value](1).
BenchmarkTest02190,java/xss,src/main/java/org/owasp/benchmark/testcode/BenchmarkTest02190.java,105,Cross-site scripting vulnerability due to a [user-provided value](1).
BenchmarkTest02193,java/xss,src/main/java/org/owasp/benchmark/testcode/BenchmarkTest02193.java,101,Cross-site scripting vulnerability due to a [user-provided value](1).
BenchmarkTest02194,java/xss,src/main/java/org/owasp/benchmark/testcode/BenchmarkTest02194.java,101,Cross-site scripting vulnerability due to a [user-provided value](1).
BenchmarkTest02195,java/xss,src/main/java/org/owasp/benchmark/testcode/BenchmarkTest02195.java,101,Cross-site scripting vulnerability due to a [user-provided value](1).
BenchmarkTest02197,java/xss,src/main/java/org/owasp/benchmark/testcode/BenchmarkTest02197.java,57,Cross-site scripting vulnerability due to a [user-provided value](1).
BenchmarkTest02196,java/xss,src/main/java/org/owasp/benchmark/testcode/BenchmarkTest02196.java,88,Cross-site scripting vulnerability due to a [user-provided value](1).
BenchmarkTest02199,java/xss,src/main/java/org/owasp/benchmark/testcode/BenchmarkTest02199.java,55,Cross-site scripting vulnerability due to a [user-provided value](1).
BenchmarkTest02198,java/xss,src/main/java/org/owasp/benchmark/testcode/BenchmarkTest02198.java,56,Cross-site scripting vulnerability due to a [user-provided value](1).
BenchmarkTest02204,java/xss,src/main/java/org/owasp/benchmark/testcode/BenchmarkTest02204.java,67,Cross-site scripting vulnerability due to a [user-provided value](1).
BenchmarkTest02201,java/xss,src/main/java/org/owasp/benchmark/testcode/BenchmarkTest02201.java,62,Cross-site scripting vulnerability due to a [user-provided value](1).
BenchmarkTest02207,java/xss,src/main/java/org/owasp/benchmark/testcode/BenchmarkTest02207.java,62,Cross-site scripting vulnerability due to a [user-provided value](1).
BenchmarkTest02205,java/xss,src/main/java/org/owasp/benchmark/testcode/BenchmarkTest02205.java,61,Cross-site scripting vulnerability due to a [user-provided value](1).
BenchmarkTest02211,java/xss,src/main/java/org/owasp/benchmark/testcode/BenchmarkTest02211.java,84,Cross-site scripting vulnerability due to a [user-provided value](1).
BenchmarkTest02208,java/xss,src/main/java/org/owasp/benchmark/testcode/BenchmarkTest02208.java,91,Cross-site scripting vulnerability due to a [user-provided value](1).
BenchmarkTest02216,java/xss,src/main/java/org/owasp/benchmark/testcode/BenchmarkTest02216.java,85,Cross-site scripting vulnerability due to a [user-provided value](1).
BenchmarkTest02210,java/xss,src/main/java/org/owasp/benchmark/testcode/BenchmarkTest02210.java,92,Cross-site scripting vulnerability due to a [user-provided value](1).
BenchmarkTest02214,java/xss,src/main/java/org/owasp/benchmark/testcode/BenchmarkTest02214.java,85,Cross-site scripting vulnerability due to a [user-provided value](1).
BenchmarkTest02213,java/xss,src/main/java/org/owasp/benchmark/testcode/BenchmarkTest02213.java,84,Cross-site scripting vulnerability due to a [user-provided value](1).
BenchmarkTest02215,java/xss,src/main/java/org/owasp/benchmark/testcode/BenchmarkTest02215.java,85,Cross-site scripting vulnerability due to a [user-provided value](1).
BenchmarkTest02209,java/xss,src/main/java/org/owasp/benchmark/testcode/BenchmarkTest02209.java,92,"Cross-site scripting vulnerability due to a [user-provided value](1).
Cross-site scripting vulnerability due to a [user-provided value](2)."
BenchmarkTest02221,java/xss,src/main/java/org/owasp/benchmark/testcode/BenchmarkTest02221.java,56,Cross-site scripting vulnerability due to a [user-provided value](1).
BenchmarkTest02218,java/xss,src/main/java/org/owasp/benchmark/testcode/BenchmarkTest02218.java,84,Cross-site scripting vulnerability due to a [user-provided value](1).
BenchmarkTest02212,java/xss,src/main/java/org/owasp/benchmark/testcode/BenchmarkTest02212.java,84,Cross-site scripting vulnerability due to a [user-provided value](1).
BenchmarkTest02224,java/xss,src/main/java/org/owasp/benchmark/testcode/BenchmarkTest02224.java,54,Cross-site scripting vulnerability due to a [user-provided value](1).
BenchmarkTest02225,java/xss,src/main/java/org/owasp/benchmark/testcode/BenchmarkTest02225.java,54,Cross-site scripting vulnerability due to a [user-provided value](1).
BenchmarkTest02228,java/xss,src/main/java/org/owasp/benchmark/testcode/BenchmarkTest02228.java,53,Cross-site scripting vulnerability due to a [user-provided value](1).
BenchmarkTest02227,java/xss,src/main/java/org/owasp/benchmark/testcode/BenchmarkTest02227.java,53,Cross-site scripting vulnerability due to a [user-provided value](1).
BenchmarkTest02220,java/xss,src/main/java/org/owasp/benchmark/testcode/BenchmarkTest02220.java,88,Cross-site scripting vulnerability due to a [user-provided value](1).
BenchmarkTest02222,java/xss,src/main/java/org/owasp/benchmark/testcode/BenchmarkTest02222.java,54,Cross-site scripting vulnerability due to a [user-provided value](1).
BenchmarkTest02229,java/xss,src/main/java/org/owasp/benchmark/testcode/BenchmarkTest02229.java,54,Cross-site scripting vulnerability due to a [user-provided value](1).
BenchmarkTest02223,java/xss,src/main/java/org/owasp/benchmark/testcode/BenchmarkTest02223.java,54,Cross-site scripting vulnerability due to a [user-provided value](1).
BenchmarkTest02219,java/xss,src/main/java/org/owasp/benchmark/testcode/BenchmarkTest02219.java,88,Cross-site scripting vulnerability due to a [user-provided value](1).
BenchmarkTest02233,java/xss,src/main/java/org/owasp/benchmark/testcode/BenchmarkTest02233.java,54,Cross-site scripting vulnerability due to a [user-provided value](1).
BenchmarkTest02230,java/xss,src/main/java/org/owasp/benchmark/testcode/BenchmarkTest02230.java,54,Cross-site scripting vulnerability due to a [user-provided value](1).
BenchmarkTest02232,java/xss,src/main/java/org/owasp/benchmark/testcode/BenchmarkTest02232.java,54,Cross-site scripting vulnerability due to a [user-provided value](1).
BenchmarkTest02234,java/xss,src/main/java/org/owasp/benchmark/testcode/BenchmarkTest02234.java,54,Cross-site scripting vulnerability due to a [user-provided value](1).
BenchmarkTest02239,java/xss,src/main/java/org/owasp/benchmark/testcode/BenchmarkTest02239.java,53,Cross-site scripting vulnerability due to a [user-provided value](1).
BenchmarkTest02241,java/xss,src/main/java/org/owasp/benchmark/testcode/BenchmarkTest02241.java,53,Cross-site scripting vulnerability due to a [user-provided value](1).
BenchmarkTest02240,java/xss,src/main/java/org/owasp/benchmark/testcode/BenchmarkTest02240.java,53,Cross-site scripting vulnerability due to a [user-provided value](1).
BenchmarkTest02237,java/xss,src/main/java/org/owasp/benchmark/testcode/BenchmarkTest02237.java,53,Cross-site scripting vulnerability due to a [user-provided value](1).
BenchmarkTest02247,java/xss,src/main/java/org/owasp/benchmark/testcode/BenchmarkTest02247.java,77,Cross-site scripting vulnerability due to a [user-provided value](1).
BenchmarkTest02248,java/xss,src/main/java/org/owasp/benchmark/testcode/BenchmarkTest02248.java,77,Cross-site scripting vulnerability due to a [user-provided value](1).
BenchmarkTest02245,java/xss,src/main/java/org/owasp/benchmark/testcode/BenchmarkTest02245.java,90,"Cross-site scripting vulnerability due to a [user-provided value](1).
Cross-site scripting vulnerability due to a [user-provided value](2)."
BenchmarkTest02246,java/xss,src/main/java/org/owasp/benchmark/testcode/BenchmarkTest02246.java,90,"Cross-site scripting vulnerability due to a [user-provided value](1).
Cross-site scripting vulnerability due to a [user-provided value](2)."
BenchmarkTest02256,java/xss,src/main/java/org/owasp/benchmark/testcode/BenchmarkTest02256.java,95,"Cross-site scripting vulnerability due to a [user-provided value](1).
Cross-site scripting vulnerability due to a [user-provided value](2)."
BenchmarkTest02255,java/xss,src/main/java/org/owasp/benchmark/testcode/BenchmarkTest02255.java,95,"Cross-site scripting vulnerability due to a [user-provided value](1).
Cross-site scripting vulnerability due to a [user-provided value](2)."
BenchmarkTest02254,java/xss,src/main/java/org/owasp/benchmark/testcode/BenchmarkTest02254.java,98,"Cross-site scripting vulnerability due to a [user-provided value](1).
Cross-site scripting vulnerability due to a [user-provided value](2)."
BenchmarkTest02263,java/xss,src/main/java/org/owasp/benchmark/testcode/BenchmarkTest02263.java,57,Cross-site scripting vulnerability due to a [user-provided value](1).
BenchmarkTest02260,java/xss,src/main/java/org/owasp/benchmark/testcode/BenchmarkTest02260.java,92,"Cross-site scripting vulnerability due to a [user-provided value](1).
Cross-site scripting vulnerability due to a [user-provided value](2)."
BenchmarkTest02258,java/xss,src/main/java/org/owasp/benchmark/testcode/BenchmarkTest02258.java,95,"Cross-site scripting vulnerability due to a [user-provided value](1).
Cross-site scripting vulnerability due to a [user-provided value](2)."
BenchmarkTest02257,java/xss,src/main/java/org/owasp/benchmark/testcode/BenchmarkTest02257.java,95,"Cross-site scripting vulnerability due to a [user-provided value](1).
Cross-site scripting vulnerability due to a [user-provided value](2)."
BenchmarkTest02259,java/xss,src/main/java/org/owasp/benchmark/testcode/BenchmarkTest02259.java,95,"Cross-site scripting vulnerability due to a [user-provided value](1).
Cross-site scripting vulnerability due to a [user-provided value](2)."
BenchmarkTest02273,java/xss,src/main/java/org/owasp/benchmark/testcode/BenchmarkTest02273.java,58,Cross-site scripting vulnerability due to a [user-provided value](1).
BenchmarkTest02272,java/xss,src/main/java/org/owasp/benchmark/testcode/BenchmarkTest02272.java,58,Cross-site scripting vulnerability due to a [user-provided value](1).
BenchmarkTest02274,java/xss,src/main/java/org/owasp/benchmark/testcode/BenchmarkTest02274.java,80,Cross-site scripting vulnerability due to a [user-provided value](1).
BenchmarkTest02275,java/xss,src/main/java/org/owasp/benchmark/testcode/BenchmarkTest02275.java,64,Cross-site scripting vulnerability due to a [user-provided value](1).
BenchmarkTest02281,java/xss,src/main/java/org/owasp/benchmark/testcode/BenchmarkTest02281.java,66,Cross-site scripting vulnerability due to a [user-provided value](1).
BenchmarkTest02280,java/xss,src/main/java/org/owasp/benchmark/testcode/BenchmarkTest02280.java,63,Cross-site scripting vulnerability due to a [user-provided value](1).
BenchmarkTest02278,java/xss,src/main/java/org/owasp/benchmark/testcode/BenchmarkTest02278.java,63,Cross-site scripting vulnerability due to a [user-provided value](1).
BenchmarkTest02277,java/xss,src/main/java/org/owasp/benchmark/testcode/BenchmarkTest02277.java,70,Cross-site scripting vulnerability due to a [user-provided value](1).
BenchmarkTest02290,java/xss,src/main/java/org/owasp/benchmark/testcode/BenchmarkTest02290.java,111,Cross-site scripting vulnerability due to a [user-provided value](1).
BenchmarkTest02289,java/xss,src/main/java/org/owasp/benchmark/testcode/BenchmarkTest02289.java,115,Cross-site scripting vulnerability due to a [user-provided value](1).
BenchmarkTest02293,java/xss,src/main/java/org/owasp/benchmark/testcode/BenchmarkTest02293.java,111,Cross-site scripting vulnerability due to a [user-provided value](1).
BenchmarkTest02292,java/xss,src/main/java/org/owasp/benchmark/testcode/BenchmarkTest02292.java,111,Cross-site scripting vulnerability due to a [user-provided value](1).
BenchmarkTest02299,java/xss,src/main/java/org/owasp/benchmark/testcode/BenchmarkTest02299.java,98,Cross-site scripting vulnerability due to a [user-provided value](1).
BenchmarkTest02301,java/xss,src/main/java/org/owasp/benchmark/testcode/BenchmarkTest02301.java,65,Cross-site scripting vulnerability due to a [user-provided value](1).
BenchmarkTest02294,java/xss,src/main/java/org/owasp/benchmark/testcode/BenchmarkTest02294.java,111,Cross-site scripting vulnerability due to a [user-provided value](1).
BenchmarkTest02304,java/xss,src/main/java/org/owasp/benchmark/testcode/BenchmarkTest02304.java,72,Cross-site scripting vulnerability due to a [user-provided value](1).
BenchmarkTest02303,java/xss,src/main/java/org/owasp/benchmark/testcode/BenchmarkTest02303.java,72,Cross-site scripting vulnerability due to a [user-provided value](1).
BenchmarkTest02302,java/xss,src/main/java/org/owasp/benchmark/testcode/BenchmarkTest02302.java,65,Cross-site scripting vulnerability due to a [user-provided value](1).
BenchmarkTest02305,java/xss,src/main/java/org/owasp/benchmark/testcode/BenchmarkTest02305.java,101,Cross-site scripting vulnerability due to a [user-provided value](1).
BenchmarkTest02296,java/xss,src/main/java/org/owasp/benchmark/testcode/BenchmarkTest02296.java,113,Cross-site scripting vulnerability due to a [user-provided value](1).
BenchmarkTest02306,java/xss,src/main/java/org/owasp/benchmark/testcode/BenchmarkTest02306.java,101,Cross-site scripting vulnerability due to a [user-provided value](1).
BenchmarkTest02298,java/xss,src/main/java/org/owasp/benchmark/testcode/BenchmarkTest02298.java,113,Cross-site scripting vulnerability due to a [user-provided value](1).
BenchmarkTest02307,java/xss,src/main/java/org/owasp/benchmark/testcode/BenchmarkTest02307.java,102,Cross-site scripting vulnerability due to a [user-provided value](1).
BenchmarkTest02310,java/xss,src/main/java/org/owasp/benchmark/testcode/BenchmarkTest02310.java,95,Cross-site scripting vulnerability due to a [user-provided value](1).
BenchmarkTest02309,java/xss,src/main/java/org/owasp/benchmark/testcode/BenchmarkTest02309.java,95,Cross-site scripting vulnerability due to a [user-provided value](1).
BenchmarkTest02312,java/xss,src/main/java/org/owasp/benchmark/testcode/BenchmarkTest02312.java,94,Cross-site scripting vulnerability due to a [user-provided value](1).
BenchmarkTest02314,java/xss,src/main/java/org/owasp/benchmark/testcode/BenchmarkTest02314.java,64,Cross-site scripting vulnerability due to a [user-provided value](1).
BenchmarkTest02311,java/xss,src/main/java/org/owasp/benchmark/testcode/BenchmarkTest02311.java,94,Cross-site scripting vulnerability due to a [user-provided value](1).
BenchmarkTest02315,java/xss,src/main/java/org/owasp/benchmark/testcode/BenchmarkTest02315.java,64,Cross-site scripting vulnerability due to a [user-provided value](1).
BenchmarkTest02308,java/xss,src/main/java/org/owasp/benchmark/testcode/BenchmarkTest02308.java,94,Cross-site scripting vulnerability due to a [user-provided value](1).
BenchmarkTest02297,java/xss,src/main/java/org/owasp/benchmark/testcode/BenchmarkTest02297.java,113,Cross-site scripting vulnerability due to a [user-provided value](1).
BenchmarkTest02316,java/xss,src/main/java/org/owasp/benchmark/testcode/BenchmarkTest02316.java,64,Cross-site scripting vulnerability due to a [user-provided value](1).
BenchmarkTest02317,java/xss,src/main/java/org/owasp/benchmark/testcode/BenchmarkTest02317.java,64,Cross-site scripting vulnerability due to a [user-provided value](1).
BenchmarkTest02318,java/xss,src/main/java/org/owasp/benchmark/testcode/BenchmarkTest02318.java,63,Cross-site scripting vulnerability due to a [user-provided value](1).
BenchmarkTest02320,java/xss,src/main/java/org/owasp/benchmark/testcode/BenchmarkTest02320.java,64,Cross-site scripting vulnerability due to a [user-provided value](1).
BenchmarkTest02324,java/xss,src/main/java/org/owasp/benchmark/testcode/BenchmarkTest02324.java,64,Cross-site scripting vulnerability due to a [user-provided value](1).
BenchmarkTest02326,java/xss,src/main/java/org/owasp/benchmark/testcode/BenchmarkTest02326.java,63,Cross-site scripting vulnerability due to a [user-provided value](1).
BenchmarkTest02322,java/xss,src/main/java/org/owasp/benchmark/testcode/BenchmarkTest02322.java,64,Cross-site scripting vulnerability due to a [user-provided value](1).
BenchmarkTest02323,java/xss,src/main/java/org/owasp/benchmark/testcode/BenchmarkTest02323.java,64,Cross-site scripting vulnerability due to a [user-provided value](1).
BenchmarkTest02327,java/xss,src/main/java/org/owasp/benchmark/testcode/BenchmarkTest02327.java,66,Cross-site scripting vulnerability due to a [user-provided value](1).
BenchmarkTest02328,java/xss,src/main/java/org/owasp/benchmark/testcode/BenchmarkTest02328.java,66,Cross-site scripting vulnerability due to a [user-provided value](1).
BenchmarkTest02321,java/xss,src/main/java/org/owasp/benchmark/testcode/BenchmarkTest02321.java,64,Cross-site scripting vulnerability due to a [user-provided value](1).
BenchmarkTest02331,java/xss,src/main/java/org/owasp/benchmark/testcode/BenchmarkTest02331.java,63,Cross-site scripting vulnerability due to a [user-provided value](1).
BenchmarkTest02332,java/xss,src/main/java/org/owasp/benchmark/testcode/BenchmarkTest02332.java,63,Cross-site scripting vulnerability due to a [user-provided value](1).
BenchmarkTest02339,java/xss,src/main/java/org/owasp/benchmark/testcode/BenchmarkTest02339.java,87,Cross-site scripting vulnerability due to a [user-provided value](1).
BenchmarkTest02337,java/xss,src/main/java/org/owasp/benchmark/testcode/BenchmarkTest02337.java,101,"Cross-site scripting vulnerability due to a [user-provided value](1).
Cross-site scripting vulnerability due to a [user-provided value](2)."
BenchmarkTest02338,java/xss,src/main/java/org/owasp/benchmark/testcode/BenchmarkTest02338.java,101,"Cross-site scripting vulnerability due to a [user-provided value](1).
Cross-site scripting vulnerability due to a [user-provided value](2)."
BenchmarkTest02352,java/xss,src/main/java/org/owasp/benchmark/testcode/BenchmarkTest02352.java,67,Cross-site scripting vulnerability due to a [user-provided value](1).
BenchmarkTest02356,java/xss,src/main/java/org/owasp/benchmark/testcode/BenchmarkTest02356.java,68,Cross-site scripting vulnerability due to a [user-provided value](1).
BenchmarkTest02349,java/xss,src/main/java/org/owasp/benchmark/testcode/BenchmarkTest02349.java,102,"Cross-site scripting vulnerability due to a [user-provided value](1).
Cross-site scripting vulnerability due to a [user-provided value](2)."
BenchmarkTest02350,java/xss,src/main/java/org/owasp/benchmark/testcode/BenchmarkTest02350.java,102,"Cross-site scripting vulnerability due to a [user-provided value](1).
Cross-site scripting vulnerability due to a [user-provided value](2)."
BenchmarkTest02345,java/xss,src/main/java/org/owasp/benchmark/testcode/BenchmarkTest02345.java,108,"Cross-site scripting vulnerability due to a [user-provided value](1).
Cross-site scripting vulnerability due to a [user-provided value](2)."
BenchmarkTest02346,java/xss,src/main/java/org/owasp/benchmark/testcode/BenchmarkTest02346.java,108,"Cross-site scripting vulnerability due to a [user-provided value](1).
Cross-site scripting vulnerability due to a [user-provided value](2)."
BenchmarkTest02357,java/xss,src/main/java/org/owasp/benchmark/testcode/BenchmarkTest02357.java,90,Cross-site scripting vulnerability due to a [user-provided value](1).
BenchmarkTest02347,java/xss,src/main/java/org/owasp/benchmark/testcode/BenchmarkTest02347.java,105,"Cross-site scripting vulnerability due to a [user-provided value](1).
Cross-site scripting vulnerability due to a [user-provided value](2)."
BenchmarkTest02348,java/xss,src/main/java/org/owasp/benchmark/testcode/BenchmarkTest02348.java,102,"Cross-site scripting vulnerability due to a [user-provided value](1).
Cross-site scripting vulnerability due to a [user-provided value](2)."
BenchmarkTest02358,java/xss,src/main/java/org/owasp/benchmark/testcode/BenchmarkTest02358.java,80,Cross-site scripting vulnerability due to a [user-provided value](1).
BenchmarkTest02351,java/xss,src/main/java/org/owasp/benchmark/testcode/BenchmarkTest02351.java,102,"Cross-site scripting vulnerability due to a [user-provided value](1).
Cross-site scripting vulnerability due to a [user-provided value](2)."
BenchmarkTest02359,java/xss,src/main/java/org/owasp/benchmark/testcode/BenchmarkTest02359.java,73,Cross-site scripting vulnerability due to a [user-provided value](1).
BenchmarkTest02360,java/xss,src/main/java/org/owasp/benchmark/testcode/BenchmarkTest02360.java,73,Cross-site scripting vulnerability due to a [user-provided value](1).
BenchmarkTest02362,java/xss,src/main/java/org/owasp/benchmark/testcode/BenchmarkTest02362.java,83,Cross-site scripting vulnerability due to a [user-provided value](1).
BenchmarkTest02372,java/xss,src/main/java/org/owasp/benchmark/testcode/BenchmarkTest02372.java,85,Cross-site scripting vulnerability due to a [user-provided value](1).
BenchmarkTest02377,java/xss,src/main/java/org/owasp/benchmark/testcode/BenchmarkTest02377.java,53,Cross-site scripting vulnerability due to a [user-provided value](1).
BenchmarkTest02373,java/xss,src/main/java/org/owasp/benchmark/testcode/BenchmarkTest02373.java,99,Cross-site scripting vulnerability due to a [user-provided value](1).
BenchmarkTest02374,java/xss,src/main/java/org/owasp/benchmark/testcode/BenchmarkTest02374.java,99,Cross-site scripting vulnerability due to a [user-provided value](1).
BenchmarkTest02381,java/xss,src/main/java/org/owasp/benchmark/testcode/BenchmarkTest02381.java,65,Cross-site scripting vulnerability due to a [user-provided value](1).
BenchmarkTest02378,java/xss,src/main/java/org/owasp/benchmark/testcode/BenchmarkTest02378.java,70,Cross-site scripting vulnerability due to a [user-provided value](1).
BenchmarkTest02370,java/xss,src/main/java/org/owasp/benchmark/testcode/BenchmarkTest02370.java,93,Cross-site scripting vulnerability due to a [user-provided value](1).
BenchmarkTest02383,java/xss,src/main/java/org/owasp/benchmark/testcode/BenchmarkTest02383.java,59,Cross-site scripting vulnerability due to a [user-provided value](1).
BenchmarkTest02386,java/xss,src/main/java/org/owasp/benchmark/testcode/BenchmarkTest02386.java,82,Cross-site scripting vulnerability due to a [user-provided value](1).
BenchmarkTest02384,java/xss,src/main/java/org/owasp/benchmark/testcode/BenchmarkTest02384.java,89,Cross-site scripting vulnerability due to a [user-provided value](1).
BenchmarkTest02387,java/xss,src/main/java/org/owasp/benchmark/testcode/BenchmarkTest02387.java,82,Cross-site scripting vulnerability due to a [user-provided value](1).
BenchmarkTest02375,java/xss,src/main/java/org/owasp/benchmark/testcode/BenchmarkTest02375.java,91,Cross-site scripting vulnerability due to a [user-provided value](1).
BenchmarkTest02388,java/xss,src/main/java/org/owasp/benchmark/testcode/BenchmarkTest02388.java,82,Cross-site scripting vulnerability due to a [user-provided value](1).
BenchmarkTest02389,java/xss,src/main/java/org/owasp/benchmark/testcode/BenchmarkTest02389.java,82,Cross-site scripting vulnerability due to a [user-provided value](1).
BenchmarkTest02394,java/xss,src/main/java/org/owasp/benchmark/testcode/BenchmarkTest02394.java,52,Cross-site scripting vulnerability due to a [user-provided value](1).
BenchmarkTest02395,java/xss,src/main/java/org/owasp/benchmark/testcode/BenchmarkTest02395.java,52,Cross-site scripting vulnerability due to a [user-provided value](1).
BenchmarkTest02396,java/xss,src/main/java/org/owasp/benchmark/testcode/BenchmarkTest02396.java,52,Cross-site scripting vulnerability due to a [user-provided value](1).
BenchmarkTest02397,java/xss,src/main/java/org/owasp/benchmark/testcode/BenchmarkTest02397.java,52,Cross-site scripting vulnerability due to a [user-provided value](1).
BenchmarkTest02400,java/xss,src/main/java/org/owasp/benchmark/testcode/BenchmarkTest02400.java,52,Cross-site scripting vulnerability due to a [user-provided value](1).
BenchmarkTest02401,java/xss,src/main/java/org/owasp/benchmark/testcode/BenchmarkTest02401.java,52,Cross-site scripting vulnerability due to a [user-provided value](1).
BenchmarkTest02399,java/xss,src/main/java/org/owasp/benchmark/testcode/BenchmarkTest02399.java,51,Cross-site scripting vulnerability due to a [user-provided value](1).
BenchmarkTest02402,java/xss,src/main/java/org/owasp/benchmark/testcode/BenchmarkTest02402.java,52,Cross-site scripting vulnerability due to a [user-provided value](1).
BenchmarkTest02392,java/xss,src/main/java/org/owasp/benchmark/testcode/BenchmarkTest02392.java,86,Cross-site scripting vulnerability due to a [user-provided value](1).
BenchmarkTest02403,java/xss,src/main/java/org/owasp/benchmark/testcode/BenchmarkTest02403.java,52,Cross-site scripting vulnerability due to a [user-provided value](1).
BenchmarkTest02391,java/xss,src/main/java/org/owasp/benchmark/testcode/BenchmarkTest02391.java,86,Cross-site scripting vulnerability due to a [user-provided value](1).
BenchmarkTest02405,java/xss,src/main/java/org/owasp/benchmark/testcode/BenchmarkTest02405.java,51,Cross-site scripting vulnerability due to a [user-provided value](1).
BenchmarkTest02409,java/xss,src/main/java/org/owasp/benchmark/testcode/BenchmarkTest02409.java,54,Cross-site scripting vulnerability due to a [user-provided value](1).
BenchmarkTest02407,java/xss,src/main/java/org/owasp/benchmark/testcode/BenchmarkTest02407.java,51,Cross-site scripting vulnerability due to a [user-provided value](1).
BenchmarkTest02410,java/xss,src/main/java/org/owasp/benchmark/testcode/BenchmarkTest02410.java,54,Cross-site scripting vulnerability due to a [user-provided value](1).
BenchmarkTest02415,java/xss,src/main/java/org/owasp/benchmark/testcode/BenchmarkTest02415.java,90,"Cross-site scripting vulnerability due to a [user-provided value](1).
Cross-site scripting vulnerability due to a [user-provided value](2)."
BenchmarkTest02416,java/xss,src/main/java/org/owasp/benchmark/testcode/BenchmarkTest02416.java,89,"Cross-site scripting vulnerability due to a [user-provided value](1).
Cross-site scripting vulnerability due to a [user-provided value](2)."
BenchmarkTest02419,java/xss,src/main/java/org/owasp/benchmark/testcode/BenchmarkTest02419.java,89,"Cross-site scripting vulnerability due to a [user-provided value](1).
Cross-site scripting vulnerability due to a [user-provided value](2)."
BenchmarkTest02417,java/xss,src/main/java/org/owasp/benchmark/testcode/BenchmarkTest02417.java,89,"Cross-site scripting vulnerability due to a [user-provided value](1).
Cross-site scripting vulnerability due to a [user-provided value](2)."
BenchmarkTest02422,java/xss,src/main/java/org/owasp/benchmark/testcode/BenchmarkTest02422.java,88,"Cross-site scripting vulnerability due to a [user-provided value](1).
Cross-site scripting vulnerability due to a [user-provided value](2)."
BenchmarkTest02420,java/xss,src/main/java/org/owasp/benchmark/testcode/BenchmarkTest02420.java,88,"Cross-site scripting vulnerability due to a [user-provided value](1).
Cross-site scripting vulnerability due to a [user-provided value](2)."
BenchmarkTest02421,java/xss,src/main/java/org/owasp/benchmark/testcode/BenchmarkTest02421.java,88,"Cross-site scripting vulnerability due to a [user-provided value](1).
Cross-site scripting vulnerability due to a [user-provided value](2)."
BenchmarkTest02427,java/xss,src/main/java/org/owasp/benchmark/testcode/BenchmarkTest02427.java,75,Cross-site scripting vulnerability due to a [user-provided value](1).
BenchmarkTest02418,java/xss,src/main/java/org/owasp/benchmark/testcode/BenchmarkTest02418.java,89,"Cross-site scripting vulnerability due to a [user-provided value](1).
Cross-site scripting vulnerability due to a [user-provided value](2)."
BenchmarkTest02425,java/xss,src/main/java/org/owasp/benchmark/testcode/BenchmarkTest02425.java,88,"Cross-site scripting vulnerability due to a [user-provided value](1).
Cross-site scripting vulnerability due to a [user-provided value](2)."
BenchmarkTest02423,java/xss,src/main/java/org/owasp/benchmark/testcode/BenchmarkTest02423.java,88,"Cross-site scripting vulnerability due to a [user-provided value](1).
Cross-site scripting vulnerability due to a [user-provided value](2)."
BenchmarkTest02424,java/xss,src/main/java/org/owasp/benchmark/testcode/BenchmarkTest02424.java,88,"Cross-site scripting vulnerability due to a [user-provided value](1).
Cross-site scripting vulnerability due to a [user-provided value](2)."
BenchmarkTest02426,java/xss,src/main/java/org/owasp/benchmark/testcode/BenchmarkTest02426.java,89,"Cross-site scripting vulnerability due to a [user-provided value](1).
Cross-site scripting vulnerability due to a [user-provided value](2)."
BenchmarkTest02436,java/xss,src/main/java/org/owasp/benchmark/testcode/BenchmarkTest02436.java,93,"Cross-site scripting vulnerability due to a [user-provided value](1).
Cross-site scripting vulnerability due to a [user-provided value](2)."
BenchmarkTest02438,java/xss,src/main/java/org/owasp/benchmark/testcode/BenchmarkTest02438.java,93,"Cross-site scripting vulnerability due to a [user-provided value](1).
Cross-site scripting vulnerability due to a [user-provided value](2)."
BenchmarkTest02435,java/xss,src/main/java/org/owasp/benchmark/testcode/BenchmarkTest02435.java,96,"Cross-site scripting vulnerability due to a [user-provided value](1).
Cross-site scripting vulnerability due to a [user-provided value](2)."
BenchmarkTest02434,java/xss,src/main/java/org/owasp/benchmark/testcode/BenchmarkTest02434.java,96,"Cross-site scripting vulnerability due to a [user-provided value](1).
Cross-site scripting vulnerability due to a [user-provided value](2)."
BenchmarkTest02437,java/xss,src/main/java/org/owasp/benchmark/testcode/BenchmarkTest02437.java,93,"Cross-site scripting vulnerability due to a [user-provided value](1).
Cross-site scripting vulnerability due to a [user-provided value](2)."
BenchmarkTest02439,java/xss,src/main/java/org/owasp/benchmark/testcode/BenchmarkTest02439.java,97,"Cross-site scripting vulnerability due to a [user-provided value](1).
Cross-site scripting vulnerability due to a [user-provided value](2)."
BenchmarkTest02446,java/xss,src/main/java/org/owasp/benchmark/testcode/BenchmarkTest02446.java,55,Cross-site scripting vulnerability due to a [user-provided value](1).
BenchmarkTest02441,java/xss,src/main/java/org/owasp/benchmark/testcode/BenchmarkTest02441.java,91,"Cross-site scripting vulnerability due to a [user-provided value](1).
Cross-site scripting vulnerability due to a [user-provided value](2)."
BenchmarkTest02448,java/xss,src/main/java/org/owasp/benchmark/testcode/BenchmarkTest02448.java,55,Cross-site scripting vulnerability due to a [user-provided value](1).
BenchmarkTest02451,java/xss,src/main/java/org/owasp/benchmark/testcode/BenchmarkTest02451.java,56,Cross-site scripting vulnerability due to a [user-provided value](1).
BenchmarkTest02445,java/xss,src/main/java/org/owasp/benchmark/testcode/BenchmarkTest02445.java,90,"Cross-site scripting vulnerability due to a [user-provided value](1).
Cross-site scripting vulnerability due to a [user-provided value](2)."
BenchmarkTest02443,java/xss,src/main/java/org/owasp/benchmark/testcode/BenchmarkTest02443.java,91,"Cross-site scripting vulnerability due to a [user-provided value](1).
Cross-site scripting vulnerability due to a [user-provided value](2)."
BenchmarkTest02440,java/xss,src/main/java/org/owasp/benchmark/testcode/BenchmarkTest02440.java,91,"Cross-site scripting vulnerability due to a [user-provided value](1).
Cross-site scripting vulnerability due to a [user-provided value](2)."
BenchmarkTest02453,java/xss,src/main/java/org/owasp/benchmark/testcode/BenchmarkTest02453.java,64,Cross-site scripting vulnerability due to a [user-provided value](1).
BenchmarkTest02442,java/xss,src/main/java/org/owasp/benchmark/testcode/BenchmarkTest02442.java,91,"Cross-site scripting vulnerability due to a [user-provided value](1).
Cross-site scripting vulnerability due to a [user-provided value](2)."
BenchmarkTest02462,java/xss,src/main/java/org/owasp/benchmark/testcode/BenchmarkTest02462.java,55,Cross-site scripting vulnerability due to a [user-provided value](1).
BenchmarkTest02460,java/xss,src/main/java/org/owasp/benchmark/testcode/BenchmarkTest02460.java,103,Cross-site scripting vulnerability due to a [user-provided value](1).
BenchmarkTest02464,java/xss,src/main/java/org/owasp/benchmark/testcode/BenchmarkTest02464.java,53,Cross-site scripting vulnerability due to a [user-provided value](1).
BenchmarkTest02463,java/xss,src/main/java/org/owasp/benchmark/testcode/BenchmarkTest02463.java,54,Cross-site scripting vulnerability due to a [user-provided value](1).
BenchmarkTest02465,java/xss,src/main/java/org/owasp/benchmark/testcode/BenchmarkTest02465.java,60,Cross-site scripting vulnerability due to a [user-provided value](1).
BenchmarkTest02459,java/xss,src/main/java/org/owasp/benchmark/testcode/BenchmarkTest02459.java,103,Cross-site scripting vulnerability due to a [user-provided value](1).
BenchmarkTest02458,java/xss,src/main/java/org/owasp/benchmark/testcode/BenchmarkTest02458.java,101,Cross-site scripting vulnerability due to a [user-provided value](1).
BenchmarkTest02457,java/xss,src/main/java/org/owasp/benchmark/testcode/BenchmarkTest02457.java,74,Cross-site scripting vulnerability due to a [user-provided value](1).
BenchmarkTest02469,java/xss,src/main/java/org/owasp/benchmark/testcode/BenchmarkTest02469.java,59,Cross-site scripting vulnerability due to a [user-provided value](1).
BenchmarkTest02468,java/xss,src/main/java/org/owasp/benchmark/testcode/BenchmarkTest02468.java,65,Cross-site scripting vulnerability due to a [user-provided value](1).
BenchmarkTest02466,java/xss,src/main/java/org/owasp/benchmark/testcode/BenchmarkTest02466.java,60,Cross-site scripting vulnerability due to a [user-provided value](1).
BenchmarkTest02473,java/xss,src/main/java/org/owasp/benchmark/testcode/BenchmarkTest02473.java,90,"Cross-site scripting vulnerability due to a [user-provided value](1).
Cross-site scripting vulnerability due to a [user-provided value](2)."
BenchmarkTest02475,java/xss,src/main/java/org/owasp/benchmark/testcode/BenchmarkTest02475.java,82,Cross-site scripting vulnerability due to a [user-provided value](1).
BenchmarkTest02472,java/xss,src/main/java/org/owasp/benchmark/testcode/BenchmarkTest02472.java,89,Cross-site scripting vulnerability due to a [user-provided value](1).
BenchmarkTest02474,java/xss,src/main/java/org/owasp/benchmark/testcode/BenchmarkTest02474.java,82,Cross-site scripting vulnerability due to a [user-provided value](1).
BenchmarkTest02476,java/xss,src/main/java/org/owasp/benchmark/testcode/BenchmarkTest02476.java,82,Cross-site scripting vulnerability due to a [user-provided value](1).
BenchmarkTest02481,java/xss,src/main/java/org/owasp/benchmark/testcode/BenchmarkTest02481.java,51,Cross-site scripting vulnerability due to a [user-provided value](1).
BenchmarkTest02480,java/xss,src/main/java/org/owasp/benchmark/testcode/BenchmarkTest02480.java,51,Cross-site scripting vulnerability due to a [user-provided value](1).
BenchmarkTest02482,java/xss,src/main/java/org/owasp/benchmark/testcode/BenchmarkTest02482.java,51,Cross-site scripting vulnerability due to a [user-provided value](1).
BenchmarkTest02484,java/xss,src/main/java/org/owasp/benchmark/testcode/BenchmarkTest02484.java,51,Cross-site scripting vulnerability due to a [user-provided value](1).
BenchmarkTest02483,java/xss,src/main/java/org/owasp/benchmark/testcode/BenchmarkTest02483.java,51,Cross-site scripting vulnerability due to a [user-provided value](1).
BenchmarkTest02486,java/xss,src/main/java/org/owasp/benchmark/testcode/BenchmarkTest02486.java,52,Cross-site scripting vulnerability due to a [user-provided value](1).
BenchmarkTest02487,java/xss,src/main/java/org/owasp/benchmark/testcode/BenchmarkTest02487.java,52,Cross-site scripting vulnerability due to a [user-provided value](1).
BenchmarkTest02488,java/xss,src/main/java/org/owasp/benchmark/testcode/BenchmarkTest02488.java,52,Cross-site scripting vulnerability due to a [user-provided value](1).
BenchmarkTest02485,java/xss,src/main/java/org/owasp/benchmark/testcode/BenchmarkTest02485.java,52,Cross-site scripting vulnerability due to a [user-provided value](1).
BenchmarkTest02444,java/xss,src/main/java/org/owasp/benchmark/testcode/BenchmarkTest02444.java,90,"Cross-site scripting vulnerability due to a [user-provided value](1).
Cross-site scripting vulnerability due to a [user-provided value](2)."
BenchmarkTest02492,java/xss,src/main/java/org/owasp/benchmark/testcode/BenchmarkTest02492.java,51,Cross-site scripting vulnerability due to a [user-provided value](1).
BenchmarkTest02479,java/xss,src/main/java/org/owasp/benchmark/testcode/BenchmarkTest02479.java,86,Cross-site scripting vulnerability due to a [user-provided value](1).
BenchmarkTest02493,java/xss,src/main/java/org/owasp/benchmark/testcode/BenchmarkTest02493.java,54,Cross-site scripting vulnerability due to a [user-provided value](1).
BenchmarkTest02489,java/xss,src/main/java/org/owasp/benchmark/testcode/BenchmarkTest02489.java,52,Cross-site scripting vulnerability due to a [user-provided value](1).
BenchmarkTest02478,java/xss,src/main/java/org/owasp/benchmark/testcode/BenchmarkTest02478.java,86,Cross-site scripting vulnerability due to a [user-provided value](1).
BenchmarkTest02494,java/xss,src/main/java/org/owasp/benchmark/testcode/BenchmarkTest02494.java,51,Cross-site scripting vulnerability due to a [user-provided value](1).
BenchmarkTest02495,java/xss,src/main/java/org/owasp/benchmark/testcode/BenchmarkTest02495.java,54,Cross-site scripting vulnerability due to a [user-provided value](1).
BenchmarkTest02497,java/xss,src/main/java/org/owasp/benchmark/testcode/BenchmarkTest02497.java,89,"Cross-site scripting vulnerability due to a [user-provided value](1).
Cross-site scripting vulnerability due to a [user-provided value](2)."
BenchmarkTest02499,java/xss,src/main/java/org/owasp/benchmark/testcode/BenchmarkTest02499.java,89,"Cross-site scripting vulnerability due to a [user-provided value](1).
Cross-site scripting vulnerability due to a [user-provided value](2)."
BenchmarkTest02498,java/xss,src/main/java/org/owasp/benchmark/testcode/BenchmarkTest02498.java,89,"Cross-site scripting vulnerability due to a [user-provided value](1).
Cross-site scripting vulnerability due to a [user-provided value](2)."
BenchmarkTest02501,java/xss,src/main/java/org/owasp/benchmark/testcode/BenchmarkTest02501.java,88,"Cross-site scripting vulnerability due to a [user-provided value](1).
Cross-site scripting vulnerability due to a [user-provided value](2)."
BenchmarkTest02504,java/xss,src/main/java/org/owasp/benchmark/testcode/BenchmarkTest02504.java,88,"Cross-site scripting vulnerability due to a [user-provided value](1).
Cross-site scripting vulnerability due to a [user-provided value](2)."
BenchmarkTest02500,java/xss,src/main/java/org/owasp/benchmark/testcode/BenchmarkTest02500.java,88,"Cross-site scripting vulnerability due to a [user-provided value](1).
Cross-site scripting vulnerability due to a [user-provided value](2)."
BenchmarkTest02507,java/xss,src/main/java/org/owasp/benchmark/testcode/BenchmarkTest02507.java,75,Cross-site scripting vulnerability due to a [user-provided value](1).
BenchmarkTest02505,java/xss,src/main/java/org/owasp/benchmark/testcode/BenchmarkTest02505.java,89,"Cross-site scripting vulnerability due to a [user-provided value](1).
Cross-site scripting vulnerability due to a [user-provided value](2)."
BenchmarkTest02503,java/xss,src/main/java/org/owasp/benchmark/testcode/BenchmarkTest02503.java,88,"Cross-site scripting vulnerability due to a [user-provided value](1).
Cross-site scripting vulnerability due to a [user-provided value](2)."
BenchmarkTest02502,java/xss,src/main/java/org/owasp/benchmark/testcode/BenchmarkTest02502.java,88,"Cross-site scripting vulnerability due to a [user-provided value](1).
Cross-site scripting vulnerability due to a [user-provided value](2)."
BenchmarkTest02508,java/xss,src/main/java/org/owasp/benchmark/testcode/BenchmarkTest02508.java,75,Cross-site scripting vulnerability due to a [user-provided value](1).
BenchmarkTest02506,java/xss,src/main/java/org/owasp/benchmark/testcode/BenchmarkTest02506.java,89,"Cross-site scripting vulnerability due to a [user-provided value](1).
Cross-site scripting vulnerability due to a [user-provided value](2)."
BenchmarkTest02523,java/xss,src/main/java/org/owasp/benchmark/testcode/BenchmarkTest02523.java,55,Cross-site scripting vulnerability due to a [user-provided value](1).
BenchmarkTest02524,java/xss,src/main/java/org/owasp/benchmark/testcode/BenchmarkTest02524.java,55,Cross-site scripting vulnerability due to a [user-provided value](1).
BenchmarkTest02525,java/xss,src/main/java/org/owasp/benchmark/testcode/BenchmarkTest02525.java,55,Cross-site scripting vulnerability due to a [user-provided value](1).
BenchmarkTest02520,java/xss,src/main/java/org/owasp/benchmark/testcode/BenchmarkTest02520.java,93,"Cross-site scripting vulnerability due to a [user-provided value](1).
Cross-site scripting vulnerability due to a [user-provided value](2)."
BenchmarkTest02519,java/xss,src/main/java/org/owasp/benchmark/testcode/BenchmarkTest02519.java,93,"Cross-site scripting vulnerability due to a [user-provided value](1).
Cross-site scripting vulnerability due to a [user-provided value](2)."
BenchmarkTest02527,java/xss,src/main/java/org/owasp/benchmark/testcode/BenchmarkTest02527.java,55,Cross-site scripting vulnerability due to a [user-provided value](1).
BenchmarkTest02521,java/xss,src/main/java/org/owasp/benchmark/testcode/BenchmarkTest02521.java,91,"Cross-site scripting vulnerability due to a [user-provided value](1).
Cross-site scripting vulnerability due to a [user-provided value](2)."
BenchmarkTest02522,java/xss,src/main/java/org/owasp/benchmark/testcode/BenchmarkTest02522.java,90,"Cross-site scripting vulnerability due to a [user-provided value](1).
Cross-site scripting vulnerability due to a [user-provided value](2)."
BenchmarkTest02536,java/xss,src/main/java/org/owasp/benchmark/testcode/BenchmarkTest02536.java,56,Cross-site scripting vulnerability due to a [user-provided value](1).
BenchmarkTest02537,java/xss,src/main/java/org/owasp/benchmark/testcode/BenchmarkTest02537.java,56,Cross-site scripting vulnerability due to a [user-provided value](1).
BenchmarkTest02547,java/xss,src/main/java/org/owasp/benchmark/testcode/BenchmarkTest02547.java,125,Cross-site scripting vulnerability due to a [user-provided value](1).
BenchmarkTest02550,java/xss,src/main/java/org/owasp/benchmark/testcode/BenchmarkTest02550.java,121,Cross-site scripting vulnerability due to a [user-provided value](1).
BenchmarkTest02551,java/xss,src/main/java/org/owasp/benchmark/testcode/BenchmarkTest02551.java,114,Cross-site scripting vulnerability due to a [user-provided value](1).
BenchmarkTest02548,java/xss,src/main/java/org/owasp/benchmark/testcode/BenchmarkTest02548.java,121,Cross-site scripting vulnerability due to a [user-provided value](1).
BenchmarkTest02553,java/xss,src/main/java/org/owasp/benchmark/testcode/BenchmarkTest02553.java,109,Cross-site scripting vulnerability due to a [user-provided value](1).
BenchmarkTest02555,java/xss,src/main/java/org/owasp/benchmark/testcode/BenchmarkTest02555.java,75,Cross-site scripting vulnerability due to a [user-provided value](1).
BenchmarkTest02556,java/xss,src/main/java/org/owasp/benchmark/testcode/BenchmarkTest02556.java,75,Cross-site scripting vulnerability due to a [user-provided value](1).
BenchmarkTest02549,java/xss,src/main/java/org/owasp/benchmark/testcode/BenchmarkTest02549.java,121,Cross-site scripting vulnerability due to a [user-provided value](1).
BenchmarkTest02557,java/xss,src/main/java/org/owasp/benchmark/testcode/BenchmarkTest02557.java,75,Cross-site scripting vulnerability due to a [user-provided value](1).
BenchmarkTest02560,java/xss,src/main/java/org/owasp/benchmark/testcode/BenchmarkTest02560.java,82,Cross-site scripting vulnerability due to a [user-provided value](1).
BenchmarkTest02561,java/xss,src/main/java/org/owasp/benchmark/testcode/BenchmarkTest02561.java,82,Cross-site scripting vulnerability due to a [user-provided value](1).
BenchmarkTest02564,java/xss,src/main/java/org/owasp/benchmark/testcode/BenchmarkTest02564.java,81,Cross-site scripting vulnerability due to a [user-provided value](1).
BenchmarkTest02565,java/xss,src/main/java/org/owasp/benchmark/testcode/BenchmarkTest02565.java,87,Cross-site scripting vulnerability due to a [user-provided value](1).
BenchmarkTest02566,java/xss,src/main/java/org/owasp/benchmark/testcode/BenchmarkTest02566.java,87,Cross-site scripting vulnerability due to a [user-provided value](1).
BenchmarkTest02567,java/xss,src/main/java/org/owasp/benchmark/testcode/BenchmarkTest02567.java,81,Cross-site scripting vulnerability due to a [user-provided value](1).
BenchmarkTest02559,java/xss,src/main/java/org/owasp/benchmark/testcode/BenchmarkTest02559.java,92,Cross-site scripting vulnerability due to a [user-provided value](1).
BenchmarkTest02569,java/xss,src/main/java/org/owasp/benchmark/testcode/BenchmarkTest02569.java,81,Cross-site scripting vulnerability due to a [user-provided value](1).
BenchmarkTest02562,java/xss,src/main/java/org/owasp/benchmark/testcode/BenchmarkTest02562.java,82,Cross-site scripting vulnerability due to a [user-provided value](1).
BenchmarkTest02568,java/xss,src/main/java/org/owasp/benchmark/testcode/BenchmarkTest02568.java,81,Cross-site scripting vulnerability due to a [user-provided value](1).
BenchmarkTest02570,java/xss,src/main/java/org/owasp/benchmark/testcode/BenchmarkTest02570.java,82,Cross-site scripting vulnerability due to a [user-provided value](1).
BenchmarkTest02571,java/xss,src/main/java/org/owasp/benchmark/testcode/BenchmarkTest02571.java,111,Cross-site scripting vulnerability due to a [user-provided value](1).
BenchmarkTest02576,java/xss,src/main/java/org/owasp/benchmark/testcode/BenchmarkTest02576.java,104,Cross-site scripting vulnerability due to a [user-provided value](1).
BenchmarkTest02574,java/xss,src/main/java/org/owasp/benchmark/testcode/BenchmarkTest02574.java,104,Cross-site scripting vulnerability due to a [user-provided value](1).
BenchmarkTest02573,java/xss,src/main/java/org/owasp/benchmark/testcode/BenchmarkTest02573.java,104,Cross-site scripting vulnerability due to a [user-provided value](1).
BenchmarkTest02578,java/xss,src/main/java/org/owasp/benchmark/testcode/BenchmarkTest02578.java,74,Cross-site scripting vulnerability due to a [user-provided value](1).
BenchmarkTest02572,java/xss,src/main/java/org/owasp/benchmark/testcode/BenchmarkTest02572.java,111,Cross-site scripting vulnerability due to a [user-provided value](1).
BenchmarkTest02579,java/xss,src/main/java/org/owasp/benchmark/testcode/BenchmarkTest02579.java,74,Cross-site scripting vulnerability due to a [user-provided value](1).
BenchmarkTest02580,java/xss,src/main/java/org/owasp/benchmark/testcode/BenchmarkTest02580.java,74,Cross-site scripting vulnerability due to a [user-provided value](1).
BenchmarkTest02581,java/xss,src/main/java/org/owasp/benchmark/testcode/BenchmarkTest02581.java,74,Cross-site scripting vulnerability due to a [user-provided value](1).
BenchmarkTest02582,java/xss,src/main/java/org/owasp/benchmark/testcode/BenchmarkTest02582.java,73,Cross-site scripting vulnerability due to a [user-provided value](1).
BenchmarkTest02583,java/xss,src/main/java/org/owasp/benchmark/testcode/BenchmarkTest02583.java,73,Cross-site scripting vulnerability due to a [user-provided value](1).
BenchmarkTest02584,java/xss,src/main/java/org/owasp/benchmark/testcode/BenchmarkTest02584.java,73,Cross-site scripting vulnerability due to a [user-provided value](1).
BenchmarkTest02585,java/xss,src/main/java/org/owasp/benchmark/testcode/BenchmarkTest02585.java,73,Cross-site scripting vulnerability due to a [user-provided value](1).
BenchmarkTest02586,java/xss,src/main/java/org/owasp/benchmark/testcode/BenchmarkTest02586.java,73,Cross-site scripting vulnerability due to a [user-provided value](1).
BenchmarkTest02589,java/xss,src/main/java/org/owasp/benchmark/testcode/BenchmarkTest02589.java,74,Cross-site scripting vulnerability due to a [user-provided value](1).
BenchmarkTest02588,java/xss,src/main/java/org/owasp/benchmark/testcode/BenchmarkTest02588.java,74,Cross-site scripting vulnerability due to a [user-provided value](1).
BenchmarkTest02591,java/xss,src/main/java/org/owasp/benchmark/testcode/BenchmarkTest02591.java,74,Cross-site scripting vulnerability due to a [user-provided value](1).
BenchmarkTest02587,java/xss,src/main/java/org/owasp/benchmark/testcode/BenchmarkTest02587.java,74,Cross-site scripting vulnerability due to a [user-provided value](1).
BenchmarkTest02590,java/xss,src/main/java/org/owasp/benchmark/testcode/BenchmarkTest02590.java,74,Cross-site scripting vulnerability due to a [user-provided value](1).
BenchmarkTest02577,java/xss,src/main/java/org/owasp/benchmark/testcode/BenchmarkTest02577.java,108,Cross-site scripting vulnerability due to a [user-provided value](1).
BenchmarkTest02592,java/xss,src/main/java/org/owasp/benchmark/testcode/BenchmarkTest02592.java,74,Cross-site scripting vulnerability due to a [user-provided value](1).
BenchmarkTest02595,java/xss,src/main/java/org/owasp/benchmark/testcode/BenchmarkTest02595.java,73,Cross-site scripting vulnerability due to a [user-provided value](1).
BenchmarkTest02596,java/xss,src/main/java/org/owasp/benchmark/testcode/BenchmarkTest02596.java,73,Cross-site scripting vulnerability due to a [user-provided value](1).
BenchmarkTest02597,java/xss,src/main/java/org/owasp/benchmark/testcode/BenchmarkTest02597.java,73,Cross-site scripting vulnerability due to a [user-provided value](1).
BenchmarkTest02598,java/xss,src/main/java/org/owasp/benchmark/testcode/BenchmarkTest02598.java,73,Cross-site scripting vulnerability due to a [user-provided value](1).
BenchmarkTest02600,java/xss,src/main/java/org/owasp/benchmark/testcode/BenchmarkTest02600.java,76,Cross-site scripting vulnerability due to a [user-provided value](1).
BenchmarkTest02601,java/xss,src/main/java/org/owasp/benchmark/testcode/BenchmarkTest02601.java,76,Cross-site scripting vulnerability due to a [user-provided value](1).
BenchmarkTest02604,java/xss,src/main/java/org/owasp/benchmark/testcode/BenchmarkTest02604.java,111,"Cross-site scripting vulnerability due to a [user-provided value](1).
Cross-site scripting vulnerability due to a [user-provided value](2)."
BenchmarkTest02608,java/xss,src/main/java/org/owasp/benchmark/testcode/BenchmarkTest02608.java,73,Cross-site scripting vulnerability due to a [user-provided value](1).
BenchmarkTest02609,java/xss,src/main/java/org/owasp/benchmark/testcode/BenchmarkTest02609.java,73,Cross-site scripting vulnerability due to a [user-provided value](1).
BenchmarkTest02607,java/xss,src/main/java/org/owasp/benchmark/testcode/BenchmarkTest02607.java,97,Cross-site scripting vulnerability due to a [user-provided value](1).
BenchmarkTest02602,java/xss,src/main/java/org/owasp/benchmark/testcode/BenchmarkTest02602.java,112,"Cross-site scripting vulnerability due to a [user-provided value](1).
Cross-site scripting vulnerability due to a [user-provided value](2)."
BenchmarkTest02605,java/xss,src/main/java/org/owasp/benchmark/testcode/BenchmarkTest02605.java,111,"Cross-site scripting vulnerability due to a [user-provided value](1).
Cross-site scripting vulnerability due to a [user-provided value](2)."
BenchmarkTest02603,java/xss,src/main/java/org/owasp/benchmark/testcode/BenchmarkTest02603.java,112,"Cross-site scripting vulnerability due to a [user-provided value](1).
Cross-site scripting vulnerability due to a [user-provided value](2)."
BenchmarkTest02606,java/xss,src/main/java/org/owasp/benchmark/testcode/BenchmarkTest02606.java,111,"Cross-site scripting vulnerability due to a [user-provided value](1).
Cross-site scripting vulnerability due to a [user-provided value](2)."
BenchmarkTest02614,java/xss,src/main/java/org/owasp/benchmark/testcode/BenchmarkTest02614.java,118,"Cross-site scripting vulnerability due to a [user-provided value](1).
Cross-site scripting vulnerability due to a [user-provided value](2)."
BenchmarkTest02615,java/xss,src/main/java/org/owasp/benchmark/testcode/BenchmarkTest02615.java,115,"Cross-site scripting vulnerability due to a [user-provided value](1).
Cross-site scripting vulnerability due to a [user-provided value](2)."
BenchmarkTest02616,java/xss,src/main/java/org/owasp/benchmark/testcode/BenchmarkTest02616.java,115,"Cross-site scripting vulnerability due to a [user-provided value](1).
Cross-site scripting vulnerability due to a [user-provided value](2)."
BenchmarkTest02624,java/xss,src/main/java/org/owasp/benchmark/testcode/BenchmarkTest02624.java,77,Cross-site scripting vulnerability due to a [user-provided value](1).
BenchmarkTest02617,java/xss,src/main/java/org/owasp/benchmark/testcode/BenchmarkTest02617.java,119,"Cross-site scripting vulnerability due to a [user-provided value](1).
Cross-site scripting vulnerability due to a [user-provided value](2)."
BenchmarkTest02623,java/xss,src/main/java/org/owasp/benchmark/testcode/BenchmarkTest02623.java,77,Cross-site scripting vulnerability due to a [user-provided value](1).
BenchmarkTest02622,java/xss,src/main/java/org/owasp/benchmark/testcode/BenchmarkTest02622.java,77,Cross-site scripting vulnerability due to a [user-provided value](1).
BenchmarkTest02620,java/xss,src/main/java/org/owasp/benchmark/testcode/BenchmarkTest02620.java,112,"Cross-site scripting vulnerability due to a [user-provided value](1).
Cross-site scripting vulnerability due to a [user-provided value](2)."
BenchmarkTest02618,java/xss,src/main/java/org/owasp/benchmark/testcode/BenchmarkTest02618.java,115,"Cross-site scripting vulnerability due to a [user-provided value](1).
Cross-site scripting vulnerability due to a [user-provided value](2)."
BenchmarkTest02619,java/xss,src/main/java/org/owasp/benchmark/testcode/BenchmarkTest02619.java,113,"Cross-site scripting vulnerability due to a [user-provided value](1).
Cross-site scripting vulnerability due to a [user-provided value](2)."
BenchmarkTest02621,java/xss,src/main/java/org/owasp/benchmark/testcode/BenchmarkTest02621.java,112,"Cross-site scripting vulnerability due to a [user-provided value](1).
Cross-site scripting vulnerability due to a [user-provided value](2)."
BenchmarkTest02640,java/xss,src/main/java/org/owasp/benchmark/testcode/BenchmarkTest02640.java,78,Cross-site scripting vulnerability due to a [user-provided value](1).
BenchmarkTest02638,java/xss,src/main/java/org/owasp/benchmark/testcode/BenchmarkTest02638.java,78,Cross-site scripting vulnerability due to a [user-provided value](1).
BenchmarkTest02643,java/xss,src/main/java/org/owasp/benchmark/testcode/BenchmarkTest02643.java,90,Cross-site scripting vulnerability due to a [user-provided value](1).
BenchmarkTest02641,java/xss,src/main/java/org/owasp/benchmark/testcode/BenchmarkTest02641.java,100,Cross-site scripting vulnerability due to a [user-provided value](1).
BenchmarkTest02642,java/xss,src/main/java/org/owasp/benchmark/testcode/BenchmarkTest02642.java,90,Cross-site scripting vulnerability due to a [user-provided value](1).
BenchmarkTest02645,java/xss,src/main/java/org/owasp/benchmark/testcode/BenchmarkTest02645.java,93,Cross-site scripting vulnerability due to a [user-provided value](1).
BenchmarkTest02646,java/xss,src/main/java/org/owasp/benchmark/testcode/BenchmarkTest02646.java,78,Cross-site scripting vulnerability due to a [user-provided value](1).
BenchmarkTest02644,java/xss,src/main/java/org/owasp/benchmark/testcode/BenchmarkTest02644.java,93,Cross-site scripting vulnerability due to a [user-provided value](1).
BenchmarkTest02700,java/xss,src/main/java/org/owasp/benchmark/testcode/BenchmarkTest02700.java,89,"Cross-site scripting vulnerability due to a [user-provided value](1).
Cross-site scripting vulnerability due to a [user-provided value](2)."
BenchmarkTest02701,java/xss,src/main/java/org/owasp/benchmark/testcode/BenchmarkTest02701.java,89,"Cross-site scripting vulnerability due to a [user-provided value](1).
Cross-site scripting vulnerability due to a [user-provided value](2)."
BenchmarkTest02703,java/xss,src/main/java/org/owasp/benchmark/testcode/BenchmarkTest02703.java,88,"Cross-site scripting vulnerability due to a [user-provided value](1).
Cross-site scripting vulnerability due to a [user-provided value](2)."
BenchmarkTest02702,java/xss,src/main/java/org/owasp/benchmark/testcode/BenchmarkTest02702.java,88,"Cross-site scripting vulnerability due to a [user-provided value](1).
Cross-site scripting vulnerability due to a [user-provided value](2)."
BenchmarkTest02706,java/xss,src/main/java/org/owasp/benchmark/testcode/BenchmarkTest02706.java,87,"Cross-site scripting vulnerability due to a [user-provided value](1).
Cross-site scripting vulnerability due to a [user-provided value](2)."
BenchmarkTest02704,java/xss,src/main/java/org/owasp/benchmark/testcode/BenchmarkTest02704.java,88,"Cross-site scripting vulnerability due to a [user-provided value](1).
Cross-site scripting vulnerability due to a [user-provided value](2)."
BenchmarkTest02705,java/xss,src/main/java/org/owasp/benchmark/testcode/BenchmarkTest02705.java,87,"Cross-site scripting vulnerability due to a [user-provided value](1).
Cross-site scripting vulnerability due to a [user-provided value](2)."
BenchmarkTest02708,java/xss,src/main/java/org/owasp/benchmark/testcode/BenchmarkTest02708.java,88,"Cross-site scripting vulnerability due to a [user-provided value](1).
Cross-site scripting vulnerability due to a [user-provided value](2)."
BenchmarkTest02707,java/xss,src/main/java/org/owasp/benchmark/testcode/BenchmarkTest02707.java,87,"Cross-site scripting vulnerability due to a [user-provided value](1).
Cross-site scripting vulnerability due to a [user-provided value](2)."
BenchmarkTest02715,java/xss,src/main/java/org/owasp/benchmark/testcode/BenchmarkTest02715.java,92,"Cross-site scripting vulnerability due to a [user-provided value](1).
Cross-site scripting vulnerability due to a [user-provided value](2)."
BenchmarkTest02718,java/xss,src/main/java/org/owasp/benchmark/testcode/BenchmarkTest02718.java,90,"Cross-site scripting vulnerability due to a [user-provided value](1).
Cross-site scripting vulnerability due to a [user-provided value](2)."
BenchmarkTest02717,java/xss,src/main/java/org/owasp/benchmark/testcode/BenchmarkTest02717.java,90,"Cross-site scripting vulnerability due to a [user-provided value](1).
Cross-site scripting vulnerability due to a [user-provided value](2)."
BenchmarkTest02716,java/xss,src/main/java/org/owasp/benchmark/testcode/BenchmarkTest02716.java,90,"Cross-site scripting vulnerability due to a [user-provided value](1).
Cross-site scripting vulnerability due to a [user-provided value](2)."
BenchmarkTest02719,java/xss,src/main/java/org/owasp/benchmark/testcode/BenchmarkTest02719.java,89,"Cross-site scripting vulnerability due to a [user-provided value](1).
Cross-site scripting vulnerability due to a [user-provided value](2)."
BenchmarkTest02721,java/xss,src/main/java/org/owasp/benchmark/testcode/BenchmarkTest02721.java,89,"Cross-site scripting vulnerability due to a [user-provided value](1).
Cross-site scripting vulnerability due to a [user-provided value](2)."
BenchmarkTest02720,java/xss,src/main/java/org/owasp/benchmark/testcode/BenchmarkTest02720.java,89,"Cross-site scripting vulnerability due to a [user-provided value](1).
Cross-site scripting vulnerability due to a [user-provided value](2)."
