testcase,ruleId,file,line,message
BenchmarkTest00003,java/potentially-weak-cryptographic-algorithm,src/main/java/org/owasp/benchmark/testcode/BenchmarkTest00003.java,72,Cryptographic algorithm [MD5](1) may not be secure. Consider using a different algorithm.
BenchmarkTest00019,java/potentially-weak-cryptographic-algorithm,src/main/java/org/owasp/benchmark/testcode/BenchmarkTest00019.java,51,"Cryptographic algorithm [DESede/ECB/PKCS5Padding](1) may not be secure. Consider using a different algorithm.
Cryptographic algorithm [DES/ECB/PKCS5Padding](2) may not be secure. Consider using a different algorithm."
BenchmarkTest00035,java/potentially-weak-cryptographic-algorithm,src/main/java/org/owasp/benchmark/testcode/BenchmarkTest00035.java,66,"Cryptographic algorithm [DESede/ECB/PKCS5Padding](1) may not be secure. Consider using a different algorithm.
Cryptographic algorithm [DES/ECB/PKCS5Padding](2) may not be secure. Consider using a different algorithm."
BenchmarkTest00046,java/potentially-weak-cryptographic-algorithm,src/main/java/org/owasp/benchmark/testcode/BenchmarkTest00046.java,50,Cryptographic algorithm [MD5](1) may not be secure. Consider using a different algorithm.
BenchmarkTest00029,java/potentially-weak-cryptographic-algorithm,src/main/java/org/owasp/benchmark/testcode/BenchmarkTest00029.java,56,Cryptographic algorithm [MD5](1) may not be secure. Consider using a different algorithm.
BenchmarkTest00059,java/potentially-weak-cryptographic-algorithm,src/main/java/org/owasp/benchmark/testcode/BenchmarkTest00059.java,83,Cryptographic algorithm [AES/ECB/PKCS5Padding](1) may not be secure. Consider using a different algorithm.
BenchmarkTest00071,java/potentially-weak-cryptographic-algorithm,src/main/java/org/owasp/benchmark/testcode/BenchmarkTest00071.java,73,Cryptographic algorithm [SHA1](1) may not be secure. Consider using a different algorithm.
BenchmarkTest00073,java/potentially-weak-cryptographic-algorithm,src/main/java/org/owasp/benchmark/testcode/BenchmarkTest00073.java,87,Cryptographic algorithm [MD5](1) may not be secure. Consider using a different algorithm.
BenchmarkTest00070,java/potentially-weak-cryptographic-algorithm,src/main/java/org/owasp/benchmark/testcode/BenchmarkTest00070.java,73,Cryptographic algorithm [SHA1](1) may not be secure. Consider using a different algorithm.
BenchmarkTest00075,java/potentially-weak-cryptographic-algorithm,src/main/java/org/owasp/benchmark/testcode/BenchmarkTest00075.java,77,Cryptographic algorithm [SHA5](1) may not be secure. Consider using a different algorithm.
BenchmarkTest00076,java/potentially-weak-cryptographic-algorithm,src/main/java/org/owasp/benchmark/testcode/BenchmarkTest00076.java,91,Cryptographic algorithm [SHA5](1) may not be secure. Consider using a different algorithm.
BenchmarkTest00074,java/potentially-weak-cryptographic-algorithm,src/main/java/org/owasp/benchmark/testcode/BenchmarkTest00074.java,77,Cryptographic algorithm [MD5](1) may not be secure. Consider using a different algorithm.
BenchmarkTest00129,java/potentially-weak-cryptographic-algorithm,src/main/java/org/owasp/benchmark/testcode/BenchmarkTest00129.java,68,Cryptographic algorithm [AES/ECB/PKCS5Padding](1) may not be secure. Consider using a different algorithm.
BenchmarkTest00130,java/potentially-weak-cryptographic-algorithm,src/main/java/org/owasp/benchmark/testcode/BenchmarkTest00130.java,87,Cryptographic algorithm [AES/ECB/PKCS5Padding](1) may not be secure. Consider using a different algorithm.
BenchmarkTest00128,java/potentially-weak-cryptographic-algorithm,src/main/java/org/owasp/benchmark/testcode/BenchmarkTest00128.java,73,Cryptographic algorithm [AES/ECB/PKCS5Padding](1) may not be secure. Consider using a different algorithm.
BenchmarkTest00127,java/potentially-weak-cryptographic-algorithm,src/main/java/org/owasp/benchmark/testcode/BenchmarkTest00127.java,78,Cryptographic algorithm [AES/ECB/PKCS5Padding](1) may not be secure. Consider using a different algorithm.
BenchmarkTest00143,java/potentially-weak-cryptographic-algorithm,src/main/java/org/owasp/benchmark/testcode/BenchmarkTest00143.java,77,Cryptographic algorithm [MD5](1) may not be secure. Consider using a different algorithm.
BenchmarkTest00141,java/potentially-weak-cryptographic-algorithm,src/main/java/org/owasp/benchmark/testcode/BenchmarkTest00141.java,64,Cryptographic algorithm [SHA1](1) may not be secure. Consider using a different algorithm.
BenchmarkTest00141,java/potentially-weak-cryptographic-algorithm,src/main/java/org/owasp/benchmark/testcode/BenchmarkTest00141.java,66,Cryptographic algorithm [SHA1](1) may not be secure. Consider using a different algorithm.
BenchmarkTest00214,java/potentially-weak-cryptographic-algorithm,src/main/java/org/owasp/benchmark/testcode/BenchmarkTest00214.java,78,Cryptographic algorithm [AES/ECB/PKCS5Padding](1) may not be secure. Consider using a different algorithm.
BenchmarkTest00213,java/potentially-weak-cryptographic-algorithm,src/main/java/org/owasp/benchmark/testcode/BenchmarkTest00213.java,88,Cryptographic algorithm [AES/ECB/PKCS5Padding](1) may not be secure. Consider using a different algorithm.
BenchmarkTest00226,java/potentially-weak-cryptographic-algorithm,src/main/java/org/owasp/benchmark/testcode/BenchmarkTest00226.java,74,Cryptographic algorithm [MD5](1) may not be secure. Consider using a different algorithm.
BenchmarkTest00229,java/potentially-weak-cryptographic-algorithm,src/main/java/org/owasp/benchmark/testcode/BenchmarkTest00229.java,68,Cryptographic algorithm [SHA5](1) may not be secure. Consider using a different algorithm.
BenchmarkTest00227,java/potentially-weak-cryptographic-algorithm,src/main/java/org/owasp/benchmark/testcode/BenchmarkTest00227.java,89,Cryptographic algorithm [MD5](1) may not be secure. Consider using a different algorithm.
BenchmarkTest00223,java/potentially-weak-cryptographic-algorithm,src/main/java/org/owasp/benchmark/testcode/BenchmarkTest00223.java,74,Cryptographic algorithm [SHA1](1) may not be secure. Consider using a different algorithm.
BenchmarkTest00223,java/potentially-weak-cryptographic-algorithm,src/main/java/org/owasp/benchmark/testcode/BenchmarkTest00223.java,76,Cryptographic algorithm [SHA1](1) may not be secure. Consider using a different algorithm.
BenchmarkTest00228,java/potentially-weak-cryptographic-algorithm,src/main/java/org/owasp/benchmark/testcode/BenchmarkTest00228.java,78,Cryptographic algorithm [SHA5](1) may not be secure. Consider using a different algorithm.
BenchmarkTest00268,java/potentially-weak-cryptographic-algorithm,src/main/java/org/owasp/benchmark/testcode/BenchmarkTest00268.java,61,Cryptographic algorithm [SHA1](1) may not be secure. Consider using a different algorithm.
BenchmarkTest00267,java/potentially-weak-cryptographic-algorithm,src/main/java/org/owasp/benchmark/testcode/BenchmarkTest00267.java,62,Cryptographic algorithm [SHA1](1) may not be secure. Consider using a different algorithm.
BenchmarkTest00267,java/potentially-weak-cryptographic-algorithm,src/main/java/org/owasp/benchmark/testcode/BenchmarkTest00267.java,64,Cryptographic algorithm [SHA1](1) may not be secure. Consider using a different algorithm.
BenchmarkTest00269,java/potentially-weak-cryptographic-algorithm,src/main/java/org/owasp/benchmark/testcode/BenchmarkTest00269.java,61,Cryptographic algorithm [SHA1](1) may not be secure. Consider using a different algorithm.
BenchmarkTest00272,java/potentially-weak-cryptographic-algorithm,src/main/java/org/owasp/benchmark/testcode/BenchmarkTest00272.java,75,Cryptographic algorithm [MD5](1) may not be secure. Consider using a different algorithm.
BenchmarkTest00274,java/potentially-weak-cryptographic-algorithm,src/main/java/org/owasp/benchmark/testcode/BenchmarkTest00274.java,60,Cryptographic algorithm [MD5](1) may not be secure. Consider using a different algorithm.
BenchmarkTest00273,java/potentially-weak-cryptographic-algorithm,src/main/java/org/owasp/benchmark/testcode/BenchmarkTest00273.java,70,Cryptographic algorithm [MD5](1) may not be secure. Consider using a different algorithm.
BenchmarkTest00266,java/potentially-weak-cryptographic-algorithm,src/main/java/org/owasp/benchmark/testcode/BenchmarkTest00266.java,66,Cryptographic algorithm [SHA1](1) may not be secure. Consider using a different algorithm.
BenchmarkTest00266,java/potentially-weak-cryptographic-algorithm,src/main/java/org/owasp/benchmark/testcode/BenchmarkTest00266.java,68,Cryptographic algorithm [SHA1](1) may not be secure. Consider using a different algorithm.
BenchmarkTest00346,java/potentially-weak-cryptographic-algorithm,src/main/java/org/owasp/benchmark/testcode/BenchmarkTest00346.java,53,Cryptographic algorithm [SHA1](1) may not be secure. Consider using a different algorithm.
BenchmarkTest00346,java/potentially-weak-cryptographic-algorithm,src/main/java/org/owasp/benchmark/testcode/BenchmarkTest00346.java,55,Cryptographic algorithm [SHA1](1) may not be secure. Consider using a different algorithm.
BenchmarkTest00356,java/potentially-weak-cryptographic-algorithm,src/main/java/org/owasp/benchmark/testcode/BenchmarkTest00356.java,58,"Cryptographic algorithm [DESede/ECB/PKCS5Padding](1) may not be secure. Consider using a different algorithm.
Cryptographic algorithm [DES/ECB/PKCS5Padding](2) may not be secure. Consider using a different algorithm."
BenchmarkTest00354,java/potentially-weak-cryptographic-algorithm,src/main/java/org/owasp/benchmark/testcode/BenchmarkTest00354.java,60,"Cryptographic algorithm [DESede/ECB/PKCS5Padding](1) may not be secure. Consider using a different algorithm.
Cryptographic algorithm [DES/ECB/PKCS5Padding](2) may not be secure. Consider using a different algorithm."
BenchmarkTest00357,java/potentially-weak-cryptographic-algorithm,src/main/java/org/owasp/benchmark/testcode/BenchmarkTest00357.java,63,Cryptographic algorithm [AES/ECB/PKCS5Padding](1) may not be secure. Consider using a different algorithm.
BenchmarkTest00358,java/potentially-weak-cryptographic-algorithm,src/main/java/org/owasp/benchmark/testcode/BenchmarkTest00358.java,64,Cryptographic algorithm [AES/ECB/PKCS5Padding](1) may not be secure. Consider using a different algorithm.
BenchmarkTest00355,java/potentially-weak-cryptographic-algorithm,src/main/java/org/owasp/benchmark/testcode/BenchmarkTest00355.java,73,"Cryptographic algorithm [DESede/ECB/PKCS5Padding](1) may not be secure. Consider using a different algorithm.
Cryptographic algorithm [DES/ECB/PKCS5Padding](2) may not be secure. Consider using a different algorithm."
BenchmarkTest00371,java/potentially-weak-cryptographic-algorithm,src/main/java/org/owasp/benchmark/testcode/BenchmarkTest00371.java,54,Cryptographic algorithm [SHA1](1) may not be secure. Consider using a different algorithm.
BenchmarkTest00372,java/potentially-weak-cryptographic-algorithm,src/main/java/org/owasp/benchmark/testcode/BenchmarkTest00372.java,54,Cryptographic algorithm [MD5](1) may not be secure. Consider using a different algorithm.
BenchmarkTest00374,java/potentially-weak-cryptographic-algorithm,src/main/java/org/owasp/benchmark/testcode/BenchmarkTest00374.java,55,Cryptographic algorithm [MD5](1) may not be secure. Consider using a different algorithm.
BenchmarkTest00448,java/potentially-weak-cryptographic-algorithm,src/main/java/org/owasp/benchmark/testcode/BenchmarkTest00448.java,62,"Cryptographic algorithm [DESede/ECB/PKCS5Padding](1) may not be secure. Consider using a different algorithm.
Cryptographic algorithm [DES/ECB/PKCS5Padding](2) may not be secure. Consider using a different algorithm."
BenchmarkTest00450,java/potentially-weak-cryptographic-algorithm,src/main/java/org/owasp/benchmark/testcode/BenchmarkTest00450.java,87,Cryptographic algorithm [AES/ECB/PKCS5Padding](1) may not be secure. Consider using a different algorithm.
BenchmarkTest00449,java/potentially-weak-cryptographic-algorithm,src/main/java/org/owasp/benchmark/testcode/BenchmarkTest00449.java,60,"Cryptographic algorithm [DESede/ECB/PKCS5Padding](1) may not be secure. Consider using a different algorithm.
Cryptographic algorithm [DES/ECB/PKCS5Padding](2) may not be secure. Consider using a different algorithm."
BenchmarkTest00451,java/potentially-weak-cryptographic-algorithm,src/main/java/org/owasp/benchmark/testcode/BenchmarkTest00451.java,72,Cryptographic algorithm [AES/ECB/PKCS5Padding](1) may not be secure. Consider using a different algorithm.
BenchmarkTest00465,java/potentially-weak-cryptographic-algorithm,src/main/java/org/owasp/benchmark/testcode/BenchmarkTest00465.java,56,Cryptographic algorithm [MD5](1) may not be secure. Consider using a different algorithm.
BenchmarkTest00464,java/potentially-weak-cryptographic-algorithm,src/main/java/org/owasp/benchmark/testcode/BenchmarkTest00464.java,56,Cryptographic algorithm [SHA1](1) may not be secure. Consider using a different algorithm.
BenchmarkTest00462,java/potentially-weak-cryptographic-algorithm,src/main/java/org/owasp/benchmark/testcode/BenchmarkTest00462.java,68,Cryptographic algorithm [SHA1](1) may not be secure. Consider using a different algorithm.
BenchmarkTest00462,java/potentially-weak-cryptographic-algorithm,src/main/java/org/owasp/benchmark/testcode/BenchmarkTest00462.java,70,Cryptographic algorithm [SHA1](1) may not be secure. Consider using a different algorithm.
BenchmarkTest00466,java/potentially-weak-cryptographic-algorithm,src/main/java/org/owasp/benchmark/testcode/BenchmarkTest00466.java,62,Cryptographic algorithm [SHA5](1) may not be secure. Consider using a different algorithm.
BenchmarkTest00524,java/potentially-weak-cryptographic-algorithm,src/main/java/org/owasp/benchmark/testcode/BenchmarkTest00524.java,97,Cryptographic algorithm [AES/ECB/PKCS5Padding](1) may not be secure. Consider using a different algorithm.
BenchmarkTest00534,java/potentially-weak-cryptographic-algorithm,src/main/java/org/owasp/benchmark/testcode/BenchmarkTest00534.java,82,Cryptographic algorithm [SHA1](1) may not be secure. Consider using a different algorithm.
BenchmarkTest00537,java/potentially-weak-cryptographic-algorithm,src/main/java/org/owasp/benchmark/testcode/BenchmarkTest00537.java,63,Cryptographic algorithm [MD5](1) may not be secure. Consider using a different algorithm.
BenchmarkTest00531,java/potentially-weak-cryptographic-algorithm,src/main/java/org/owasp/benchmark/testcode/BenchmarkTest00531.java,73,Cryptographic algorithm [SHA1](1) may not be secure. Consider using a different algorithm.
BenchmarkTest00531,java/potentially-weak-cryptographic-algorithm,src/main/java/org/owasp/benchmark/testcode/BenchmarkTest00531.java,75,Cryptographic algorithm [SHA1](1) may not be secure. Consider using a different algorithm.
BenchmarkTest00540,java/potentially-weak-cryptographic-algorithm,src/main/java/org/owasp/benchmark/testcode/BenchmarkTest00540.java,72,Cryptographic algorithm [SHA5](1) may not be secure. Consider using a different algorithm.
BenchmarkTest00532,java/potentially-weak-cryptographic-algorithm,src/main/java/org/owasp/benchmark/testcode/BenchmarkTest00532.java,83,Cryptographic algorithm [SHA1](1) may not be secure. Consider using a different algorithm.
BenchmarkTest00533,java/potentially-weak-cryptographic-algorithm,src/main/java/org/owasp/benchmark/testcode/BenchmarkTest00533.java,73,Cryptographic algorithm [SHA1](1) may not be secure. Consider using a different algorithm.
BenchmarkTest00536,java/potentially-weak-cryptographic-algorithm,src/main/java/org/owasp/benchmark/testcode/BenchmarkTest00536.java,68,Cryptographic algorithm [MD5](1) may not be secure. Consider using a different algorithm.
BenchmarkTest00617,java/potentially-weak-cryptographic-algorithm,src/main/java/org/owasp/benchmark/testcode/BenchmarkTest00617.java,56,"Cryptographic algorithm [DESede/ECB/PKCS5Padding](1) may not be secure. Consider using a different algorithm.
Cryptographic algorithm [DES/ECB/PKCS5Padding](2) may not be secure. Consider using a different algorithm."
BenchmarkTest00618,java/potentially-weak-cryptographic-algorithm,src/main/java/org/owasp/benchmark/testcode/BenchmarkTest00618.java,70,Cryptographic algorithm [AES/ECB/PKCS5Padding](1) may not be secure. Consider using a different algorithm.
BenchmarkTest00616,java/potentially-weak-cryptographic-algorithm,src/main/java/org/owasp/benchmark/testcode/BenchmarkTest00616.java,55,"Cryptographic algorithm [DESede/ECB/PKCS5Padding](1) may not be secure. Consider using a different algorithm.
Cryptographic algorithm [DES/ECB/PKCS5Padding](2) may not be secure. Consider using a different algorithm."
BenchmarkTest00636,java/potentially-weak-cryptographic-algorithm,src/main/java/org/owasp/benchmark/testcode/BenchmarkTest00636.java,51,Cryptographic algorithm [SHA1](1) may not be secure. Consider using a different algorithm.
BenchmarkTest00631,java/potentially-weak-cryptographic-algorithm,src/main/java/org/owasp/benchmark/testcode/BenchmarkTest00631.java,57,Cryptographic algorithm [SHA1](1) may not be secure. Consider using a different algorithm.
BenchmarkTest00631,java/potentially-weak-cryptographic-algorithm,src/main/java/org/owasp/benchmark/testcode/BenchmarkTest00631.java,59,Cryptographic algorithm [SHA1](1) may not be secure. Consider using a different algorithm.
BenchmarkTest00635,java/potentially-weak-cryptographic-algorithm,src/main/java/org/owasp/benchmark/testcode/BenchmarkTest00635.java,51,Cryptographic algorithm [SHA1](1) may not be secure. Consider using a different algorithm.
BenchmarkTest00637,java/potentially-weak-cryptographic-algorithm,src/main/java/org/owasp/benchmark/testcode/BenchmarkTest00637.java,56,Cryptographic algorithm [MD5](1) may not be secure. Consider using a different algorithm.
BenchmarkTest00638,java/potentially-weak-cryptographic-algorithm,src/main/java/org/owasp/benchmark/testcode/BenchmarkTest00638.java,55,Cryptographic algorithm [MD5](1) may not be secure. Consider using a different algorithm.
BenchmarkTest00639,java/potentially-weak-cryptographic-algorithm,src/main/java/org/owasp/benchmark/testcode/BenchmarkTest00639.java,62,Cryptographic algorithm [SHA5](1) may not be secure. Consider using a different algorithm.
BenchmarkTest00641,java/potentially-weak-cryptographic-algorithm,src/main/java/org/owasp/benchmark/testcode/BenchmarkTest00641.java,60,Cryptographic algorithm [SHA5](1) may not be secure. Consider using a different algorithm.
BenchmarkTest00640,java/potentially-weak-cryptographic-algorithm,src/main/java/org/owasp/benchmark/testcode/BenchmarkTest00640.java,60,Cryptographic algorithm [SHA5](1) may not be secure. Consider using a different algorithm.
BenchmarkTest00634,java/potentially-weak-cryptographic-algorithm,src/main/java/org/owasp/benchmark/testcode/BenchmarkTest00634.java,61,Cryptographic algorithm [SHA1](1) may not be secure. Consider using a different algorithm.
BenchmarkTest00704,java/potentially-weak-cryptographic-algorithm,src/main/java/org/owasp/benchmark/testcode/BenchmarkTest00704.java,59,Cryptographic algorithm [SHA1](1) may not be secure. Consider using a different algorithm.
BenchmarkTest00704,java/potentially-weak-cryptographic-algorithm,src/main/java/org/owasp/benchmark/testcode/BenchmarkTest00704.java,61,Cryptographic algorithm [SHA1](1) may not be secure. Consider using a different algorithm.
BenchmarkTest00708,java/potentially-weak-cryptographic-algorithm,src/main/java/org/owasp/benchmark/testcode/BenchmarkTest00708.java,53,Cryptographic algorithm [MD5](1) may not be secure. Consider using a different algorithm.
BenchmarkTest00710,java/potentially-weak-cryptographic-algorithm,src/main/java/org/owasp/benchmark/testcode/BenchmarkTest00710.java,55,Cryptographic algorithm [MD5](1) may not be secure. Consider using a different algorithm.
BenchmarkTest00705,java/potentially-weak-cryptographic-algorithm,src/main/java/org/owasp/benchmark/testcode/BenchmarkTest00705.java,57,Cryptographic algorithm [SHA1](1) may not be secure. Consider using a different algorithm.
BenchmarkTest00703,java/potentially-weak-cryptographic-algorithm,src/main/java/org/owasp/benchmark/testcode/BenchmarkTest00703.java,66,Cryptographic algorithm [SHA1](1) may not be secure. Consider using a different algorithm.
BenchmarkTest00703,java/potentially-weak-cryptographic-algorithm,src/main/java/org/owasp/benchmark/testcode/BenchmarkTest00703.java,68,Cryptographic algorithm [SHA1](1) may not be secure. Consider using a different algorithm.
BenchmarkTest00789,java/potentially-weak-cryptographic-algorithm,src/main/java/org/owasp/benchmark/testcode/BenchmarkTest00789.java,80,Cryptographic algorithm [SHA1](1) may not be secure. Consider using a different algorithm.
BenchmarkTest00790,java/potentially-weak-cryptographic-algorithm,src/main/java/org/owasp/benchmark/testcode/BenchmarkTest00790.java,73,Cryptographic algorithm [SHA1](1) may not be secure. Consider using a different algorithm.
BenchmarkTest00794,java/potentially-weak-cryptographic-algorithm,src/main/java/org/owasp/benchmark/testcode/BenchmarkTest00794.java,76,Cryptographic algorithm [MD5](1) may not be secure. Consider using a different algorithm.
BenchmarkTest00797,java/potentially-weak-cryptographic-algorithm,src/main/java/org/owasp/benchmark/testcode/BenchmarkTest00797.java,81,Cryptographic algorithm [MD5](1) may not be secure. Consider using a different algorithm.
BenchmarkTest00798,java/potentially-weak-cryptographic-algorithm,src/main/java/org/owasp/benchmark/testcode/BenchmarkTest00798.java,81,Cryptographic algorithm [SHA5](1) may not be secure. Consider using a different algorithm.
BenchmarkTest00796,java/potentially-weak-cryptographic-algorithm,src/main/java/org/owasp/benchmark/testcode/BenchmarkTest00796.java,82,Cryptographic algorithm [MD5](1) may not be secure. Consider using a different algorithm.
BenchmarkTest00869,java/potentially-weak-cryptographic-algorithm,src/main/java/org/owasp/benchmark/testcode/BenchmarkTest00869.java,74,Cryptographic algorithm [SHA1](1) may not be secure. Consider using a different algorithm.
BenchmarkTest00869,java/potentially-weak-cryptographic-algorithm,src/main/java/org/owasp/benchmark/testcode/BenchmarkTest00869.java,76,Cryptographic algorithm [SHA1](1) may not be secure. Consider using a different algorithm.
BenchmarkTest00870,java/potentially-weak-cryptographic-algorithm,src/main/java/org/owasp/benchmark/testcode/BenchmarkTest00870.java,50,Cryptographic algorithm [SHA1](1) may not be secure. Consider using a different algorithm.
BenchmarkTest00872,java/potentially-weak-cryptographic-algorithm,src/main/java/org/owasp/benchmark/testcode/BenchmarkTest00872.java,51,Cryptographic algorithm [SHA1](1) may not be secure. Consider using a different algorithm.
BenchmarkTest00859,java/potentially-weak-cryptographic-algorithm,src/main/java/org/owasp/benchmark/testcode/BenchmarkTest00859.java,59,"Cryptographic algorithm [DESede/ECB/PKCS5Padding](1) may not be secure. Consider using a different algorithm.
Cryptographic algorithm [DES/ECB/PKCS5Padding](2) may not be secure. Consider using a different algorithm."
BenchmarkTest00871,java/potentially-weak-cryptographic-algorithm,src/main/java/org/owasp/benchmark/testcode/BenchmarkTest00871.java,55,Cryptographic algorithm [SHA1](1) may not be secure. Consider using a different algorithm.
BenchmarkTest00868,java/potentially-weak-cryptographic-algorithm,src/main/java/org/owasp/benchmark/testcode/BenchmarkTest00868.java,75,Cryptographic algorithm [SHA1](1) may not be secure. Consider using a different algorithm.
BenchmarkTest00868,java/potentially-weak-cryptographic-algorithm,src/main/java/org/owasp/benchmark/testcode/BenchmarkTest00868.java,77,Cryptographic algorithm [SHA1](1) may not be secure. Consider using a different algorithm.
BenchmarkTest00878,java/potentially-weak-cryptographic-algorithm,src/main/java/org/owasp/benchmark/testcode/BenchmarkTest00878.java,57,Cryptographic algorithm [SHA5](1) may not be secure. Consider using a different algorithm.
BenchmarkTest00876,java/potentially-weak-cryptographic-algorithm,src/main/java/org/owasp/benchmark/testcode/BenchmarkTest00876.java,59,Cryptographic algorithm [MD5](1) may not be secure. Consider using a different algorithm.
BenchmarkTest00877,java/potentially-weak-cryptographic-algorithm,src/main/java/org/owasp/benchmark/testcode/BenchmarkTest00877.java,74,Cryptographic algorithm [SHA5](1) may not be secure. Consider using a different algorithm.
BenchmarkTest00875,java/potentially-weak-cryptographic-algorithm,src/main/java/org/owasp/benchmark/testcode/BenchmarkTest00875.java,64,Cryptographic algorithm [MD5](1) may not be secure. Consider using a different algorithm.
BenchmarkTest00945,java/potentially-weak-cryptographic-algorithm,src/main/java/org/owasp/benchmark/testcode/BenchmarkTest00945.java,72,"Cryptographic algorithm [DESede/ECB/PKCS5Padding](1) may not be secure. Consider using a different algorithm.
Cryptographic algorithm [DES/ECB/PKCS5Padding](2) may not be secure. Consider using a different algorithm."
BenchmarkTest00946,java/potentially-weak-cryptographic-algorithm,src/main/java/org/owasp/benchmark/testcode/BenchmarkTest00946.java,72,"Cryptographic algorithm [DESede/ECB/PKCS5Padding](1) may not be secure. Consider using a different algorithm.
Cryptographic algorithm [DES/ECB/PKCS5Padding](2) may not be secure. Consider using a different algorithm."
BenchmarkTest00961,java/potentially-weak-cryptographic-algorithm,src/main/java/org/owasp/benchmark/testcode/BenchmarkTest00961.java,68,Cryptographic algorithm [SHA1](1) may not be secure. Consider using a different algorithm.
BenchmarkTest00963,java/potentially-weak-cryptographic-algorithm,src/main/java/org/owasp/benchmark/testcode/BenchmarkTest00963.java,68,Cryptographic algorithm [MD5](1) may not be secure. Consider using a different algorithm.
BenchmarkTest00964,java/potentially-weak-cryptographic-algorithm,src/main/java/org/owasp/benchmark/testcode/BenchmarkTest00964.java,72,Cryptographic algorithm [SHA5](1) may not be secure. Consider using a different algorithm.
BenchmarkTest00965,java/potentially-weak-cryptographic-algorithm,src/main/java/org/owasp/benchmark/testcode/BenchmarkTest00965.java,72,Cryptographic algorithm [SHA5](1) may not be secure. Consider using a different algorithm.
BenchmarkTest00966,java/potentially-weak-cryptographic-algorithm,src/main/java/org/owasp/benchmark/testcode/BenchmarkTest00966.java,72,Cryptographic algorithm [SHA5](1) may not be secure. Consider using a different algorithm.
BenchmarkTest00967,java/potentially-weak-cryptographic-algorithm,src/main/java/org/owasp/benchmark/testcode/BenchmarkTest00967.java,72,Cryptographic algorithm [SHA5](1) may not be secure. Consider using a different algorithm.
BenchmarkTest01021,java/potentially-weak-cryptographic-algorithm,src/main/java/org/owasp/benchmark/testcode/BenchmarkTest01021.java,68,Cryptographic algorithm [AES/ECB/PKCS5Padding](1) may not be secure. Consider using a different algorithm.
BenchmarkTest01020,java/potentially-weak-cryptographic-algorithm,src/main/java/org/owasp/benchmark/testcode/BenchmarkTest01020.java,58,"Cryptographic algorithm [DESede/ECB/PKCS5Padding](1) may not be secure. Consider using a different algorithm.
Cryptographic algorithm [DES/ECB/PKCS5Padding](2) may not be secure. Consider using a different algorithm."
BenchmarkTest01022,java/potentially-weak-cryptographic-algorithm,src/main/java/org/owasp/benchmark/testcode/BenchmarkTest01022.java,68,Cryptographic algorithm [AES/ECB/PKCS5Padding](1) may not be secure. Consider using a different algorithm.
BenchmarkTest01038,java/potentially-weak-cryptographic-algorithm,src/main/java/org/owasp/benchmark/testcode/BenchmarkTest01038.java,54,Cryptographic algorithm [MD5](1) may not be secure. Consider using a different algorithm.
BenchmarkTest01041,java/potentially-weak-cryptographic-algorithm,src/main/java/org/owasp/benchmark/testcode/BenchmarkTest01041.java,58,Cryptographic algorithm [MD5](1) may not be secure. Consider using a different algorithm.
BenchmarkTest01042,java/potentially-weak-cryptographic-algorithm,src/main/java/org/owasp/benchmark/testcode/BenchmarkTest01042.java,58,Cryptographic algorithm [MD5](1) may not be secure. Consider using a different algorithm.
BenchmarkTest01043,java/potentially-weak-cryptographic-algorithm,src/main/java/org/owasp/benchmark/testcode/BenchmarkTest01043.java,58,Cryptographic algorithm [MD5](1) may not be secure. Consider using a different algorithm.
BenchmarkTest01045,java/potentially-weak-cryptographic-algorithm,src/main/java/org/owasp/benchmark/testcode/BenchmarkTest01045.java,58,Cryptographic algorithm [SHA5](1) may not be secure. Consider using a different algorithm.
BenchmarkTest01044,java/potentially-weak-cryptographic-algorithm,src/main/java/org/owasp/benchmark/testcode/BenchmarkTest01044.java,58,Cryptographic algorithm [MD5](1) may not be secure. Consider using a different algorithm.
BenchmarkTest01106,java/potentially-weak-cryptographic-algorithm,src/main/java/org/owasp/benchmark/testcode/BenchmarkTest01106.java,68,"Cryptographic algorithm [DESede/ECB/PKCS5Padding](1) may not be secure. Consider using a different algorithm.
Cryptographic algorithm [DES/ECB/PKCS5Padding](2) may not be secure. Consider using a different algorithm."
BenchmarkTest01105,java/potentially-weak-cryptographic-algorithm,src/main/java/org/owasp/benchmark/testcode/BenchmarkTest01105.java,68,"Cryptographic algorithm [DESede/ECB/PKCS5Padding](1) may not be secure. Consider using a different algorithm.
Cryptographic algorithm [DES/ECB/PKCS5Padding](2) may not be secure. Consider using a different algorithm."
BenchmarkTest01108,java/potentially-weak-cryptographic-algorithm,src/main/java/org/owasp/benchmark/testcode/BenchmarkTest01108.java,78,Cryptographic algorithm [AES/ECB/PKCS5Padding](1) may not be secure. Consider using a different algorithm.
BenchmarkTest01107,java/potentially-weak-cryptographic-algorithm,src/main/java/org/owasp/benchmark/testcode/BenchmarkTest01107.java,68,"Cryptographic algorithm [DESede/ECB/PKCS5Padding](1) may not be secure. Consider using a different algorithm.
Cryptographic algorithm [DES/ECB/PKCS5Padding](2) may not be secure. Consider using a different algorithm."
BenchmarkTest01124,java/potentially-weak-cryptographic-algorithm,src/main/java/org/owasp/benchmark/testcode/BenchmarkTest01124.java,68,Cryptographic algorithm [MD5](1) may not be secure. Consider using a different algorithm.
BenchmarkTest01125,java/potentially-weak-cryptographic-algorithm,src/main/java/org/owasp/benchmark/testcode/BenchmarkTest01125.java,68,Cryptographic algorithm [SHA5](1) may not be secure. Consider using a different algorithm.
BenchmarkTest01123,java/potentially-weak-cryptographic-algorithm,src/main/java/org/owasp/benchmark/testcode/BenchmarkTest01123.java,64,Cryptographic algorithm [SHA1](1) may not be secure. Consider using a different algorithm.
BenchmarkTest01126,java/potentially-weak-cryptographic-algorithm,src/main/java/org/owasp/benchmark/testcode/BenchmarkTest01126.java,68,Cryptographic algorithm [SHA5](1) may not be secure. Consider using a different algorithm.
BenchmarkTest01153,java/potentially-weak-cryptographic-algorithm,src/main/java/org/owasp/benchmark/testcode/BenchmarkTest01153.java,70,Cryptographic algorithm [AES/ECB/PKCS5Padding](1) may not be secure. Consider using a different algorithm.
BenchmarkTest01165,java/potentially-weak-cryptographic-algorithm,src/main/java/org/owasp/benchmark/testcode/BenchmarkTest01165.java,56,Cryptographic algorithm [SHA1](1) may not be secure. Consider using a different algorithm.
BenchmarkTest01166,java/potentially-weak-cryptographic-algorithm,src/main/java/org/owasp/benchmark/testcode/BenchmarkTest01166.java,56,Cryptographic algorithm [SHA1](1) may not be secure. Consider using a different algorithm.
BenchmarkTest01167,java/potentially-weak-cryptographic-algorithm,src/main/java/org/owasp/benchmark/testcode/BenchmarkTest01167.java,56,Cryptographic algorithm [MD5](1) may not be secure. Consider using a different algorithm.
BenchmarkTest01168,java/potentially-weak-cryptographic-algorithm,src/main/java/org/owasp/benchmark/testcode/BenchmarkTest01168.java,60,Cryptographic algorithm [MD5](1) may not be secure. Consider using a different algorithm.
BenchmarkTest01170,java/potentially-weak-cryptographic-algorithm,src/main/java/org/owasp/benchmark/testcode/BenchmarkTest01170.java,60,Cryptographic algorithm [SHA5](1) may not be secure. Consider using a different algorithm.
BenchmarkTest01169,java/potentially-weak-cryptographic-algorithm,src/main/java/org/owasp/benchmark/testcode/BenchmarkTest01169.java,60,Cryptographic algorithm [SHA5](1) may not be secure. Consider using a different algorithm.
BenchmarkTest01230,java/potentially-weak-cryptographic-algorithm,src/main/java/org/owasp/benchmark/testcode/BenchmarkTest01230.java,53,"Cryptographic algorithm [DESede/ECB/PKCS5Padding](1) may not be secure. Consider using a different algorithm.
Cryptographic algorithm [DES/ECB/PKCS5Padding](2) may not be secure. Consider using a different algorithm."
BenchmarkTest01244,java/potentially-weak-cryptographic-algorithm,src/main/java/org/owasp/benchmark/testcode/BenchmarkTest01244.java,54,Cryptographic algorithm [SHA1](1) may not be secure. Consider using a different algorithm.
BenchmarkTest01244,java/potentially-weak-cryptographic-algorithm,src/main/java/org/owasp/benchmark/testcode/BenchmarkTest01244.java,56,Cryptographic algorithm [SHA1](1) may not be secure. Consider using a different algorithm.
BenchmarkTest01247,java/potentially-weak-cryptographic-algorithm,src/main/java/org/owasp/benchmark/testcode/BenchmarkTest01247.java,49,Cryptographic algorithm [MD5](1) may not be secure. Consider using a different algorithm.
BenchmarkTest01248,java/potentially-weak-cryptographic-algorithm,src/main/java/org/owasp/benchmark/testcode/BenchmarkTest01248.java,53,Cryptographic algorithm [MD5](1) may not be secure. Consider using a different algorithm.
BenchmarkTest01246,java/potentially-weak-cryptographic-algorithm,src/main/java/org/owasp/benchmark/testcode/BenchmarkTest01246.java,49,Cryptographic algorithm [SHA1](1) may not be secure. Consider using a different algorithm.
BenchmarkTest01250,java/potentially-weak-cryptographic-algorithm,src/main/java/org/owasp/benchmark/testcode/BenchmarkTest01250.java,53,Cryptographic algorithm [SHA5](1) may not be secure. Consider using a different algorithm.
BenchmarkTest01249,java/potentially-weak-cryptographic-algorithm,src/main/java/org/owasp/benchmark/testcode/BenchmarkTest01249.java,53,Cryptographic algorithm [SHA5](1) may not be secure. Consider using a different algorithm.
BenchmarkTest01325,java/potentially-weak-cryptographic-algorithm,src/main/java/org/owasp/benchmark/testcode/BenchmarkTest01325.java,57,"Cryptographic algorithm [DESede/ECB/PKCS5Padding](1) may not be secure. Consider using a different algorithm.
Cryptographic algorithm [DES/ECB/PKCS5Padding](2) may not be secure. Consider using a different algorithm."
BenchmarkTest01333,java/potentially-weak-cryptographic-algorithm,src/main/java/org/owasp/benchmark/testcode/BenchmarkTest01333.java,53,Cryptographic algorithm [MD5](1) may not be secure. Consider using a different algorithm.
BenchmarkTest01334,java/potentially-weak-cryptographic-algorithm,src/main/java/org/owasp/benchmark/testcode/BenchmarkTest01334.java,53,Cryptographic algorithm [MD5](1) may not be secure. Consider using a different algorithm.
BenchmarkTest01401,java/potentially-weak-cryptographic-algorithm,src/main/java/org/owasp/benchmark/testcode/BenchmarkTest01401.java,77,Cryptographic algorithm [AES/ECB/PKCS5Padding](1) may not be secure. Consider using a different algorithm.
BenchmarkTest01411,java/potentially-weak-cryptographic-algorithm,src/main/java/org/owasp/benchmark/testcode/BenchmarkTest01411.java,63,Cryptographic algorithm [SHA1](1) may not be secure. Consider using a different algorithm.
BenchmarkTest01414,java/potentially-weak-cryptographic-algorithm,src/main/java/org/owasp/benchmark/testcode/BenchmarkTest01414.java,67,Cryptographic algorithm [MD5](1) may not be secure. Consider using a different algorithm.
BenchmarkTest01415,java/potentially-weak-cryptographic-algorithm,src/main/java/org/owasp/benchmark/testcode/BenchmarkTest01415.java,67,Cryptographic algorithm [MD5](1) may not be secure. Consider using a different algorithm.
BenchmarkTest01416,java/potentially-weak-cryptographic-algorithm,src/main/java/org/owasp/benchmark/testcode/BenchmarkTest01416.java,67,Cryptographic algorithm [MD5](1) may not be secure. Consider using a different algorithm.
BenchmarkTest01489,java/potentially-weak-cryptographic-algorithm,src/main/java/org/owasp/benchmark/testcode/BenchmarkTest01489.java,55,"Cryptographic algorithm [DESede/ECB/PKCS5Padding](1) may not be secure. Consider using a different algorithm.
Cryptographic algorithm [DES/ECB/PKCS5Padding](2) may not be secure. Consider using a different algorithm."
BenchmarkTest01504,java/potentially-weak-cryptographic-algorithm,src/main/java/org/owasp/benchmark/testcode/BenchmarkTest01504.java,51,Cryptographic algorithm [MD5](1) may not be secure. Consider using a different algorithm.
BenchmarkTest01503,java/potentially-weak-cryptographic-algorithm,src/main/java/org/owasp/benchmark/testcode/BenchmarkTest01503.java,56,Cryptographic algorithm [SHA1](1) may not be secure. Consider using a different algorithm.
BenchmarkTest01503,java/potentially-weak-cryptographic-algorithm,src/main/java/org/owasp/benchmark/testcode/BenchmarkTest01503.java,58,Cryptographic algorithm [SHA1](1) may not be secure. Consider using a different algorithm.
BenchmarkTest01566,java/potentially-weak-cryptographic-algorithm,src/main/java/org/owasp/benchmark/testcode/BenchmarkTest01566.java,55,"Cryptographic algorithm [DESede/ECB/PKCS5Padding](1) may not be secure. Consider using a different algorithm.
Cryptographic algorithm [DES/ECB/PKCS5Padding](2) may not be secure. Consider using a different algorithm."
BenchmarkTest01567,java/potentially-weak-cryptographic-algorithm,src/main/java/org/owasp/benchmark/testcode/BenchmarkTest01567.java,65,Cryptographic algorithm [AES/ECB/PKCS5Padding](1) may not be secure. Consider using a different algorithm.
BenchmarkTest01577,java/potentially-weak-cryptographic-algorithm,src/main/java/org/owasp/benchmark/testcode/BenchmarkTest01577.java,51,Cryptographic algorithm [MD5](1) may not be secure. Consider using a different algorithm.
BenchmarkTest01579,java/potentially-weak-cryptographic-algorithm,src/main/java/org/owasp/benchmark/testcode/BenchmarkTest01579.java,55,Cryptographic algorithm [MD5](1) may not be secure. Consider using a different algorithm.
BenchmarkTest01582,java/potentially-weak-cryptographic-algorithm,src/main/java/org/owasp/benchmark/testcode/BenchmarkTest01582.java,55,Cryptographic algorithm [SHA5](1) may not be secure. Consider using a different algorithm.
BenchmarkTest01581,java/potentially-weak-cryptographic-algorithm,src/main/java/org/owasp/benchmark/testcode/BenchmarkTest01581.java,55,Cryptographic algorithm [SHA5](1) may not be secure. Consider using a different algorithm.
BenchmarkTest01580,java/potentially-weak-cryptographic-algorithm,src/main/java/org/owasp/benchmark/testcode/BenchmarkTest01580.java,55,Cryptographic algorithm [MD5](1) may not be secure. Consider using a different algorithm.
BenchmarkTest01641,java/potentially-weak-cryptographic-algorithm,src/main/java/org/owasp/benchmark/testcode/BenchmarkTest01641.java,77,"Cryptographic algorithm [DESede/ECB/PKCS5Padding](1) may not be secure. Consider using a different algorithm.
Cryptographic algorithm [DES/ECB/PKCS5Padding](2) may not be secure. Consider using a different algorithm."
BenchmarkTest01649,java/potentially-weak-cryptographic-algorithm,src/main/java/org/owasp/benchmark/testcode/BenchmarkTest01649.java,73,Cryptographic algorithm [SHA1](1) may not be secure. Consider using a different algorithm.
BenchmarkTest01650,java/potentially-weak-cryptographic-algorithm,src/main/java/org/owasp/benchmark/testcode/BenchmarkTest01650.java,73,Cryptographic algorithm [SHA1](1) may not be secure. Consider using a different algorithm.
BenchmarkTest01651,java/potentially-weak-cryptographic-algorithm,src/main/java/org/owasp/benchmark/testcode/BenchmarkTest01651.java,73,Cryptographic algorithm [SHA1](1) may not be secure. Consider using a different algorithm.
BenchmarkTest01653,java/potentially-weak-cryptographic-algorithm,src/main/java/org/owasp/benchmark/testcode/BenchmarkTest01653.java,73,Cryptographic algorithm [MD5](1) may not be secure. Consider using a different algorithm.
BenchmarkTest01654,java/potentially-weak-cryptographic-algorithm,src/main/java/org/owasp/benchmark/testcode/BenchmarkTest01654.java,77,Cryptographic algorithm [MD5](1) may not be secure. Consider using a different algorithm.
BenchmarkTest01655,java/potentially-weak-cryptographic-algorithm,src/main/java/org/owasp/benchmark/testcode/BenchmarkTest01655.java,77,Cryptographic algorithm [SHA5](1) may not be secure. Consider using a different algorithm.
BenchmarkTest01656,java/potentially-weak-cryptographic-algorithm,src/main/java/org/owasp/benchmark/testcode/BenchmarkTest01656.java,77,Cryptographic algorithm [SHA5](1) may not be secure. Consider using a different algorithm.
BenchmarkTest01742,java/potentially-weak-cryptographic-algorithm,src/main/java/org/owasp/benchmark/testcode/BenchmarkTest01742.java,54,"Cryptographic algorithm [DESede/ECB/PKCS5Padding](1) may not be secure. Consider using a different algorithm.
Cryptographic algorithm [DES/ECB/PKCS5Padding](2) may not be secure. Consider using a different algorithm."
BenchmarkTest01741,java/potentially-weak-cryptographic-algorithm,src/main/java/org/owasp/benchmark/testcode/BenchmarkTest01741.java,54,"Cryptographic algorithm [DESede/ECB/PKCS5Padding](1) may not be secure. Consider using a different algorithm.
Cryptographic algorithm [DES/ECB/PKCS5Padding](2) may not be secure. Consider using a different algorithm."
BenchmarkTest01740,java/potentially-weak-cryptographic-algorithm,src/main/java/org/owasp/benchmark/testcode/BenchmarkTest01740.java,54,"Cryptographic algorithm [DESede/ECB/PKCS5Padding](1) may not be secure. Consider using a different algorithm.
Cryptographic algorithm [DES/ECB/PKCS5Padding](2) may not be secure. Consider using a different algorithm."
BenchmarkTest01757,java/potentially-weak-cryptographic-algorithm,src/main/java/org/owasp/benchmark/testcode/BenchmarkTest01757.java,55,Cryptographic algorithm [SHA1](1) may not be secure. Consider using a different algorithm.
BenchmarkTest01757,java/potentially-weak-cryptographic-algorithm,src/main/java/org/owasp/benchmark/testcode/BenchmarkTest01757.java,57,Cryptographic algorithm [SHA1](1) may not be secure. Consider using a different algorithm.
BenchmarkTest01761,java/potentially-weak-cryptographic-algorithm,src/main/java/org/owasp/benchmark/testcode/BenchmarkTest01761.java,50,Cryptographic algorithm [SHA1](1) may not be secure. Consider using a different algorithm.
BenchmarkTest01766,java/potentially-weak-cryptographic-algorithm,src/main/java/org/owasp/benchmark/testcode/BenchmarkTest01766.java,54,Cryptographic algorithm [MD5](1) may not be secure. Consider using a different algorithm.
BenchmarkTest01765,java/potentially-weak-cryptographic-algorithm,src/main/java/org/owasp/benchmark/testcode/BenchmarkTest01765.java,54,Cryptographic algorithm [MD5](1) may not be secure. Consider using a different algorithm.
BenchmarkTest01829,java/potentially-weak-cryptographic-algorithm,src/main/java/org/owasp/benchmark/testcode/BenchmarkTest01829.java,72,"Cryptographic algorithm [DESede/ECB/PKCS5Padding](1) may not be secure. Consider using a different algorithm.
Cryptographic algorithm [DES/ECB/PKCS5Padding](2) may not be secure. Consider using a different algorithm."
BenchmarkTest01830,java/potentially-weak-cryptographic-algorithm,src/main/java/org/owasp/benchmark/testcode/BenchmarkTest01830.java,72,"Cryptographic algorithm [DESede/ECB/PKCS5Padding](1) may not be secure. Consider using a different algorithm.
Cryptographic algorithm [DES/ECB/PKCS5Padding](2) may not be secure. Consider using a different algorithm."
BenchmarkTest01844,java/potentially-weak-cryptographic-algorithm,src/main/java/org/owasp/benchmark/testcode/BenchmarkTest01844.java,73,Cryptographic algorithm [SHA1](1) may not be secure. Consider using a different algorithm.
BenchmarkTest01844,java/potentially-weak-cryptographic-algorithm,src/main/java/org/owasp/benchmark/testcode/BenchmarkTest01844.java,75,Cryptographic algorithm [SHA1](1) may not be secure. Consider using a different algorithm.
BenchmarkTest01846,java/potentially-weak-cryptographic-algorithm,src/main/java/org/owasp/benchmark/testcode/BenchmarkTest01846.java,73,Cryptographic algorithm [SHA1](1) may not be secure. Consider using a different algorithm.
BenchmarkTest01846,java/potentially-weak-cryptographic-algorithm,src/main/java/org/owasp/benchmark/testcode/BenchmarkTest01846.java,75,Cryptographic algorithm [SHA1](1) may not be secure. Consider using a different algorithm.
BenchmarkTest01845,java/potentially-weak-cryptographic-algorithm,src/main/java/org/owasp/benchmark/testcode/BenchmarkTest01845.java,73,Cryptographic algorithm [SHA1](1) may not be secure. Consider using a different algorithm.
BenchmarkTest01845,java/potentially-weak-cryptographic-algorithm,src/main/java/org/owasp/benchmark/testcode/BenchmarkTest01845.java,75,Cryptographic algorithm [SHA1](1) may not be secure. Consider using a different algorithm.
BenchmarkTest01900,java/potentially-weak-cryptographic-algorithm,src/main/java/org/owasp/benchmark/testcode/BenchmarkTest01900.java,58,"Cryptographic algorithm [DESede/ECB/PKCS5Padding](1) may not be secure. Consider using a different algorithm.
Cryptographic algorithm [DES/ECB/PKCS5Padding](2) may not be secure. Consider using a different algorithm."
BenchmarkTest01901,java/potentially-weak-cryptographic-algorithm,src/main/java/org/owasp/benchmark/testcode/BenchmarkTest01901.java,68,Cryptographic algorithm [AES/ECB/PKCS5Padding](1) may not be secure. Consider using a different algorithm.
BenchmarkTest01911,java/potentially-weak-cryptographic-algorithm,src/main/java/org/owasp/benchmark/testcode/BenchmarkTest01911.java,59,Cryptographic algorithm [SHA1](1) may not be secure. Consider using a different algorithm.
BenchmarkTest01911,java/potentially-weak-cryptographic-algorithm,src/main/java/org/owasp/benchmark/testcode/BenchmarkTest01911.java,61,Cryptographic algorithm [SHA1](1) may not be secure. Consider using a different algorithm.
BenchmarkTest01980,java/potentially-weak-cryptographic-algorithm,src/main/java/org/owasp/benchmark/testcode/BenchmarkTest01980.java,68,"Cryptographic algorithm [DESede/ECB/PKCS5Padding](1) may not be secure. Consider using a different algorithm.
Cryptographic algorithm [DES/ECB/PKCS5Padding](2) may not be secure. Consider using a different algorithm."
BenchmarkTest01982,java/potentially-weak-cryptographic-algorithm,src/main/java/org/owasp/benchmark/testcode/BenchmarkTest01982.java,78,Cryptographic algorithm [AES/ECB/PKCS5Padding](1) may not be secure. Consider using a different algorithm.
BenchmarkTest01981,java/potentially-weak-cryptographic-algorithm,src/main/java/org/owasp/benchmark/testcode/BenchmarkTest01981.java,68,"Cryptographic algorithm [DESede/ECB/PKCS5Padding](1) may not be secure. Consider using a different algorithm.
Cryptographic algorithm [DES/ECB/PKCS5Padding](2) may not be secure. Consider using a different algorithm."
BenchmarkTest01997,java/potentially-weak-cryptographic-algorithm,src/main/java/org/owasp/benchmark/testcode/BenchmarkTest01997.java,68,Cryptographic algorithm [MD5](1) may not be secure. Consider using a different algorithm.
BenchmarkTest01996,java/potentially-weak-cryptographic-algorithm,src/main/java/org/owasp/benchmark/testcode/BenchmarkTest01996.java,68,Cryptographic algorithm [MD5](1) may not be secure. Consider using a different algorithm.
BenchmarkTest01998,java/potentially-weak-cryptographic-algorithm,src/main/java/org/owasp/benchmark/testcode/BenchmarkTest01998.java,68,Cryptographic algorithm [SHA5](1) may not be secure. Consider using a different algorithm.
BenchmarkTest02023,java/potentially-weak-cryptographic-algorithm,src/main/java/org/owasp/benchmark/testcode/BenchmarkTest02023.java,60,"Cryptographic algorithm [DESede/ECB/PKCS5Padding](1) may not be secure. Consider using a different algorithm.
Cryptographic algorithm [DES/ECB/PKCS5Padding](2) may not be secure. Consider using a different algorithm."
BenchmarkTest02022,java/potentially-weak-cryptographic-algorithm,src/main/java/org/owasp/benchmark/testcode/BenchmarkTest02022.java,60,"Cryptographic algorithm [DESede/ECB/PKCS5Padding](1) may not be secure. Consider using a different algorithm.
Cryptographic algorithm [DES/ECB/PKCS5Padding](2) may not be secure. Consider using a different algorithm."
BenchmarkTest02024,java/potentially-weak-cryptographic-algorithm,src/main/java/org/owasp/benchmark/testcode/BenchmarkTest02024.java,70,Cryptographic algorithm [AES/ECB/PKCS5Padding](1) may not be secure. Consider using a different algorithm.
BenchmarkTest02043,java/potentially-weak-cryptographic-algorithm,src/main/java/org/owasp/benchmark/testcode/BenchmarkTest02043.java,60,Cryptographic algorithm [SHA5](1) may not be secure. Consider using a different algorithm.
BenchmarkTest02044,java/potentially-weak-cryptographic-algorithm,src/main/java/org/owasp/benchmark/testcode/BenchmarkTest02044.java,60,Cryptographic algorithm [SHA5](1) may not be secure. Consider using a different algorithm.
BenchmarkTest02042,java/potentially-weak-cryptographic-algorithm,src/main/java/org/owasp/benchmark/testcode/BenchmarkTest02042.java,56,Cryptographic algorithm [SHA1](1) may not be secure. Consider using a different algorithm.
BenchmarkTest02103,java/potentially-weak-cryptographic-algorithm,src/main/java/org/owasp/benchmark/testcode/BenchmarkTest02103.java,63,Cryptographic algorithm [AES/ECB/PKCS5Padding](1) may not be secure. Consider using a different algorithm.
BenchmarkTest02118,java/potentially-weak-cryptographic-algorithm,src/main/java/org/owasp/benchmark/testcode/BenchmarkTest02118.java,54,Cryptographic algorithm [SHA1](1) may not be secure. Consider using a different algorithm.
BenchmarkTest02118,java/potentially-weak-cryptographic-algorithm,src/main/java/org/owasp/benchmark/testcode/BenchmarkTest02118.java,56,Cryptographic algorithm [SHA1](1) may not be secure. Consider using a different algorithm.
BenchmarkTest02121,java/potentially-weak-cryptographic-algorithm,src/main/java/org/owasp/benchmark/testcode/BenchmarkTest02121.java,53,Cryptographic algorithm [MD5](1) may not be secure. Consider using a different algorithm.
BenchmarkTest02211,java/potentially-weak-cryptographic-algorithm,src/main/java/org/owasp/benchmark/testcode/BenchmarkTest02211.java,53,Cryptographic algorithm [SHA1](1) may not be secure. Consider using a different algorithm.
BenchmarkTest02217,java/potentially-weak-cryptographic-algorithm,src/main/java/org/owasp/benchmark/testcode/BenchmarkTest02217.java,53,Cryptographic algorithm [MD5](1) may not be secure. Consider using a different algorithm.
BenchmarkTest02213,java/potentially-weak-cryptographic-algorithm,src/main/java/org/owasp/benchmark/testcode/BenchmarkTest02213.java,53,Cryptographic algorithm [SHA1](1) may not be secure. Consider using a different algorithm.
BenchmarkTest02212,java/potentially-weak-cryptographic-algorithm,src/main/java/org/owasp/benchmark/testcode/BenchmarkTest02212.java,53,Cryptographic algorithm [SHA1](1) may not be secure. Consider using a different algorithm.
BenchmarkTest02220,java/potentially-weak-cryptographic-algorithm,src/main/java/org/owasp/benchmark/testcode/BenchmarkTest02220.java,57,Cryptographic algorithm [SHA5](1) may not be secure. Consider using a different algorithm.
BenchmarkTest02219,java/potentially-weak-cryptographic-algorithm,src/main/java/org/owasp/benchmark/testcode/BenchmarkTest02219.java,57,Cryptographic algorithm [MD5](1) may not be secure. Consider using a different algorithm.
BenchmarkTest02296,java/potentially-weak-cryptographic-algorithm,src/main/java/org/owasp/benchmark/testcode/BenchmarkTest02296.java,77,Cryptographic algorithm [AES/ECB/PKCS5Padding](1) may not be secure. Consider using a different algorithm.
BenchmarkTest02298,java/potentially-weak-cryptographic-algorithm,src/main/java/org/owasp/benchmark/testcode/BenchmarkTest02298.java,77,Cryptographic algorithm [AES/ECB/PKCS5Padding](1) may not be secure. Consider using a different algorithm.
BenchmarkTest02297,java/potentially-weak-cryptographic-algorithm,src/main/java/org/owasp/benchmark/testcode/BenchmarkTest02297.java,77,Cryptographic algorithm [AES/ECB/PKCS5Padding](1) may not be secure. Consider using a different algorithm.
BenchmarkTest02307,java/potentially-weak-cryptographic-algorithm,src/main/java/org/owasp/benchmark/testcode/BenchmarkTest02307.java,68,Cryptographic algorithm [SHA1](1) may not be secure. Consider using a different algorithm.
BenchmarkTest02307,java/potentially-weak-cryptographic-algorithm,src/main/java/org/owasp/benchmark/testcode/BenchmarkTest02307.java,70,Cryptographic algorithm [SHA1](1) may not be secure. Consider using a different algorithm.
BenchmarkTest02311,java/potentially-weak-cryptographic-algorithm,src/main/java/org/owasp/benchmark/testcode/BenchmarkTest02311.java,63,Cryptographic algorithm [MD5](1) may not be secure. Consider using a different algorithm.
BenchmarkTest02308,java/potentially-weak-cryptographic-algorithm,src/main/java/org/owasp/benchmark/testcode/BenchmarkTest02308.java,63,Cryptographic algorithm [SHA1](1) may not be secure. Consider using a different algorithm.
BenchmarkTest02375,java/potentially-weak-cryptographic-algorithm,src/main/java/org/owasp/benchmark/testcode/BenchmarkTest02375.java,55,"Cryptographic algorithm [DESede/ECB/PKCS5Padding](1) may not be secure. Consider using a different algorithm.
Cryptographic algorithm [DES/ECB/PKCS5Padding](2) may not be secure. Consider using a different algorithm."
BenchmarkTest02385,java/potentially-weak-cryptographic-algorithm,src/main/java/org/owasp/benchmark/testcode/BenchmarkTest02385.java,56,Cryptographic algorithm [SHA1](1) may not be secure. Consider using a different algorithm.
BenchmarkTest02385,java/potentially-weak-cryptographic-algorithm,src/main/java/org/owasp/benchmark/testcode/BenchmarkTest02385.java,58,Cryptographic algorithm [SHA1](1) may not be secure. Consider using a different algorithm.
BenchmarkTest02386,java/potentially-weak-cryptographic-algorithm,src/main/java/org/owasp/benchmark/testcode/BenchmarkTest02386.java,51,Cryptographic algorithm [SHA1](1) may not be secure. Consider using a different algorithm.
BenchmarkTest02387,java/potentially-weak-cryptographic-algorithm,src/main/java/org/owasp/benchmark/testcode/BenchmarkTest02387.java,51,Cryptographic algorithm [MD5](1) may not be secure. Consider using a different algorithm.
BenchmarkTest02388,java/potentially-weak-cryptographic-algorithm,src/main/java/org/owasp/benchmark/testcode/BenchmarkTest02388.java,51,Cryptographic algorithm [MD5](1) may not be secure. Consider using a different algorithm.
BenchmarkTest02393,java/potentially-weak-cryptographic-algorithm,src/main/java/org/owasp/benchmark/testcode/BenchmarkTest02393.java,55,Cryptographic algorithm [MD5](1) may not be secure. Consider using a different algorithm.
BenchmarkTest02391,java/potentially-weak-cryptographic-algorithm,src/main/java/org/owasp/benchmark/testcode/BenchmarkTest02391.java,55,Cryptographic algorithm [MD5](1) may not be secure. Consider using a different algorithm.
BenchmarkTest02392,java/potentially-weak-cryptographic-algorithm,src/main/java/org/owasp/benchmark/testcode/BenchmarkTest02392.java,55,Cryptographic algorithm [MD5](1) may not be secure. Consider using a different algorithm.
BenchmarkTest02475,java/potentially-weak-cryptographic-algorithm,src/main/java/org/owasp/benchmark/testcode/BenchmarkTest02475.java,51,Cryptographic algorithm [MD5](1) may not be secure. Consider using a different algorithm.
BenchmarkTest02474,java/potentially-weak-cryptographic-algorithm,src/main/java/org/owasp/benchmark/testcode/BenchmarkTest02474.java,51,Cryptographic algorithm [SHA1](1) may not be secure. Consider using a different algorithm.
BenchmarkTest02476,java/potentially-weak-cryptographic-algorithm,src/main/java/org/owasp/benchmark/testcode/BenchmarkTest02476.java,51,Cryptographic algorithm [MD5](1) may not be secure. Consider using a different algorithm.
BenchmarkTest02478,java/potentially-weak-cryptographic-algorithm,src/main/java/org/owasp/benchmark/testcode/BenchmarkTest02478.java,55,Cryptographic algorithm [MD5](1) may not be secure. Consider using a different algorithm.
BenchmarkTest02479,java/potentially-weak-cryptographic-algorithm,src/main/java/org/owasp/benchmark/testcode/BenchmarkTest02479.java,55,Cryptographic algorithm [SHA5](1) may not be secure. Consider using a different algorithm.
BenchmarkTest02552,java/potentially-weak-cryptographic-algorithm,src/main/java/org/owasp/benchmark/testcode/BenchmarkTest02552.java,87,Cryptographic algorithm [AES/ECB/PKCS5Padding](1) may not be secure. Consider using a different algorithm.
BenchmarkTest02574,java/potentially-weak-cryptographic-algorithm,src/main/java/org/owasp/benchmark/testcode/BenchmarkTest02574.java,73,Cryptographic algorithm [SHA1](1) may not be secure. Consider using a different algorithm.
BenchmarkTest02575,java/potentially-weak-cryptographic-algorithm,src/main/java/org/owasp/benchmark/testcode/BenchmarkTest02575.java,73,Cryptographic algorithm [MD5](1) may not be secure. Consider using a different algorithm.
BenchmarkTest02573,java/potentially-weak-cryptographic-algorithm,src/main/java/org/owasp/benchmark/testcode/BenchmarkTest02573.java,73,Cryptographic algorithm [SHA1](1) may not be secure. Consider using a different algorithm.
BenchmarkTest02577,java/potentially-weak-cryptographic-algorithm,src/main/java/org/owasp/benchmark/testcode/BenchmarkTest02577.java,77,Cryptographic algorithm [MD5](1) may not be secure. Consider using a different algorithm.
BenchmarkTest02663,java/potentially-weak-cryptographic-algorithm,src/main/java/org/owasp/benchmark/testcode/BenchmarkTest02663.java,54,"Cryptographic algorithm [DESede/ECB/PKCS5Padding](1) may not be secure. Consider using a different algorithm.
Cryptographic algorithm [DES/ECB/PKCS5Padding](2) may not be secure. Consider using a different algorithm."
BenchmarkTest02670,java/potentially-weak-cryptographic-algorithm,src/main/java/org/owasp/benchmark/testcode/BenchmarkTest02670.java,55,Cryptographic algorithm [SHA1](1) may not be secure. Consider using a different algorithm.
BenchmarkTest02670,java/potentially-weak-cryptographic-algorithm,src/main/java/org/owasp/benchmark/testcode/BenchmarkTest02670.java,57,Cryptographic algorithm [SHA1](1) may not be secure. Consider using a different algorithm.
BenchmarkTest02671,java/potentially-weak-cryptographic-algorithm,src/main/java/org/owasp/benchmark/testcode/BenchmarkTest02671.java,55,Cryptographic algorithm [SHA1](1) may not be secure. Consider using a different algorithm.
BenchmarkTest02671,java/potentially-weak-cryptographic-algorithm,src/main/java/org/owasp/benchmark/testcode/BenchmarkTest02671.java,57,Cryptographic algorithm [SHA1](1) may not be secure. Consider using a different algorithm.
BenchmarkTest02675,java/potentially-weak-cryptographic-algorithm,src/main/java/org/owasp/benchmark/testcode/BenchmarkTest02675.java,50,Cryptographic algorithm [MD5](1) may not be secure. Consider using a different algorithm.
BenchmarkTest02674,java/potentially-weak-cryptographic-algorithm,src/main/java/org/owasp/benchmark/testcode/BenchmarkTest02674.java,50,Cryptographic algorithm [MD5](1) may not be secure. Consider using a different algorithm.
BenchmarkTest02678,java/potentially-weak-cryptographic-algorithm,src/main/java/org/owasp/benchmark/testcode/BenchmarkTest02678.java,54,Cryptographic algorithm [SHA5](1) may not be secure. Consider using a different algorithm.
BenchmarkTest02677,java/potentially-weak-cryptographic-algorithm,src/main/java/org/owasp/benchmark/testcode/BenchmarkTest02677.java,54,Cryptographic algorithm [MD5](1) may not be secure. Consider using a different algorithm.
BenchmarkTest00005,java/weak-cryptographic-algorithm,src/main/java/org/owasp/benchmark/testcode/BenchmarkTest00005.java,63,"Cryptographic algorithm [DES/CBC/PKCS5Padding](1) is insecure. It has a short key length of 56 bits, making it vulnerable to brute-force attacks. Consider using AES instead."
BenchmarkTest00005,java/weak-cryptographic-algorithm,src/main/java/org/owasp/benchmark/testcode/BenchmarkTest00005.java,66,"Cryptographic algorithm [DES](1) is insecure. It has a short key length of 56 bits, making it vulnerable to brute-force attacks. Consider using AES instead."
BenchmarkTest00019,java/weak-cryptographic-algorithm,src/main/java/org/owasp/benchmark/testcode/BenchmarkTest00019.java,51,"Cryptographic algorithm [DESede/ECB/PKCS5Padding](1) is insecure. It has a short key length of 56 bits, making it vulnerable to brute-force attacks. Consider using AES instead.
Cryptographic algorithm [DESede/ECB/PKCS5Padding](1) is insecure. ECB mode, as in AES/ECB/NoPadding for example, is vulnerable to replay and other attacks. Consider using GCM instead."
BenchmarkTest00019,java/weak-cryptographic-algorithm,src/main/java/org/owasp/benchmark/testcode/BenchmarkTest00019.java,54,"Cryptographic algorithm [DES](1) is insecure. It has a short key length of 56 bits, making it vulnerable to brute-force attacks. Consider using AES instead."
BenchmarkTest00020,java/weak-cryptographic-algorithm,src/main/java/org/owasp/benchmark/testcode/BenchmarkTest00020.java,59,"Cryptographic algorithm [DES/CBC/PKCS5Padding](1) is insecure. It has a short key length of 56 bits, making it vulnerable to brute-force attacks. Consider using AES instead."
BenchmarkTest00020,java/weak-cryptographic-algorithm,src/main/java/org/owasp/benchmark/testcode/BenchmarkTest00020.java,61,"Cryptographic algorithm [DES](1) is insecure. It has a short key length of 56 bits, making it vulnerable to brute-force attacks. Consider using AES instead."
BenchmarkTest00035,java/weak-cryptographic-algorithm,src/main/java/org/owasp/benchmark/testcode/BenchmarkTest00035.java,66,"Cryptographic algorithm [DESede/ECB/PKCS5Padding](1) is insecure. It has a short key length of 56 bits, making it vulnerable to brute-force attacks. Consider using AES instead.
Cryptographic algorithm [DESede/ECB/PKCS5Padding](1) is insecure. ECB mode, as in AES/ECB/NoPadding for example, is vulnerable to replay and other attacks. Consider using GCM instead."
BenchmarkTest00035,java/weak-cryptographic-algorithm,src/main/java/org/owasp/benchmark/testcode/BenchmarkTest00035.java,69,"Cryptographic algorithm [DES](1) is insecure. It has a short key length of 56 bits, making it vulnerable to brute-force attacks. Consider using AES instead."
BenchmarkTest00050,java/weak-cryptographic-algorithm,src/main/java/org/owasp/benchmark/testcode/BenchmarkTest00050.java,60,"Cryptographic algorithm [DES/CBC/PKCS5Padding](1) is insecure. It has a short key length of 56 bits, making it vulnerable to brute-force attacks. Consider using AES instead."
BenchmarkTest00050,java/weak-cryptographic-algorithm,src/main/java/org/owasp/benchmark/testcode/BenchmarkTest00050.java,62,"Cryptographic algorithm [DES](1) is insecure. It has a short key length of 56 bits, making it vulnerable to brute-force attacks. Consider using AES instead."
BenchmarkTest00055,java/weak-cryptographic-algorithm,src/main/java/org/owasp/benchmark/testcode/BenchmarkTest00055.java,79,"Cryptographic algorithm [DES/CBC/PKCS5Padding](1) is insecure. It has a short key length of 56 bits, making it vulnerable to brute-force attacks. Consider using AES instead."
BenchmarkTest00055,java/weak-cryptographic-algorithm,src/main/java/org/owasp/benchmark/testcode/BenchmarkTest00055.java,81,"Cryptographic algorithm [DES](1) is insecure. It has a short key length of 56 bits, making it vulnerable to brute-force attacks. Consider using AES instead."
BenchmarkTest00053,java/weak-cryptographic-algorithm,src/main/java/org/owasp/benchmark/testcode/BenchmarkTest00053.java,84,"Cryptographic algorithm [DES/CBC/PKCS5PADDING](1) is insecure. It has a short key length of 56 bits, making it vulnerable to brute-force attacks. Consider using AES instead."
BenchmarkTest00053,java/weak-cryptographic-algorithm,src/main/java/org/owasp/benchmark/testcode/BenchmarkTest00053.java,88,"Cryptographic algorithm [DES](1) is insecure. It has a short key length of 56 bits, making it vulnerable to brute-force attacks. Consider using AES instead."
BenchmarkTest00059,java/weak-cryptographic-algorithm,src/main/java/org/owasp/benchmark/testcode/BenchmarkTest00059.java,83,"Cryptographic algorithm [AES/ECB/PKCS5Padding](1) is insecure. ECB mode, as in AES/ECB/NoPadding for example, is vulnerable to replay and other attacks. Consider using GCM instead."
BenchmarkTest00057,java/weak-cryptographic-algorithm,src/main/java/org/owasp/benchmark/testcode/BenchmarkTest00057.java,83,"Cryptographic algorithm [DES/CBC/PKCS5Padding](1) is insecure. It has a short key length of 56 bits, making it vulnerable to brute-force attacks. Consider using AES instead."
BenchmarkTest00057,java/weak-cryptographic-algorithm,src/main/java/org/owasp/benchmark/testcode/BenchmarkTest00057.java,86,"Cryptographic algorithm [DES](1) is insecure. It has a short key length of 56 bits, making it vulnerable to brute-force attacks. Consider using AES instead."
BenchmarkTest00056,java/weak-cryptographic-algorithm,src/main/java/org/owasp/benchmark/testcode/BenchmarkTest00056.java,89,"Cryptographic algorithm [DES/CBC/PKCS5Padding](1) is insecure. It has a short key length of 56 bits, making it vulnerable to brute-force attacks. Consider using AES instead."
BenchmarkTest00056,java/weak-cryptographic-algorithm,src/main/java/org/owasp/benchmark/testcode/BenchmarkTest00056.java,91,"Cryptographic algorithm [DES](1) is insecure. It has a short key length of 56 bits, making it vulnerable to brute-force attacks. Consider using AES instead."
BenchmarkTest00120,java/weak-cryptographic-algorithm,src/main/java/org/owasp/benchmark/testcode/BenchmarkTest00120.java,69,"Cryptographic algorithm [DES/CBC/PKCS5PADDING](1) is insecure. It has a short key length of 56 bits, making it vulnerable to brute-force attacks. Consider using AES instead."
BenchmarkTest00120,java/weak-cryptographic-algorithm,src/main/java/org/owasp/benchmark/testcode/BenchmarkTest00120.java,73,"Cryptographic algorithm [DES](1) is insecure. It has a short key length of 56 bits, making it vulnerable to brute-force attacks. Consider using AES instead."
BenchmarkTest00119,java/weak-cryptographic-algorithm,src/main/java/org/owasp/benchmark/testcode/BenchmarkTest00119.java,85,"Cryptographic algorithm [DES/CBC/PKCS5PADDING](1) is insecure. It has a short key length of 56 bits, making it vulnerable to brute-force attacks. Consider using AES instead."
BenchmarkTest00119,java/weak-cryptographic-algorithm,src/main/java/org/owasp/benchmark/testcode/BenchmarkTest00119.java,89,"Cryptographic algorithm [DES](1) is insecure. It has a short key length of 56 bits, making it vulnerable to brute-force attacks. Consider using AES instead."
BenchmarkTest00125,java/weak-cryptographic-algorithm,src/main/java/org/owasp/benchmark/testcode/BenchmarkTest00125.java,64,"Cryptographic algorithm [DES/CBC/PKCS5Padding](1) is insecure. It has a short key length of 56 bits, making it vulnerable to brute-force attacks. Consider using AES instead."
BenchmarkTest00125,java/weak-cryptographic-algorithm,src/main/java/org/owasp/benchmark/testcode/BenchmarkTest00125.java,67,"Cryptographic algorithm [DES](1) is insecure. It has a short key length of 56 bits, making it vulnerable to brute-force attacks. Consider using AES instead."
BenchmarkTest00124,java/weak-cryptographic-algorithm,src/main/java/org/owasp/benchmark/testcode/BenchmarkTest00124.java,69,"Cryptographic algorithm [DES/CBC/PKCS5Padding](1) is insecure. It has a short key length of 56 bits, making it vulnerable to brute-force attacks. Consider using AES instead."
BenchmarkTest00124,java/weak-cryptographic-algorithm,src/main/java/org/owasp/benchmark/testcode/BenchmarkTest00124.java,72,"Cryptographic algorithm [DES](1) is insecure. It has a short key length of 56 bits, making it vulnerable to brute-force attacks. Consider using AES instead."
BenchmarkTest00123,java/weak-cryptographic-algorithm,src/main/java/org/owasp/benchmark/testcode/BenchmarkTest00123.java,64,"Cryptographic algorithm [DES/CBC/PKCS5Padding](1) is insecure. It has a short key length of 56 bits, making it vulnerable to brute-force attacks. Consider using AES instead."
BenchmarkTest00123,java/weak-cryptographic-algorithm,src/main/java/org/owasp/benchmark/testcode/BenchmarkTest00123.java,67,"Cryptographic algorithm [DES](1) is insecure. It has a short key length of 56 bits, making it vulnerable to brute-force attacks. Consider using AES instead."
BenchmarkTest00129,java/weak-cryptographic-algorithm,src/main/java/org/owasp/benchmark/testcode/BenchmarkTest00129.java,68,"Cryptographic algorithm [AES/ECB/PKCS5Padding](1) is insecure. ECB mode, as in AES/ECB/NoPadding for example, is vulnerable to replay and other attacks. Consider using GCM instead."
BenchmarkTest00130,java/weak-cryptographic-algorithm,src/main/java/org/owasp/benchmark/testcode/BenchmarkTest00130.java,87,"Cryptographic algorithm [AES/ECB/PKCS5Padding](1) is insecure. ECB mode, as in AES/ECB/NoPadding for example, is vulnerable to replay and other attacks. Consider using GCM instead."
BenchmarkTest00128,java/weak-cryptographic-algorithm,src/main/java/org/owasp/benchmark/testcode/BenchmarkTest00128.java,73,"Cryptographic algorithm [AES/ECB/PKCS5Padding](1) is insecure. ECB mode, as in AES/ECB/NoPadding for example, is vulnerable to replay and other attacks. Consider using GCM instead."
BenchmarkTest00127,java/weak-cryptographic-algorithm,src/main/java/org/owasp/benchmark/testcode/BenchmarkTest00127.java,78,"Cryptographic algorithm [AES/ECB/PKCS5Padding](1) is insecure. ECB mode, as in AES/ECB/NoPadding for example, is vulnerable to replay and other attacks. Consider using GCM instead."
BenchmarkTest00208,java/weak-cryptographic-algorithm,src/main/java/org/owasp/benchmark/testcode/BenchmarkTest00208.java,80,"Cryptographic algorithm [DES/CBC/PKCS5Padding](1) is insecure. It has a short key length of 56 bits, making it vulnerable to brute-force attacks. Consider using AES instead."
BenchmarkTest00208,java/weak-cryptographic-algorithm,src/main/java/org/owasp/benchmark/testcode/BenchmarkTest00208.java,82,"Cryptographic algorithm [DES](1) is insecure. It has a short key length of 56 bits, making it vulnerable to brute-force attacks. Consider using AES instead."
BenchmarkTest00210,java/weak-cryptographic-algorithm,src/main/java/org/owasp/benchmark/testcode/BenchmarkTest00210.java,77,"Cryptographic algorithm [DES/CBC/PKCS5Padding](1) is insecure. It has a short key length of 56 bits, making it vulnerable to brute-force attacks. Consider using AES instead."
BenchmarkTest00210,java/weak-cryptographic-algorithm,src/main/java/org/owasp/benchmark/testcode/BenchmarkTest00210.java,80,"Cryptographic algorithm [DES](1) is insecure. It has a short key length of 56 bits, making it vulnerable to brute-force attacks. Consider using AES instead."
BenchmarkTest00214,java/weak-cryptographic-algorithm,src/main/java/org/owasp/benchmark/testcode/BenchmarkTest00214.java,78,"Cryptographic algorithm [AES/ECB/PKCS5Padding](1) is insecure. ECB mode, as in AES/ECB/NoPadding for example, is vulnerable to replay and other attacks. Consider using GCM instead."
BenchmarkTest00213,java/weak-cryptographic-algorithm,src/main/java/org/owasp/benchmark/testcode/BenchmarkTest00213.java,88,"Cryptographic algorithm [AES/ECB/PKCS5Padding](1) is insecure. ECB mode, as in AES/ECB/NoPadding for example, is vulnerable to replay and other attacks. Consider using GCM instead."
BenchmarkTest00254,java/weak-cryptographic-algorithm,src/main/java/org/owasp/benchmark/testcode/BenchmarkTest00254.java,74,"Cryptographic algorithm [DES/CBC/PKCS5PADDING](1) is insecure. It has a short key length of 56 bits, making it vulnerable to brute-force attacks. Consider using AES instead."
BenchmarkTest00254,java/weak-cryptographic-algorithm,src/main/java/org/owasp/benchmark/testcode/BenchmarkTest00254.java,78,"Cryptographic algorithm [DES](1) is insecure. It has a short key length of 56 bits, making it vulnerable to brute-force attacks. Consider using AES instead."
BenchmarkTest00257,java/weak-cryptographic-algorithm,src/main/java/org/owasp/benchmark/testcode/BenchmarkTest00257.java,68,"Cryptographic algorithm [DES/CBC/PKCS5Padding](1) is insecure. It has a short key length of 56 bits, making it vulnerable to brute-force attacks. Consider using AES instead."
BenchmarkTest00257,java/weak-cryptographic-algorithm,src/main/java/org/owasp/benchmark/testcode/BenchmarkTest00257.java,70,"Cryptographic algorithm [DES](1) is insecure. It has a short key length of 56 bits, making it vulnerable to brute-force attacks. Consider using AES instead."
BenchmarkTest00258,java/weak-cryptographic-algorithm,src/main/java/org/owasp/benchmark/testcode/BenchmarkTest00258.java,67,"Cryptographic algorithm [DES/CBC/PKCS5Padding](1) is insecure. It has a short key length of 56 bits, making it vulnerable to brute-force attacks. Consider using AES instead."
BenchmarkTest00258,java/weak-cryptographic-algorithm,src/main/java/org/owasp/benchmark/testcode/BenchmarkTest00258.java,69,"Cryptographic algorithm [DES](1) is insecure. It has a short key length of 56 bits, making it vulnerable to brute-force attacks. Consider using AES instead."
BenchmarkTest00256,java/weak-cryptographic-algorithm,src/main/java/org/owasp/benchmark/testcode/BenchmarkTest00256.java,77,"Cryptographic algorithm [DES/CBC/PKCS5Padding](1) is insecure. It has a short key length of 56 bits, making it vulnerable to brute-force attacks. Consider using AES instead."
BenchmarkTest00256,java/weak-cryptographic-algorithm,src/main/java/org/owasp/benchmark/testcode/BenchmarkTest00256.java,79,"Cryptographic algorithm [DES](1) is insecure. It has a short key length of 56 bits, making it vulnerable to brute-force attacks. Consider using AES instead."
BenchmarkTest00356,java/weak-cryptographic-algorithm,src/main/java/org/owasp/benchmark/testcode/BenchmarkTest00356.java,58,"Cryptographic algorithm [DESede/ECB/PKCS5Padding](1) is insecure. It has a short key length of 56 bits, making it vulnerable to brute-force attacks. Consider using AES instead.
Cryptographic algorithm [DESede/ECB/PKCS5Padding](1) is insecure. ECB mode, as in AES/ECB/NoPadding for example, is vulnerable to replay and other attacks. Consider using GCM instead."
BenchmarkTest00356,java/weak-cryptographic-algorithm,src/main/java/org/owasp/benchmark/testcode/BenchmarkTest00356.java,61,"Cryptographic algorithm [DES](1) is insecure. It has a short key length of 56 bits, making it vulnerable to brute-force attacks. Consider using AES instead."
BenchmarkTest00354,java/weak-cryptographic-algorithm,src/main/java/org/owasp/benchmark/testcode/BenchmarkTest00354.java,60,"Cryptographic algorithm [DESede/ECB/PKCS5Padding](1) is insecure. It has a short key length of 56 bits, making it vulnerable to brute-force attacks. Consider using AES instead.
Cryptographic algorithm [DESede/ECB/PKCS5Padding](1) is insecure. ECB mode, as in AES/ECB/NoPadding for example, is vulnerable to replay and other attacks. Consider using GCM instead."
BenchmarkTest00354,java/weak-cryptographic-algorithm,src/main/java/org/owasp/benchmark/testcode/BenchmarkTest00354.java,63,"Cryptographic algorithm [DES](1) is insecure. It has a short key length of 56 bits, making it vulnerable to brute-force attacks. Consider using AES instead."
BenchmarkTest00357,java/weak-cryptographic-algorithm,src/main/java/org/owasp/benchmark/testcode/BenchmarkTest00357.java,63,"Cryptographic algorithm [AES/ECB/PKCS5Padding](1) is insecure. ECB mode, as in AES/ECB/NoPadding for example, is vulnerable to replay and other attacks. Consider using GCM instead."
BenchmarkTest00358,java/weak-cryptographic-algorithm,src/main/java/org/owasp/benchmark/testcode/BenchmarkTest00358.java,64,"Cryptographic algorithm [AES/ECB/PKCS5Padding](1) is insecure. ECB mode, as in AES/ECB/NoPadding for example, is vulnerable to replay and other attacks. Consider using GCM instead."
BenchmarkTest00355,java/weak-cryptographic-algorithm,src/main/java/org/owasp/benchmark/testcode/BenchmarkTest00355.java,73,"Cryptographic algorithm [DESede/ECB/PKCS5Padding](1) is insecure. It has a short key length of 56 bits, making it vulnerable to brute-force attacks. Consider using AES instead.
Cryptographic algorithm [DESede/ECB/PKCS5Padding](1) is insecure. ECB mode, as in AES/ECB/NoPadding for example, is vulnerable to replay and other attacks. Consider using GCM instead."
BenchmarkTest00355,java/weak-cryptographic-algorithm,src/main/java/org/owasp/benchmark/testcode/BenchmarkTest00355.java,76,"Cryptographic algorithm [DES](1) is insecure. It has a short key length of 56 bits, making it vulnerable to brute-force attacks. Consider using AES instead."
BenchmarkTest00448,java/weak-cryptographic-algorithm,src/main/java/org/owasp/benchmark/testcode/BenchmarkTest00448.java,62,"Cryptographic algorithm [DESede/ECB/PKCS5Padding](1) is insecure. It has a short key length of 56 bits, making it vulnerable to brute-force attacks. Consider using AES instead.
Cryptographic algorithm [DESede/ECB/PKCS5Padding](1) is insecure. ECB mode, as in AES/ECB/NoPadding for example, is vulnerable to replay and other attacks. Consider using GCM instead."
BenchmarkTest00448,java/weak-cryptographic-algorithm,src/main/java/org/owasp/benchmark/testcode/BenchmarkTest00448.java,65,"Cryptographic algorithm [DES](1) is insecure. It has a short key length of 56 bits, making it vulnerable to brute-force attacks. Consider using AES instead."
BenchmarkTest00446,java/weak-cryptographic-algorithm,src/main/java/org/owasp/benchmark/testcode/BenchmarkTest00446.java,68,"Cryptographic algorithm [DES/CBC/PKCS5Padding](1) is insecure. It has a short key length of 56 bits, making it vulnerable to brute-force attacks. Consider using AES instead."
BenchmarkTest00446,java/weak-cryptographic-algorithm,src/main/java/org/owasp/benchmark/testcode/BenchmarkTest00446.java,71,"Cryptographic algorithm [DES](1) is insecure. It has a short key length of 56 bits, making it vulnerable to brute-force attacks. Consider using AES instead."
BenchmarkTest00445,java/weak-cryptographic-algorithm,src/main/java/org/owasp/benchmark/testcode/BenchmarkTest00445.java,83,"Cryptographic algorithm [DES/CBC/PKCS5Padding](1) is insecure. It has a short key length of 56 bits, making it vulnerable to brute-force attacks. Consider using AES instead."
BenchmarkTest00445,java/weak-cryptographic-algorithm,src/main/java/org/owasp/benchmark/testcode/BenchmarkTest00445.java,86,"Cryptographic algorithm [DES](1) is insecure. It has a short key length of 56 bits, making it vulnerable to brute-force attacks. Consider using AES instead."
BenchmarkTest00450,java/weak-cryptographic-algorithm,src/main/java/org/owasp/benchmark/testcode/BenchmarkTest00450.java,87,"Cryptographic algorithm [AES/ECB/PKCS5Padding](1) is insecure. ECB mode, as in AES/ECB/NoPadding for example, is vulnerable to replay and other attacks. Consider using GCM instead."
BenchmarkTest00449,java/weak-cryptographic-algorithm,src/main/java/org/owasp/benchmark/testcode/BenchmarkTest00449.java,60,"Cryptographic algorithm [DESede/ECB/PKCS5Padding](1) is insecure. It has a short key length of 56 bits, making it vulnerable to brute-force attacks. Consider using AES instead.
Cryptographic algorithm [DESede/ECB/PKCS5Padding](1) is insecure. ECB mode, as in AES/ECB/NoPadding for example, is vulnerable to replay and other attacks. Consider using GCM instead."
BenchmarkTest00449,java/weak-cryptographic-algorithm,src/main/java/org/owasp/benchmark/testcode/BenchmarkTest00449.java,63,"Cryptographic algorithm [DES](1) is insecure. It has a short key length of 56 bits, making it vulnerable to brute-force attacks. Consider using AES instead."
BenchmarkTest00451,java/weak-cryptographic-algorithm,src/main/java/org/owasp/benchmark/testcode/BenchmarkTest00451.java,72,"Cryptographic algorithm [AES/ECB/PKCS5Padding](1) is insecure. ECB mode, as in AES/ECB/NoPadding for example, is vulnerable to replay and other attacks. Consider using GCM instead."
BenchmarkTest00521,java/weak-cryptographic-algorithm,src/main/java/org/owasp/benchmark/testcode/BenchmarkTest00521.java,79,"Cryptographic algorithm [DES/CBC/PKCS5PADDING](1) is insecure. It has a short key length of 56 bits, making it vulnerable to brute-force attacks. Consider using AES instead."
BenchmarkTest00521,java/weak-cryptographic-algorithm,src/main/java/org/owasp/benchmark/testcode/BenchmarkTest00521.java,83,"Cryptographic algorithm [DES](1) is insecure. It has a short key length of 56 bits, making it vulnerable to brute-force attacks. Consider using AES instead."
BenchmarkTest00522,java/weak-cryptographic-algorithm,src/main/java/org/owasp/benchmark/testcode/BenchmarkTest00522.java,79,"Cryptographic algorithm [DES/CBC/PKCS5Padding](1) is insecure. It has a short key length of 56 bits, making it vulnerable to brute-force attacks. Consider using AES instead."
BenchmarkTest00522,java/weak-cryptographic-algorithm,src/main/java/org/owasp/benchmark/testcode/BenchmarkTest00522.java,81,"Cryptographic algorithm [DES](1) is insecure. It has a short key length of 56 bits, making it vulnerable to brute-force attacks. Consider using AES instead."
BenchmarkTest00524,java/weak-cryptographic-algorithm,src/main/java/org/owasp/benchmark/testcode/BenchmarkTest00524.java,97,"Cryptographic algorithm [AES/ECB/PKCS5Padding](1) is insecure. ECB mode, as in AES/ECB/NoPadding for example, is vulnerable to replay and other attacks. Consider using GCM instead."
BenchmarkTest00609,java/weak-cryptographic-algorithm,src/main/java/org/owasp/benchmark/testcode/BenchmarkTest00609.java,64,"Cryptographic algorithm [DES/CBC/PKCS5PADDING](1) is insecure. It has a short key length of 56 bits, making it vulnerable to brute-force attacks. Consider using AES instead."
BenchmarkTest00609,java/weak-cryptographic-algorithm,src/main/java/org/owasp/benchmark/testcode/BenchmarkTest00609.java,68,"Cryptographic algorithm [DES](1) is insecure. It has a short key length of 56 bits, making it vulnerable to brute-force attacks. Consider using AES instead."
BenchmarkTest00611,java/weak-cryptographic-algorithm,src/main/java/org/owasp/benchmark/testcode/BenchmarkTest00611.java,67,"Cryptographic algorithm [DES/CBC/PKCS5PADDING](1) is insecure. It has a short key length of 56 bits, making it vulnerable to brute-force attacks. Consider using AES instead."
BenchmarkTest00611,java/weak-cryptographic-algorithm,src/main/java/org/owasp/benchmark/testcode/BenchmarkTest00611.java,71,"Cryptographic algorithm [DES](1) is insecure. It has a short key length of 56 bits, making it vulnerable to brute-force attacks. Consider using AES instead."
BenchmarkTest00617,java/weak-cryptographic-algorithm,src/main/java/org/owasp/benchmark/testcode/BenchmarkTest00617.java,56,"Cryptographic algorithm [DESede/ECB/PKCS5Padding](1) is insecure. It has a short key length of 56 bits, making it vulnerable to brute-force attacks. Consider using AES instead.
Cryptographic algorithm [DESede/ECB/PKCS5Padding](1) is insecure. ECB mode, as in AES/ECB/NoPadding for example, is vulnerable to replay and other attacks. Consider using GCM instead."
BenchmarkTest00617,java/weak-cryptographic-algorithm,src/main/java/org/owasp/benchmark/testcode/BenchmarkTest00617.java,59,"Cryptographic algorithm [DES](1) is insecure. It has a short key length of 56 bits, making it vulnerable to brute-force attacks. Consider using AES instead."
BenchmarkTest00618,java/weak-cryptographic-algorithm,src/main/java/org/owasp/benchmark/testcode/BenchmarkTest00618.java,70,"Cryptographic algorithm [AES/ECB/PKCS5Padding](1) is insecure. ECB mode, as in AES/ECB/NoPadding for example, is vulnerable to replay and other attacks. Consider using GCM instead."
BenchmarkTest00616,java/weak-cryptographic-algorithm,src/main/java/org/owasp/benchmark/testcode/BenchmarkTest00616.java,55,"Cryptographic algorithm [DESede/ECB/PKCS5Padding](1) is insecure. It has a short key length of 56 bits, making it vulnerable to brute-force attacks. Consider using AES instead.
Cryptographic algorithm [DESede/ECB/PKCS5Padding](1) is insecure. ECB mode, as in AES/ECB/NoPadding for example, is vulnerable to replay and other attacks. Consider using GCM instead."
BenchmarkTest00616,java/weak-cryptographic-algorithm,src/main/java/org/owasp/benchmark/testcode/BenchmarkTest00616.java,58,"Cryptographic algorithm [DES](1) is insecure. It has a short key length of 56 bits, making it vulnerable to brute-force attacks. Consider using AES instead."
BenchmarkTest00608,java/weak-cryptographic-algorithm,src/main/java/org/owasp/benchmark/testcode/BenchmarkTest00608.java,72,"Cryptographic algorithm [DES/CBC/PKCS5PADDING](1) is insecure. It has a short key length of 56 bits, making it vulnerable to brute-force attacks. Consider using AES instead."
BenchmarkTest00608,java/weak-cryptographic-algorithm,src/main/java/org/owasp/benchmark/testcode/BenchmarkTest00608.java,76,"Cryptographic algorithm [DES](1) is insecure. It has a short key length of 56 bits, making it vulnerable to brute-force attacks. Consider using AES instead."
BenchmarkTest00610,java/weak-cryptographic-algorithm,src/main/java/org/owasp/benchmark/testcode/BenchmarkTest00610.java,83,"Cryptographic algorithm [DES/CBC/PKCS5PADDING](1) is insecure. It has a short key length of 56 bits, making it vulnerable to brute-force attacks. Consider using AES instead."
BenchmarkTest00610,java/weak-cryptographic-algorithm,src/main/java/org/owasp/benchmark/testcode/BenchmarkTest00610.java,87,"Cryptographic algorithm [DES](1) is insecure. It has a short key length of 56 bits, making it vulnerable to brute-force attacks. Consider using AES instead."
BenchmarkTest00614,java/weak-cryptographic-algorithm,src/main/java/org/owasp/benchmark/testcode/BenchmarkTest00614.java,71,"Cryptographic algorithm [DES/CBC/PKCS5Padding](1) is insecure. It has a short key length of 56 bits, making it vulnerable to brute-force attacks. Consider using AES instead."
BenchmarkTest00614,java/weak-cryptographic-algorithm,src/main/java/org/owasp/benchmark/testcode/BenchmarkTest00614.java,74,"Cryptographic algorithm [DES](1) is insecure. It has a short key length of 56 bits, making it vulnerable to brute-force attacks. Consider using AES instead."
BenchmarkTest00615,java/weak-cryptographic-algorithm,src/main/java/org/owasp/benchmark/testcode/BenchmarkTest00615.java,67,"Cryptographic algorithm [DES/CBC/PKCS5Padding](1) is insecure. It has a short key length of 56 bits, making it vulnerable to brute-force attacks. Consider using AES instead."
BenchmarkTest00615,java/weak-cryptographic-algorithm,src/main/java/org/owasp/benchmark/testcode/BenchmarkTest00615.java,70,"Cryptographic algorithm [DES](1) is insecure. It has a short key length of 56 bits, making it vulnerable to brute-force attacks. Consider using AES instead."
BenchmarkTest00685,java/weak-cryptographic-algorithm,src/main/java/org/owasp/benchmark/testcode/BenchmarkTest00685.java,66,"Cryptographic algorithm [DES/CBC/PKCS5PADDING](1) is insecure. It has a short key length of 56 bits, making it vulnerable to brute-force attacks. Consider using AES instead."
BenchmarkTest00685,java/weak-cryptographic-algorithm,src/main/java/org/owasp/benchmark/testcode/BenchmarkTest00685.java,70,"Cryptographic algorithm [DES](1) is insecure. It has a short key length of 56 bits, making it vulnerable to brute-force attacks. Consider using AES instead."
BenchmarkTest00684,java/weak-cryptographic-algorithm,src/main/java/org/owasp/benchmark/testcode/BenchmarkTest00684.java,62,"Cryptographic algorithm [DES/CBC/PKCS5PADDING](1) is insecure. It has a short key length of 56 bits, making it vulnerable to brute-force attacks. Consider using AES instead."
BenchmarkTest00684,java/weak-cryptographic-algorithm,src/main/java/org/owasp/benchmark/testcode/BenchmarkTest00684.java,66,"Cryptographic algorithm [DES](1) is insecure. It has a short key length of 56 bits, making it vulnerable to brute-force attacks. Consider using AES instead."
BenchmarkTest00688,java/weak-cryptographic-algorithm,src/main/java/org/owasp/benchmark/testcode/BenchmarkTest00688.java,69,"Cryptographic algorithm [DES/CBC/PKCS5Padding](1) is insecure. It has a short key length of 56 bits, making it vulnerable to brute-force attacks. Consider using AES instead."
BenchmarkTest00688,java/weak-cryptographic-algorithm,src/main/java/org/owasp/benchmark/testcode/BenchmarkTest00688.java,71,"Cryptographic algorithm [DES](1) is insecure. It has a short key length of 56 bits, making it vulnerable to brute-force attacks. Consider using AES instead."
BenchmarkTest00693,java/weak-cryptographic-algorithm,src/main/java/org/owasp/benchmark/testcode/BenchmarkTest00693.java,64,"Cryptographic algorithm [DES/CBC/PKCS5Padding](1) is insecure. It has a short key length of 56 bits, making it vulnerable to brute-force attacks. Consider using AES instead."
BenchmarkTest00693,java/weak-cryptographic-algorithm,src/main/java/org/owasp/benchmark/testcode/BenchmarkTest00693.java,67,"Cryptographic algorithm [DES](1) is insecure. It has a short key length of 56 bits, making it vulnerable to brute-force attacks. Consider using AES instead."
BenchmarkTest00692,java/weak-cryptographic-algorithm,src/main/java/org/owasp/benchmark/testcode/BenchmarkTest00692.java,61,"Cryptographic algorithm [DES/CBC/PKCS5Padding](1) is insecure. It has a short key length of 56 bits, making it vulnerable to brute-force attacks. Consider using AES instead."
BenchmarkTest00692,java/weak-cryptographic-algorithm,src/main/java/org/owasp/benchmark/testcode/BenchmarkTest00692.java,64,"Cryptographic algorithm [DES](1) is insecure. It has a short key length of 56 bits, making it vulnerable to brute-force attacks. Consider using AES instead."
BenchmarkTest00691,java/weak-cryptographic-algorithm,src/main/java/org/owasp/benchmark/testcode/BenchmarkTest00691.java,71,"Cryptographic algorithm [DES/CBC/PKCS5Padding](1) is insecure. It has a short key length of 56 bits, making it vulnerable to brute-force attacks. Consider using AES instead."
BenchmarkTest00691,java/weak-cryptographic-algorithm,src/main/java/org/owasp/benchmark/testcode/BenchmarkTest00691.java,74,"Cryptographic algorithm [DES](1) is insecure. It has a short key length of 56 bits, making it vulnerable to brute-force attacks. Consider using AES instead."
BenchmarkTest00779,java/weak-cryptographic-algorithm,src/main/java/org/owasp/benchmark/testcode/BenchmarkTest00779.java,84,"Cryptographic algorithm [DES/CBC/PKCS5Padding](1) is insecure. It has a short key length of 56 bits, making it vulnerable to brute-force attacks. Consider using AES instead."
BenchmarkTest00779,java/weak-cryptographic-algorithm,src/main/java/org/owasp/benchmark/testcode/BenchmarkTest00779.java,86,"Cryptographic algorithm [DES](1) is insecure. It has a short key length of 56 bits, making it vulnerable to brute-force attacks. Consider using AES instead."
BenchmarkTest00781,java/weak-cryptographic-algorithm,src/main/java/org/owasp/benchmark/testcode/BenchmarkTest00781.java,83,"Cryptographic algorithm [DES/CBC/PKCS5Padding](1) is insecure. It has a short key length of 56 bits, making it vulnerable to brute-force attacks. Consider using AES instead."
BenchmarkTest00781,java/weak-cryptographic-algorithm,src/main/java/org/owasp/benchmark/testcode/BenchmarkTest00781.java,86,"Cryptographic algorithm [DES](1) is insecure. It has a short key length of 56 bits, making it vulnerable to brute-force attacks. Consider using AES instead."
BenchmarkTest00853,java/weak-cryptographic-algorithm,src/main/java/org/owasp/benchmark/testcode/BenchmarkTest00853.java,62,"Cryptographic algorithm [DES/CBC/PKCS5PADDING](1) is insecure. It has a short key length of 56 bits, making it vulnerable to brute-force attacks. Consider using AES instead."
BenchmarkTest00853,java/weak-cryptographic-algorithm,src/main/java/org/owasp/benchmark/testcode/BenchmarkTest00853.java,66,"Cryptographic algorithm [DES](1) is insecure. It has a short key length of 56 bits, making it vulnerable to brute-force attacks. Consider using AES instead."
BenchmarkTest00857,java/weak-cryptographic-algorithm,src/main/java/org/owasp/benchmark/testcode/BenchmarkTest00857.java,79,"Cryptographic algorithm [DES/CBC/PKCS5Padding](1) is insecure. It has a short key length of 56 bits, making it vulnerable to brute-force attacks. Consider using AES instead."
BenchmarkTest00857,java/weak-cryptographic-algorithm,src/main/java/org/owasp/benchmark/testcode/BenchmarkTest00857.java,82,"Cryptographic algorithm [DES](1) is insecure. It has a short key length of 56 bits, making it vulnerable to brute-force attacks. Consider using AES instead."
BenchmarkTest00855,java/weak-cryptographic-algorithm,src/main/java/org/owasp/benchmark/testcode/BenchmarkTest00855.java,71,"Cryptographic algorithm [DES/CBC/PKCS5Padding](1) is insecure. It has a short key length of 56 bits, making it vulnerable to brute-force attacks. Consider using AES instead."
BenchmarkTest00855,java/weak-cryptographic-algorithm,src/main/java/org/owasp/benchmark/testcode/BenchmarkTest00855.java,73,"Cryptographic algorithm [DES](1) is insecure. It has a short key length of 56 bits, making it vulnerable to brute-force attacks. Consider using AES instead."
BenchmarkTest00856,java/weak-cryptographic-algorithm,src/main/java/org/owasp/benchmark/testcode/BenchmarkTest00856.java,80,"Cryptographic algorithm [DES/CBC/PKCS5Padding](1) is insecure. It has a short key length of 56 bits, making it vulnerable to brute-force attacks. Consider using AES instead."
BenchmarkTest00856,java/weak-cryptographic-algorithm,src/main/java/org/owasp/benchmark/testcode/BenchmarkTest00856.java,83,"Cryptographic algorithm [DES](1) is insecure. It has a short key length of 56 bits, making it vulnerable to brute-force attacks. Consider using AES instead."
BenchmarkTest00859,java/weak-cryptographic-algorithm,src/main/java/org/owasp/benchmark/testcode/BenchmarkTest00859.java,59,"Cryptographic algorithm [DESede/ECB/PKCS5Padding](1) is insecure. It has a short key length of 56 bits, making it vulnerable to brute-force attacks. Consider using AES instead.
Cryptographic algorithm [DESede/ECB/PKCS5Padding](1) is insecure. ECB mode, as in AES/ECB/NoPadding for example, is vulnerable to replay and other attacks. Consider using GCM instead."
BenchmarkTest00859,java/weak-cryptographic-algorithm,src/main/java/org/owasp/benchmark/testcode/BenchmarkTest00859.java,62,"Cryptographic algorithm [DES](1) is insecure. It has a short key length of 56 bits, making it vulnerable to brute-force attacks. Consider using AES instead."
BenchmarkTest00945,java/weak-cryptographic-algorithm,src/main/java/org/owasp/benchmark/testcode/BenchmarkTest00945.java,72,"Cryptographic algorithm [DESede/ECB/PKCS5Padding](1) is insecure. It has a short key length of 56 bits, making it vulnerable to brute-force attacks. Consider using AES instead.
Cryptographic algorithm [DESede/ECB/PKCS5Padding](1) is insecure. ECB mode, as in AES/ECB/NoPadding for example, is vulnerable to replay and other attacks. Consider using GCM instead."
BenchmarkTest00945,java/weak-cryptographic-algorithm,src/main/java/org/owasp/benchmark/testcode/BenchmarkTest00945.java,75,"Cryptographic algorithm [DES](1) is insecure. It has a short key length of 56 bits, making it vulnerable to brute-force attacks. Consider using AES instead."
BenchmarkTest00946,java/weak-cryptographic-algorithm,src/main/java/org/owasp/benchmark/testcode/BenchmarkTest00946.java,72,"Cryptographic algorithm [DESede/ECB/PKCS5Padding](1) is insecure. It has a short key length of 56 bits, making it vulnerable to brute-force attacks. Consider using AES instead.
Cryptographic algorithm [DESede/ECB/PKCS5Padding](1) is insecure. ECB mode, as in AES/ECB/NoPadding for example, is vulnerable to replay and other attacks. Consider using GCM instead."
BenchmarkTest00946,java/weak-cryptographic-algorithm,src/main/java/org/owasp/benchmark/testcode/BenchmarkTest00946.java,75,"Cryptographic algorithm [DES](1) is insecure. It has a short key length of 56 bits, making it vulnerable to brute-force attacks. Consider using AES instead."
BenchmarkTest01015,java/weak-cryptographic-algorithm,src/main/java/org/owasp/benchmark/testcode/BenchmarkTest01015.java,65,"Cryptographic algorithm [DES/CBC/PKCS5PADDING](1) is insecure. It has a short key length of 56 bits, making it vulnerable to brute-force attacks. Consider using AES instead."
BenchmarkTest01015,java/weak-cryptographic-algorithm,src/main/java/org/owasp/benchmark/testcode/BenchmarkTest01015.java,69,"Cryptographic algorithm [DES](1) is insecure. It has a short key length of 56 bits, making it vulnerable to brute-force attacks. Consider using AES instead."
BenchmarkTest01016,java/weak-cryptographic-algorithm,src/main/java/org/owasp/benchmark/testcode/BenchmarkTest01016.java,65,"Cryptographic algorithm [DES/CBC/PKCS5Padding](1) is insecure. It has a short key length of 56 bits, making it vulnerable to brute-force attacks. Consider using AES instead."
BenchmarkTest01016,java/weak-cryptographic-algorithm,src/main/java/org/owasp/benchmark/testcode/BenchmarkTest01016.java,67,"Cryptographic algorithm [DES](1) is insecure. It has a short key length of 56 bits, making it vulnerable to brute-force attacks. Consider using AES instead."
BenchmarkTest01017,java/weak-cryptographic-algorithm,src/main/java/org/owasp/benchmark/testcode/BenchmarkTest01017.java,65,"Cryptographic algorithm [DES/CBC/PKCS5Padding](1) is insecure. It has a short key length of 56 bits, making it vulnerable to brute-force attacks. Consider using AES instead."
BenchmarkTest01017,java/weak-cryptographic-algorithm,src/main/java/org/owasp/benchmark/testcode/BenchmarkTest01017.java,67,"Cryptographic algorithm [DES](1) is insecure. It has a short key length of 56 bits, making it vulnerable to brute-force attacks. Consider using AES instead."
BenchmarkTest01018,java/weak-cryptographic-algorithm,src/main/java/org/owasp/benchmark/testcode/BenchmarkTest01018.java,64,"Cryptographic algorithm [DES/CBC/PKCS5Padding](1) is insecure. It has a short key length of 56 bits, making it vulnerable to brute-force attacks. Consider using AES instead."
BenchmarkTest01018,java/weak-cryptographic-algorithm,src/main/java/org/owasp/benchmark/testcode/BenchmarkTest01018.java,67,"Cryptographic algorithm [DES](1) is insecure. It has a short key length of 56 bits, making it vulnerable to brute-force attacks. Consider using AES instead."
BenchmarkTest01021,java/weak-cryptographic-algorithm,src/main/java/org/owasp/benchmark/testcode/BenchmarkTest01021.java,68,"Cryptographic algorithm [AES/ECB/PKCS5Padding](1) is insecure. ECB mode, as in AES/ECB/NoPadding for example, is vulnerable to replay and other attacks. Consider using GCM instead."
BenchmarkTest01020,java/weak-cryptographic-algorithm,src/main/java/org/owasp/benchmark/testcode/BenchmarkTest01020.java,58,"Cryptographic algorithm [DESede/ECB/PKCS5Padding](1) is insecure. It has a short key length of 56 bits, making it vulnerable to brute-force attacks. Consider using AES instead.
Cryptographic algorithm [DESede/ECB/PKCS5Padding](1) is insecure. ECB mode, as in AES/ECB/NoPadding for example, is vulnerable to replay and other attacks. Consider using GCM instead."
BenchmarkTest01020,java/weak-cryptographic-algorithm,src/main/java/org/owasp/benchmark/testcode/BenchmarkTest01020.java,61,"Cryptographic algorithm [DES](1) is insecure. It has a short key length of 56 bits, making it vulnerable to brute-force attacks. Consider using AES instead."
BenchmarkTest01022,java/weak-cryptographic-algorithm,src/main/java/org/owasp/benchmark/testcode/BenchmarkTest01022.java,68,"Cryptographic algorithm [AES/ECB/PKCS5Padding](1) is insecure. ECB mode, as in AES/ECB/NoPadding for example, is vulnerable to replay and other attacks. Consider using GCM instead."
BenchmarkTest01099,java/weak-cryptographic-algorithm,src/main/java/org/owasp/benchmark/testcode/BenchmarkTest01099.java,75,"Cryptographic algorithm [DES/CBC/PKCS5PADDING](1) is insecure. It has a short key length of 56 bits, making it vulnerable to brute-force attacks. Consider using AES instead."
BenchmarkTest01099,java/weak-cryptographic-algorithm,src/main/java/org/owasp/benchmark/testcode/BenchmarkTest01099.java,79,"Cryptographic algorithm [DES](1) is insecure. It has a short key length of 56 bits, making it vulnerable to brute-force attacks. Consider using AES instead."
BenchmarkTest01102,java/weak-cryptographic-algorithm,src/main/java/org/owasp/benchmark/testcode/BenchmarkTest01102.java,74,"Cryptographic algorithm [DES/CBC/PKCS5Padding](1) is insecure. It has a short key length of 56 bits, making it vulnerable to brute-force attacks. Consider using AES instead."
BenchmarkTest01102,java/weak-cryptographic-algorithm,src/main/java/org/owasp/benchmark/testcode/BenchmarkTest01102.java,77,"Cryptographic algorithm [DES](1) is insecure. It has a short key length of 56 bits, making it vulnerable to brute-force attacks. Consider using AES instead."
BenchmarkTest01103,java/weak-cryptographic-algorithm,src/main/java/org/owasp/benchmark/testcode/BenchmarkTest01103.java,74,"Cryptographic algorithm [DES/CBC/PKCS5Padding](1) is insecure. It has a short key length of 56 bits, making it vulnerable to brute-force attacks. Consider using AES instead."
BenchmarkTest01103,java/weak-cryptographic-algorithm,src/main/java/org/owasp/benchmark/testcode/BenchmarkTest01103.java,77,"Cryptographic algorithm [DES](1) is insecure. It has a short key length of 56 bits, making it vulnerable to brute-force attacks. Consider using AES instead."
BenchmarkTest01106,java/weak-cryptographic-algorithm,src/main/java/org/owasp/benchmark/testcode/BenchmarkTest01106.java,68,"Cryptographic algorithm [DESede/ECB/PKCS5Padding](1) is insecure. It has a short key length of 56 bits, making it vulnerable to brute-force attacks. Consider using AES instead.
Cryptographic algorithm [DESede/ECB/PKCS5Padding](1) is insecure. ECB mode, as in AES/ECB/NoPadding for example, is vulnerable to replay and other attacks. Consider using GCM instead."
BenchmarkTest01106,java/weak-cryptographic-algorithm,src/main/java/org/owasp/benchmark/testcode/BenchmarkTest01106.java,71,"Cryptographic algorithm [DES](1) is insecure. It has a short key length of 56 bits, making it vulnerable to brute-force attacks. Consider using AES instead."
BenchmarkTest01105,java/weak-cryptographic-algorithm,src/main/java/org/owasp/benchmark/testcode/BenchmarkTest01105.java,68,"Cryptographic algorithm [DESede/ECB/PKCS5Padding](1) is insecure. It has a short key length of 56 bits, making it vulnerable to brute-force attacks. Consider using AES instead.
Cryptographic algorithm [DESede/ECB/PKCS5Padding](1) is insecure. ECB mode, as in AES/ECB/NoPadding for example, is vulnerable to replay and other attacks. Consider using GCM instead."
BenchmarkTest01105,java/weak-cryptographic-algorithm,src/main/java/org/owasp/benchmark/testcode/BenchmarkTest01105.java,71,"Cryptographic algorithm [DES](1) is insecure. It has a short key length of 56 bits, making it vulnerable to brute-force attacks. Consider using AES instead."
BenchmarkTest01108,java/weak-cryptographic-algorithm,src/main/java/org/owasp/benchmark/testcode/BenchmarkTest01108.java,78,"Cryptographic algorithm [AES/ECB/PKCS5Padding](1) is insecure. ECB mode, as in AES/ECB/NoPadding for example, is vulnerable to replay and other attacks. Consider using GCM instead."
BenchmarkTest01107,java/weak-cryptographic-algorithm,src/main/java/org/owasp/benchmark/testcode/BenchmarkTest01107.java,68,"Cryptographic algorithm [DESede/ECB/PKCS5Padding](1) is insecure. It has a short key length of 56 bits, making it vulnerable to brute-force attacks. Consider using AES instead.
Cryptographic algorithm [DESede/ECB/PKCS5Padding](1) is insecure. ECB mode, as in AES/ECB/NoPadding for example, is vulnerable to replay and other attacks. Consider using GCM instead."
BenchmarkTest01107,java/weak-cryptographic-algorithm,src/main/java/org/owasp/benchmark/testcode/BenchmarkTest01107.java,71,"Cryptographic algorithm [DES](1) is insecure. It has a short key length of 56 bits, making it vulnerable to brute-force attacks. Consider using AES instead."
BenchmarkTest01148,java/weak-cryptographic-algorithm,src/main/java/org/owasp/benchmark/testcode/BenchmarkTest01148.java,67,"Cryptographic algorithm [DES/CBC/PKCS5Padding](1) is insecure. It has a short key length of 56 bits, making it vulnerable to brute-force attacks. Consider using AES instead."
BenchmarkTest01148,java/weak-cryptographic-algorithm,src/main/java/org/owasp/benchmark/testcode/BenchmarkTest01148.java,69,"Cryptographic algorithm [DES](1) is insecure. It has a short key length of 56 bits, making it vulnerable to brute-force attacks. Consider using AES instead."
BenchmarkTest01150,java/weak-cryptographic-algorithm,src/main/java/org/owasp/benchmark/testcode/BenchmarkTest01150.java,66,"Cryptographic algorithm [DES/CBC/PKCS5Padding](1) is insecure. It has a short key length of 56 bits, making it vulnerable to brute-force attacks. Consider using AES instead."
BenchmarkTest01150,java/weak-cryptographic-algorithm,src/main/java/org/owasp/benchmark/testcode/BenchmarkTest01150.java,69,"Cryptographic algorithm [DES](1) is insecure. It has a short key length of 56 bits, making it vulnerable to brute-force attacks. Consider using AES instead."
BenchmarkTest01149,java/weak-cryptographic-algorithm,src/main/java/org/owasp/benchmark/testcode/BenchmarkTest01149.java,67,"Cryptographic algorithm [DES/CBC/PKCS5Padding](1) is insecure. It has a short key length of 56 bits, making it vulnerable to brute-force attacks. Consider using AES instead."
BenchmarkTest01149,java/weak-cryptographic-algorithm,src/main/java/org/owasp/benchmark/testcode/BenchmarkTest01149.java,69,"Cryptographic algorithm [DES](1) is insecure. It has a short key length of 56 bits, making it vulnerable to brute-force attacks. Consider using AES instead."
BenchmarkTest01153,java/weak-cryptographic-algorithm,src/main/java/org/owasp/benchmark/testcode/BenchmarkTest01153.java,70,"Cryptographic algorithm [AES/ECB/PKCS5Padding](1) is insecure. ECB mode, as in AES/ECB/NoPadding for example, is vulnerable to replay and other attacks. Consider using GCM instead."
BenchmarkTest01229,java/weak-cryptographic-algorithm,src/main/java/org/owasp/benchmark/testcode/BenchmarkTest01229.java,59,"Cryptographic algorithm [DES/CBC/PKCS5Padding](1) is insecure. It has a short key length of 56 bits, making it vulnerable to brute-force attacks. Consider using AES instead."
BenchmarkTest01229,java/weak-cryptographic-algorithm,src/main/java/org/owasp/benchmark/testcode/BenchmarkTest01229.java,62,"Cryptographic algorithm [DES](1) is insecure. It has a short key length of 56 bits, making it vulnerable to brute-force attacks. Consider using AES instead."
BenchmarkTest01228,java/weak-cryptographic-algorithm,src/main/java/org/owasp/benchmark/testcode/BenchmarkTest01228.java,59,"Cryptographic algorithm [DES/CBC/PKCS5Padding](1) is insecure. It has a short key length of 56 bits, making it vulnerable to brute-force attacks. Consider using AES instead."
BenchmarkTest01228,java/weak-cryptographic-algorithm,src/main/java/org/owasp/benchmark/testcode/BenchmarkTest01228.java,62,"Cryptographic algorithm [DES](1) is insecure. It has a short key length of 56 bits, making it vulnerable to brute-force attacks. Consider using AES instead."
BenchmarkTest01230,java/weak-cryptographic-algorithm,src/main/java/org/owasp/benchmark/testcode/BenchmarkTest01230.java,53,"Cryptographic algorithm [DESede/ECB/PKCS5Padding](1) is insecure. It has a short key length of 56 bits, making it vulnerable to brute-force attacks. Consider using AES instead.
Cryptographic algorithm [DESede/ECB/PKCS5Padding](1) is insecure. ECB mode, as in AES/ECB/NoPadding for example, is vulnerable to replay and other attacks. Consider using GCM instead."
BenchmarkTest01230,java/weak-cryptographic-algorithm,src/main/java/org/owasp/benchmark/testcode/BenchmarkTest01230.java,56,"Cryptographic algorithm [DES](1) is insecure. It has a short key length of 56 bits, making it vulnerable to brute-force attacks. Consider using AES instead."
BenchmarkTest01317,java/weak-cryptographic-algorithm,src/main/java/org/owasp/benchmark/testcode/BenchmarkTest01317.java,64,"Cryptographic algorithm [DES/CBC/PKCS5PADDING](1) is insecure. It has a short key length of 56 bits, making it vulnerable to brute-force attacks. Consider using AES instead."
BenchmarkTest01317,java/weak-cryptographic-algorithm,src/main/java/org/owasp/benchmark/testcode/BenchmarkTest01317.java,68,"Cryptographic algorithm [DES](1) is insecure. It has a short key length of 56 bits, making it vulnerable to brute-force attacks. Consider using AES instead."
BenchmarkTest01318,java/weak-cryptographic-algorithm,src/main/java/org/owasp/benchmark/testcode/BenchmarkTest01318.java,64,"Cryptographic algorithm [DES/CBC/PKCS5PADDING](1) is insecure. It has a short key length of 56 bits, making it vulnerable to brute-force attacks. Consider using AES instead."
BenchmarkTest01318,java/weak-cryptographic-algorithm,src/main/java/org/owasp/benchmark/testcode/BenchmarkTest01318.java,68,"Cryptographic algorithm [DES](1) is insecure. It has a short key length of 56 bits, making it vulnerable to brute-force attacks. Consider using AES instead."
BenchmarkTest01323,java/weak-cryptographic-algorithm,src/main/java/org/owasp/benchmark/testcode/BenchmarkTest01323.java,63,"Cryptographic algorithm [DES/CBC/PKCS5Padding](1) is insecure. It has a short key length of 56 bits, making it vulnerable to brute-force attacks. Consider using AES instead."
BenchmarkTest01323,java/weak-cryptographic-algorithm,src/main/java/org/owasp/benchmark/testcode/BenchmarkTest01323.java,66,"Cryptographic algorithm [DES](1) is insecure. It has a short key length of 56 bits, making it vulnerable to brute-force attacks. Consider using AES instead."
BenchmarkTest01320,java/weak-cryptographic-algorithm,src/main/java/org/owasp/benchmark/testcode/BenchmarkTest01320.java,64,"Cryptographic algorithm [DES/CBC/PKCS5Padding](1) is insecure. It has a short key length of 56 bits, making it vulnerable to brute-force attacks. Consider using AES instead."
BenchmarkTest01320,java/weak-cryptographic-algorithm,src/main/java/org/owasp/benchmark/testcode/BenchmarkTest01320.java,66,"Cryptographic algorithm [DES](1) is insecure. It has a short key length of 56 bits, making it vulnerable to brute-force attacks. Consider using AES instead."
BenchmarkTest01322,java/weak-cryptographic-algorithm,src/main/java/org/owasp/benchmark/testcode/BenchmarkTest01322.java,63,"Cryptographic algorithm [DES/CBC/PKCS5Padding](1) is insecure. It has a short key length of 56 bits, making it vulnerable to brute-force attacks. Consider using AES instead."
BenchmarkTest01322,java/weak-cryptographic-algorithm,src/main/java/org/owasp/benchmark/testcode/BenchmarkTest01322.java,66,"Cryptographic algorithm [DES](1) is insecure. It has a short key length of 56 bits, making it vulnerable to brute-force attacks. Consider using AES instead."
BenchmarkTest01325,java/weak-cryptographic-algorithm,src/main/java/org/owasp/benchmark/testcode/BenchmarkTest01325.java,57,"Cryptographic algorithm [DESede/ECB/PKCS5Padding](1) is insecure. It has a short key length of 56 bits, making it vulnerable to brute-force attacks. Consider using AES instead.
Cryptographic algorithm [DESede/ECB/PKCS5Padding](1) is insecure. ECB mode, as in AES/ECB/NoPadding for example, is vulnerable to replay and other attacks. Consider using GCM instead."
BenchmarkTest01325,java/weak-cryptographic-algorithm,src/main/java/org/owasp/benchmark/testcode/BenchmarkTest01325.java,60,"Cryptographic algorithm [DES](1) is insecure. It has a short key length of 56 bits, making it vulnerable to brute-force attacks. Consider using AES instead."
BenchmarkTest01398,java/weak-cryptographic-algorithm,src/main/java/org/owasp/benchmark/testcode/BenchmarkTest01398.java,74,"Cryptographic algorithm [DES/CBC/PKCS5Padding](1) is insecure. It has a short key length of 56 bits, making it vulnerable to brute-force attacks. Consider using AES instead."
BenchmarkTest01398,java/weak-cryptographic-algorithm,src/main/java/org/owasp/benchmark/testcode/BenchmarkTest01398.java,76,"Cryptographic algorithm [DES](1) is insecure. It has a short key length of 56 bits, making it vulnerable to brute-force attacks. Consider using AES instead."
BenchmarkTest01401,java/weak-cryptographic-algorithm,src/main/java/org/owasp/benchmark/testcode/BenchmarkTest01401.java,77,"Cryptographic algorithm [AES/ECB/PKCS5Padding](1) is insecure. ECB mode, as in AES/ECB/NoPadding for example, is vulnerable to replay and other attacks. Consider using GCM instead."
BenchmarkTest01480,java/weak-cryptographic-algorithm,src/main/java/org/owasp/benchmark/testcode/BenchmarkTest01480.java,62,"Cryptographic algorithm [DES/CBC/PKCS5PADDING](1) is insecure. It has a short key length of 56 bits, making it vulnerable to brute-force attacks. Consider using AES instead."
BenchmarkTest01480,java/weak-cryptographic-algorithm,src/main/java/org/owasp/benchmark/testcode/BenchmarkTest01480.java,66,"Cryptographic algorithm [DES](1) is insecure. It has a short key length of 56 bits, making it vulnerable to brute-force attacks. Consider using AES instead."
BenchmarkTest01483,java/weak-cryptographic-algorithm,src/main/java/org/owasp/benchmark/testcode/BenchmarkTest01483.java,62,"Cryptographic algorithm [DES/CBC/PKCS5Padding](1) is insecure. It has a short key length of 56 bits, making it vulnerable to brute-force attacks. Consider using AES instead."
BenchmarkTest01483,java/weak-cryptographic-algorithm,src/main/java/org/owasp/benchmark/testcode/BenchmarkTest01483.java,64,"Cryptographic algorithm [DES](1) is insecure. It has a short key length of 56 bits, making it vulnerable to brute-force attacks. Consider using AES instead."
BenchmarkTest01486,java/weak-cryptographic-algorithm,src/main/java/org/owasp/benchmark/testcode/BenchmarkTest01486.java,61,"Cryptographic algorithm [DES/CBC/PKCS5Padding](1) is insecure. It has a short key length of 56 bits, making it vulnerable to brute-force attacks. Consider using AES instead."
BenchmarkTest01486,java/weak-cryptographic-algorithm,src/main/java/org/owasp/benchmark/testcode/BenchmarkTest01486.java,64,"Cryptographic algorithm [DES](1) is insecure. It has a short key length of 56 bits, making it vulnerable to brute-force attacks. Consider using AES instead."
BenchmarkTest01484,java/weak-cryptographic-algorithm,src/main/java/org/owasp/benchmark/testcode/BenchmarkTest01484.java,62,"Cryptographic algorithm [DES/CBC/PKCS5Padding](1) is insecure. It has a short key length of 56 bits, making it vulnerable to brute-force attacks. Consider using AES instead."
BenchmarkTest01484,java/weak-cryptographic-algorithm,src/main/java/org/owasp/benchmark/testcode/BenchmarkTest01484.java,64,"Cryptographic algorithm [DES](1) is insecure. It has a short key length of 56 bits, making it vulnerable to brute-force attacks. Consider using AES instead."
BenchmarkTest01489,java/weak-cryptographic-algorithm,src/main/java/org/owasp/benchmark/testcode/BenchmarkTest01489.java,55,"Cryptographic algorithm [DESede/ECB/PKCS5Padding](1) is insecure. It has a short key length of 56 bits, making it vulnerable to brute-force attacks. Consider using AES instead.
Cryptographic algorithm [DESede/ECB/PKCS5Padding](1) is insecure. ECB mode, as in AES/ECB/NoPadding for example, is vulnerable to replay and other attacks. Consider using GCM instead."
BenchmarkTest01489,java/weak-cryptographic-algorithm,src/main/java/org/owasp/benchmark/testcode/BenchmarkTest01489.java,58,"Cryptographic algorithm [DES](1) is insecure. It has a short key length of 56 bits, making it vulnerable to brute-force attacks. Consider using AES instead."
BenchmarkTest01565,java/weak-cryptographic-algorithm,src/main/java/org/owasp/benchmark/testcode/BenchmarkTest01565.java,61,"Cryptographic algorithm [DES/CBC/PKCS5Padding](1) is insecure. It has a short key length of 56 bits, making it vulnerable to brute-force attacks. Consider using AES instead."
BenchmarkTest01565,java/weak-cryptographic-algorithm,src/main/java/org/owasp/benchmark/testcode/BenchmarkTest01565.java,64,"Cryptographic algorithm [DES](1) is insecure. It has a short key length of 56 bits, making it vulnerable to brute-force attacks. Consider using AES instead."
BenchmarkTest01566,java/weak-cryptographic-algorithm,src/main/java/org/owasp/benchmark/testcode/BenchmarkTest01566.java,55,"Cryptographic algorithm [DESede/ECB/PKCS5Padding](1) is insecure. It has a short key length of 56 bits, making it vulnerable to brute-force attacks. Consider using AES instead.
Cryptographic algorithm [DESede/ECB/PKCS5Padding](1) is insecure. ECB mode, as in AES/ECB/NoPadding for example, is vulnerable to replay and other attacks. Consider using GCM instead."
BenchmarkTest01566,java/weak-cryptographic-algorithm,src/main/java/org/owasp/benchmark/testcode/BenchmarkTest01566.java,58,"Cryptographic algorithm [DES](1) is insecure. It has a short key length of 56 bits, making it vulnerable to brute-force attacks. Consider using AES instead."
BenchmarkTest01567,java/weak-cryptographic-algorithm,src/main/java/org/owasp/benchmark/testcode/BenchmarkTest01567.java,65,"Cryptographic algorithm [AES/ECB/PKCS5Padding](1) is insecure. ECB mode, as in AES/ECB/NoPadding for example, is vulnerable to replay and other attacks. Consider using GCM instead."
BenchmarkTest01634,java/weak-cryptographic-algorithm,src/main/java/org/owasp/benchmark/testcode/BenchmarkTest01634.java,84,"Cryptographic algorithm [DES/CBC/PKCS5PADDING](1) is insecure. It has a short key length of 56 bits, making it vulnerable to brute-force attacks. Consider using AES instead."
BenchmarkTest01634,java/weak-cryptographic-algorithm,src/main/java/org/owasp/benchmark/testcode/BenchmarkTest01634.java,88,"Cryptographic algorithm [DES](1) is insecure. It has a short key length of 56 bits, making it vulnerable to brute-force attacks. Consider using AES instead."
BenchmarkTest01638,java/weak-cryptographic-algorithm,src/main/java/org/owasp/benchmark/testcode/BenchmarkTest01638.java,83,"Cryptographic algorithm [DES/CBC/PKCS5Padding](1) is insecure. It has a short key length of 56 bits, making it vulnerable to brute-force attacks. Consider using AES instead."
BenchmarkTest01641,java/weak-cryptographic-algorithm,src/main/java/org/owasp/benchmark/testcode/BenchmarkTest01641.java,77,"Cryptographic algorithm [DESede/ECB/PKCS5Padding](1) is insecure. It has a short key length of 56 bits, making it vulnerable to brute-force attacks. Consider using AES instead.
Cryptographic algorithm [DESede/ECB/PKCS5Padding](1) is insecure. ECB mode, as in AES/ECB/NoPadding for example, is vulnerable to replay and other attacks. Consider using GCM instead."
BenchmarkTest01641,java/weak-cryptographic-algorithm,src/main/java/org/owasp/benchmark/testcode/BenchmarkTest01641.java,80,"Cryptographic algorithm [DES](1) is insecure. It has a short key length of 56 bits, making it vulnerable to brute-force attacks. Consider using AES instead."
BenchmarkTest01637,java/weak-cryptographic-algorithm,src/main/java/org/owasp/benchmark/testcode/BenchmarkTest01637.java,84,"Cryptographic algorithm [DES/CBC/PKCS5Padding](1) is insecure. It has a short key length of 56 bits, making it vulnerable to brute-force attacks. Consider using AES instead."
BenchmarkTest01637,java/weak-cryptographic-algorithm,src/main/java/org/owasp/benchmark/testcode/BenchmarkTest01637.java,86,"Cryptographic algorithm [DES](1) is insecure. It has a short key length of 56 bits, making it vulnerable to brute-force attacks. Consider using AES instead."
BenchmarkTest01638,java/weak-cryptographic-algorithm,src/main/java/org/owasp/benchmark/testcode/BenchmarkTest01638.java,86,"Cryptographic algorithm [DES](1) is insecure. It has a short key length of 56 bits, making it vulnerable to brute-force attacks. Consider using AES instead."
BenchmarkTest01639,java/weak-cryptographic-algorithm,src/main/java/org/owasp/benchmark/testcode/BenchmarkTest01639.java,83,"Cryptographic algorithm [DES/CBC/PKCS5Padding](1) is insecure. It has a short key length of 56 bits, making it vulnerable to brute-force attacks. Consider using AES instead."
BenchmarkTest01639,java/weak-cryptographic-algorithm,src/main/java/org/owasp/benchmark/testcode/BenchmarkTest01639.java,86,"Cryptographic algorithm [DES](1) is insecure. It has a short key length of 56 bits, making it vulnerable to brute-force attacks. Consider using AES instead."
BenchmarkTest01742,java/weak-cryptographic-algorithm,src/main/java/org/owasp/benchmark/testcode/BenchmarkTest01742.java,54,"Cryptographic algorithm [DESede/ECB/PKCS5Padding](1) is insecure. It has a short key length of 56 bits, making it vulnerable to brute-force attacks. Consider using AES instead.
Cryptographic algorithm [DESede/ECB/PKCS5Padding](1) is insecure. ECB mode, as in AES/ECB/NoPadding for example, is vulnerable to replay and other attacks. Consider using GCM instead."
BenchmarkTest01741,java/weak-cryptographic-algorithm,src/main/java/org/owasp/benchmark/testcode/BenchmarkTest01741.java,54,"Cryptographic algorithm [DESede/ECB/PKCS5Padding](1) is insecure. It has a short key length of 56 bits, making it vulnerable to brute-force attacks. Consider using AES instead.
Cryptographic algorithm [DESede/ECB/PKCS5Padding](1) is insecure. ECB mode, as in AES/ECB/NoPadding for example, is vulnerable to replay and other attacks. Consider using GCM instead."
BenchmarkTest01741,java/weak-cryptographic-algorithm,src/main/java/org/owasp/benchmark/testcode/BenchmarkTest01741.java,57,"Cryptographic algorithm [DES](1) is insecure. It has a short key length of 56 bits, making it vulnerable to brute-force attacks. Consider using AES instead."
BenchmarkTest01740,java/weak-cryptographic-algorithm,src/main/java/org/owasp/benchmark/testcode/BenchmarkTest01740.java,54,"Cryptographic algorithm [DESede/ECB/PKCS5Padding](1) is insecure. It has a short key length of 56 bits, making it vulnerable to brute-force attacks. Consider using AES instead.
Cryptographic algorithm [DESede/ECB/PKCS5Padding](1) is insecure. ECB mode, as in AES/ECB/NoPadding for example, is vulnerable to replay and other attacks. Consider using GCM instead."
BenchmarkTest01740,java/weak-cryptographic-algorithm,src/main/java/org/owasp/benchmark/testcode/BenchmarkTest01740.java,57,"Cryptographic algorithm [DES](1) is insecure. It has a short key length of 56 bits, making it vulnerable to brute-force attacks. Consider using AES instead."
BenchmarkTest01742,java/weak-cryptographic-algorithm,src/main/java/org/owasp/benchmark/testcode/BenchmarkTest01742.java,57,"Cryptographic algorithm [DES](1) is insecure. It has a short key length of 56 bits, making it vulnerable to brute-force attacks. Consider using AES instead."
BenchmarkTest01822,java/weak-cryptographic-algorithm,src/main/java/org/owasp/benchmark/testcode/BenchmarkTest01822.java,79,"Cryptographic algorithm [DES/CBC/PKCS5PADDING](1) is insecure. It has a short key length of 56 bits, making it vulnerable to brute-force attacks. Consider using AES instead."
BenchmarkTest01822,java/weak-cryptographic-algorithm,src/main/java/org/owasp/benchmark/testcode/BenchmarkTest01822.java,83,"Cryptographic algorithm [DES](1) is insecure. It has a short key length of 56 bits, making it vulnerable to brute-force attacks. Consider using AES instead."
BenchmarkTest01823,java/weak-cryptographic-algorithm,src/main/java/org/owasp/benchmark/testcode/BenchmarkTest01823.java,79,"Cryptographic algorithm [DES/CBC/PKCS5PADDING](1) is insecure. It has a short key length of 56 bits, making it vulnerable to brute-force attacks. Consider using AES instead."
BenchmarkTest01823,java/weak-cryptographic-algorithm,src/main/java/org/owasp/benchmark/testcode/BenchmarkTest01823.java,83,"Cryptographic algorithm [DES](1) is insecure. It has a short key length of 56 bits, making it vulnerable to brute-force attacks. Consider using AES instead."
BenchmarkTest01829,java/weak-cryptographic-algorithm,src/main/java/org/owasp/benchmark/testcode/BenchmarkTest01829.java,72,"Cryptographic algorithm [DESede/ECB/PKCS5Padding](1) is insecure. It has a short key length of 56 bits, making it vulnerable to brute-force attacks. Consider using AES instead.
Cryptographic algorithm [DESede/ECB/PKCS5Padding](1) is insecure. ECB mode, as in AES/ECB/NoPadding for example, is vulnerable to replay and other attacks. Consider using GCM instead."
BenchmarkTest01829,java/weak-cryptographic-algorithm,src/main/java/org/owasp/benchmark/testcode/BenchmarkTest01829.java,75,"Cryptographic algorithm [DES](1) is insecure. It has a short key length of 56 bits, making it vulnerable to brute-force attacks. Consider using AES instead."
BenchmarkTest01830,java/weak-cryptographic-algorithm,src/main/java/org/owasp/benchmark/testcode/BenchmarkTest01830.java,72,"Cryptographic algorithm [DESede/ECB/PKCS5Padding](1) is insecure. It has a short key length of 56 bits, making it vulnerable to brute-force attacks. Consider using AES instead.
Cryptographic algorithm [DESede/ECB/PKCS5Padding](1) is insecure. ECB mode, as in AES/ECB/NoPadding for example, is vulnerable to replay and other attacks. Consider using GCM instead."
BenchmarkTest01830,java/weak-cryptographic-algorithm,src/main/java/org/owasp/benchmark/testcode/BenchmarkTest01830.java,75,"Cryptographic algorithm [DES](1) is insecure. It has a short key length of 56 bits, making it vulnerable to brute-force attacks. Consider using AES instead."
BenchmarkTest01895,java/weak-cryptographic-algorithm,src/main/java/org/owasp/benchmark/testcode/BenchmarkTest01895.java,65,"Cryptographic algorithm [DES/CBC/PKCS5Padding](1) is insecure. It has a short key length of 56 bits, making it vulnerable to brute-force attacks. Consider using AES instead."
BenchmarkTest01895,java/weak-cryptographic-algorithm,src/main/java/org/owasp/benchmark/testcode/BenchmarkTest01895.java,67,"Cryptographic algorithm [DES](1) is insecure. It has a short key length of 56 bits, making it vulnerable to brute-force attacks. Consider using AES instead."
BenchmarkTest01897,java/weak-cryptographic-algorithm,src/main/java/org/owasp/benchmark/testcode/BenchmarkTest01897.java,64,"Cryptographic algorithm [DES/CBC/PKCS5Padding](1) is insecure. It has a short key length of 56 bits, making it vulnerable to brute-force attacks. Consider using AES instead."
BenchmarkTest01897,java/weak-cryptographic-algorithm,src/main/java/org/owasp/benchmark/testcode/BenchmarkTest01897.java,67,"Cryptographic algorithm [DES](1) is insecure. It has a short key length of 56 bits, making it vulnerable to brute-force attacks. Consider using AES instead."
BenchmarkTest01898,java/weak-cryptographic-algorithm,src/main/java/org/owasp/benchmark/testcode/BenchmarkTest01898.java,64,"Cryptographic algorithm [DES/CBC/PKCS5Padding](1) is insecure. It has a short key length of 56 bits, making it vulnerable to brute-force attacks. Consider using AES instead."
BenchmarkTest01898,java/weak-cryptographic-algorithm,src/main/java/org/owasp/benchmark/testcode/BenchmarkTest01898.java,67,"Cryptographic algorithm [DES](1) is insecure. It has a short key length of 56 bits, making it vulnerable to brute-force attacks. Consider using AES instead."
BenchmarkTest01900,java/weak-cryptographic-algorithm,src/main/java/org/owasp/benchmark/testcode/BenchmarkTest01900.java,58,"Cryptographic algorithm [DESede/ECB/PKCS5Padding](1) is insecure. It has a short key length of 56 bits, making it vulnerable to brute-force attacks. Consider using AES instead.
Cryptographic algorithm [DESede/ECB/PKCS5Padding](1) is insecure. ECB mode, as in AES/ECB/NoPadding for example, is vulnerable to replay and other attacks. Consider using GCM instead."
BenchmarkTest01900,java/weak-cryptographic-algorithm,src/main/java/org/owasp/benchmark/testcode/BenchmarkTest01900.java,61,"Cryptographic algorithm [DES](1) is insecure. It has a short key length of 56 bits, making it vulnerable to brute-force attacks. Consider using AES instead."
BenchmarkTest01901,java/weak-cryptographic-algorithm,src/main/java/org/owasp/benchmark/testcode/BenchmarkTest01901.java,68,"Cryptographic algorithm [AES/ECB/PKCS5Padding](1) is insecure. ECB mode, as in AES/ECB/NoPadding for example, is vulnerable to replay and other attacks. Consider using GCM instead."
BenchmarkTest01978,java/weak-cryptographic-algorithm,src/main/java/org/owasp/benchmark/testcode/BenchmarkTest01978.java,74,"Cryptographic algorithm [DES/CBC/PKCS5Padding](1) is insecure. It has a short key length of 56 bits, making it vulnerable to brute-force attacks. Consider using AES instead."
BenchmarkTest01978,java/weak-cryptographic-algorithm,src/main/java/org/owasp/benchmark/testcode/BenchmarkTest01978.java,77,"Cryptographic algorithm [DES](1) is insecure. It has a short key length of 56 bits, making it vulnerable to brute-force attacks. Consider using AES instead."
BenchmarkTest01980,java/weak-cryptographic-algorithm,src/main/java/org/owasp/benchmark/testcode/BenchmarkTest01980.java,68,"Cryptographic algorithm [DESede/ECB/PKCS5Padding](1) is insecure. It has a short key length of 56 bits, making it vulnerable to brute-force attacks. Consider using AES instead.
Cryptographic algorithm [DESede/ECB/PKCS5Padding](1) is insecure. ECB mode, as in AES/ECB/NoPadding for example, is vulnerable to replay and other attacks. Consider using GCM instead."
BenchmarkTest01980,java/weak-cryptographic-algorithm,src/main/java/org/owasp/benchmark/testcode/BenchmarkTest01980.java,71,"Cryptographic algorithm [DES](1) is insecure. It has a short key length of 56 bits, making it vulnerable to brute-force attacks. Consider using AES instead."
BenchmarkTest01982,java/weak-cryptographic-algorithm,src/main/java/org/owasp/benchmark/testcode/BenchmarkTest01982.java,78,"Cryptographic algorithm [AES/ECB/PKCS5Padding](1) is insecure. ECB mode, as in AES/ECB/NoPadding for example, is vulnerable to replay and other attacks. Consider using GCM instead."
BenchmarkTest01981,java/weak-cryptographic-algorithm,src/main/java/org/owasp/benchmark/testcode/BenchmarkTest01981.java,68,"Cryptographic algorithm [DESede/ECB/PKCS5Padding](1) is insecure. It has a short key length of 56 bits, making it vulnerable to brute-force attacks. Consider using AES instead.
Cryptographic algorithm [DESede/ECB/PKCS5Padding](1) is insecure. ECB mode, as in AES/ECB/NoPadding for example, is vulnerable to replay and other attacks. Consider using GCM instead."
BenchmarkTest01981,java/weak-cryptographic-algorithm,src/main/java/org/owasp/benchmark/testcode/BenchmarkTest01981.java,71,"Cryptographic algorithm [DES](1) is insecure. It has a short key length of 56 bits, making it vulnerable to brute-force attacks. Consider using AES instead."
BenchmarkTest02017,java/weak-cryptographic-algorithm,src/main/java/org/owasp/benchmark/testcode/BenchmarkTest02017.java,67,"Cryptographic algorithm [DES/CBC/PKCS5PADDING](1) is insecure. It has a short key length of 56 bits, making it vulnerable to brute-force attacks. Consider using AES instead."
BenchmarkTest02017,java/weak-cryptographic-algorithm,src/main/java/org/owasp/benchmark/testcode/BenchmarkTest02017.java,71,"Cryptographic algorithm [DES](1) is insecure. It has a short key length of 56 bits, making it vulnerable to brute-force attacks. Consider using AES instead."
BenchmarkTest02018,java/weak-cryptographic-algorithm,src/main/java/org/owasp/benchmark/testcode/BenchmarkTest02018.java,67,"Cryptographic algorithm [DES/CBC/PKCS5PADDING](1) is insecure. It has a short key length of 56 bits, making it vulnerable to brute-force attacks. Consider using AES instead."
BenchmarkTest02018,java/weak-cryptographic-algorithm,src/main/java/org/owasp/benchmark/testcode/BenchmarkTest02018.java,71,"Cryptographic algorithm [DES](1) is insecure. It has a short key length of 56 bits, making it vulnerable to brute-force attacks. Consider using AES instead."
BenchmarkTest02019,java/weak-cryptographic-algorithm,src/main/java/org/owasp/benchmark/testcode/BenchmarkTest02019.java,67,"Cryptographic algorithm [DES/CBC/PKCS5PADDING](1) is insecure. It has a short key length of 56 bits, making it vulnerable to brute-force attacks. Consider using AES instead."
BenchmarkTest02019,java/weak-cryptographic-algorithm,src/main/java/org/owasp/benchmark/testcode/BenchmarkTest02019.java,71,"Cryptographic algorithm [DES](1) is insecure. It has a short key length of 56 bits, making it vulnerable to brute-force attacks. Consider using AES instead."
BenchmarkTest02020,java/weak-cryptographic-algorithm,src/main/java/org/owasp/benchmark/testcode/BenchmarkTest02020.java,67,"Cryptographic algorithm [DES/CBC/PKCS5Padding](1) is insecure. It has a short key length of 56 bits, making it vulnerable to brute-force attacks. Consider using AES instead."
BenchmarkTest02020,java/weak-cryptographic-algorithm,src/main/java/org/owasp/benchmark/testcode/BenchmarkTest02020.java,69,"Cryptographic algorithm [DES](1) is insecure. It has a short key length of 56 bits, making it vulnerable to brute-force attacks. Consider using AES instead."
BenchmarkTest02023,java/weak-cryptographic-algorithm,src/main/java/org/owasp/benchmark/testcode/BenchmarkTest02023.java,60,"Cryptographic algorithm [DESede/ECB/PKCS5Padding](1) is insecure. It has a short key length of 56 bits, making it vulnerable to brute-force attacks. Consider using AES instead.
Cryptographic algorithm [DESede/ECB/PKCS5Padding](1) is insecure. ECB mode, as in AES/ECB/NoPadding for example, is vulnerable to replay and other attacks. Consider using GCM instead."
BenchmarkTest02023,java/weak-cryptographic-algorithm,src/main/java/org/owasp/benchmark/testcode/BenchmarkTest02023.java,63,"Cryptographic algorithm [DES](1) is insecure. It has a short key length of 56 bits, making it vulnerable to brute-force attacks. Consider using AES instead."
BenchmarkTest02022,java/weak-cryptographic-algorithm,src/main/java/org/owasp/benchmark/testcode/BenchmarkTest02022.java,60,"Cryptographic algorithm [DESede/ECB/PKCS5Padding](1) is insecure. It has a short key length of 56 bits, making it vulnerable to brute-force attacks. Consider using AES instead.
Cryptographic algorithm [DESede/ECB/PKCS5Padding](1) is insecure. ECB mode, as in AES/ECB/NoPadding for example, is vulnerable to replay and other attacks. Consider using GCM instead."
BenchmarkTest02022,java/weak-cryptographic-algorithm,src/main/java/org/owasp/benchmark/testcode/BenchmarkTest02022.java,63,"Cryptographic algorithm [DES](1) is insecure. It has a short key length of 56 bits, making it vulnerable to brute-force attacks. Consider using AES instead."
BenchmarkTest02024,java/weak-cryptographic-algorithm,src/main/java/org/owasp/benchmark/testcode/BenchmarkTest02024.java,70,"Cryptographic algorithm [AES/ECB/PKCS5Padding](1) is insecure. ECB mode, as in AES/ECB/NoPadding for example, is vulnerable to replay and other attacks. Consider using GCM instead."
BenchmarkTest02101,java/weak-cryptographic-algorithm,src/main/java/org/owasp/benchmark/testcode/BenchmarkTest02101.java,60,"Cryptographic algorithm [DES/CBC/PKCS5Padding](1) is insecure. It has a short key length of 56 bits, making it vulnerable to brute-force attacks. Consider using AES instead."
BenchmarkTest02101,java/weak-cryptographic-algorithm,src/main/java/org/owasp/benchmark/testcode/BenchmarkTest02101.java,62,"Cryptographic algorithm [DES](1) is insecure. It has a short key length of 56 bits, making it vulnerable to brute-force attacks. Consider using AES instead."
BenchmarkTest02103,java/weak-cryptographic-algorithm,src/main/java/org/owasp/benchmark/testcode/BenchmarkTest02103.java,63,"Cryptographic algorithm [AES/ECB/PKCS5Padding](1) is insecure. ECB mode, as in AES/ECB/NoPadding for example, is vulnerable to replay and other attacks. Consider using GCM instead."
BenchmarkTest02192,java/weak-cryptographic-algorithm,src/main/java/org/owasp/benchmark/testcode/BenchmarkTest02192.java,64,"Cryptographic algorithm [DES/CBC/PKCS5Padding](1) is insecure. It has a short key length of 56 bits, making it vulnerable to brute-force attacks. Consider using AES instead."
BenchmarkTest02192,java/weak-cryptographic-algorithm,src/main/java/org/owasp/benchmark/testcode/BenchmarkTest02192.java,66,"Cryptographic algorithm [DES](1) is insecure. It has a short key length of 56 bits, making it vulnerable to brute-force attacks. Consider using AES instead."
BenchmarkTest02193,java/weak-cryptographic-algorithm,src/main/java/org/owasp/benchmark/testcode/BenchmarkTest02193.java,64,"Cryptographic algorithm [DES/CBC/PKCS5Padding](1) is insecure. It has a short key length of 56 bits, making it vulnerable to brute-force attacks. Consider using AES instead."
BenchmarkTest02193,java/weak-cryptographic-algorithm,src/main/java/org/owasp/benchmark/testcode/BenchmarkTest02193.java,66,"Cryptographic algorithm [DES](1) is insecure. It has a short key length of 56 bits, making it vulnerable to brute-force attacks. Consider using AES instead."
BenchmarkTest02194,java/weak-cryptographic-algorithm,src/main/java/org/owasp/benchmark/testcode/BenchmarkTest02194.java,63,"Cryptographic algorithm [DES/CBC/PKCS5Padding](1) is insecure. It has a short key length of 56 bits, making it vulnerable to brute-force attacks. Consider using AES instead."
BenchmarkTest02194,java/weak-cryptographic-algorithm,src/main/java/org/owasp/benchmark/testcode/BenchmarkTest02194.java,66,"Cryptographic algorithm [DES](1) is insecure. It has a short key length of 56 bits, making it vulnerable to brute-force attacks. Consider using AES instead."
BenchmarkTest02195,java/weak-cryptographic-algorithm,src/main/java/org/owasp/benchmark/testcode/BenchmarkTest02195.java,63,"Cryptographic algorithm [DES/CBC/PKCS5Padding](1) is insecure. It has a short key length of 56 bits, making it vulnerable to brute-force attacks. Consider using AES instead."
BenchmarkTest02195,java/weak-cryptographic-algorithm,src/main/java/org/owasp/benchmark/testcode/BenchmarkTest02195.java,66,"Cryptographic algorithm [DES](1) is insecure. It has a short key length of 56 bits, making it vulnerable to brute-force attacks. Consider using AES instead."
BenchmarkTest02290,java/weak-cryptographic-algorithm,src/main/java/org/owasp/benchmark/testcode/BenchmarkTest02290.java,74,"Cryptographic algorithm [DES/CBC/PKCS5Padding](1) is insecure. It has a short key length of 56 bits, making it vulnerable to brute-force attacks. Consider using AES instead."
BenchmarkTest02290,java/weak-cryptographic-algorithm,src/main/java/org/owasp/benchmark/testcode/BenchmarkTest02290.java,76,"Cryptographic algorithm [DES](1) is insecure. It has a short key length of 56 bits, making it vulnerable to brute-force attacks. Consider using AES instead."
BenchmarkTest02291,java/weak-cryptographic-algorithm,src/main/java/org/owasp/benchmark/testcode/BenchmarkTest02291.java,74,"Cryptographic algorithm [DES/CBC/PKCS5Padding](1) is insecure. It has a short key length of 56 bits, making it vulnerable to brute-force attacks. Consider using AES instead."
BenchmarkTest02291,java/weak-cryptographic-algorithm,src/main/java/org/owasp/benchmark/testcode/BenchmarkTest02291.java,76,"Cryptographic algorithm [DES](1) is insecure. It has a short key length of 56 bits, making it vulnerable to brute-force attacks. Consider using AES instead."
BenchmarkTest02293,java/weak-cryptographic-algorithm,src/main/java/org/owasp/benchmark/testcode/BenchmarkTest02293.java,73,"Cryptographic algorithm [DES/CBC/PKCS5Padding](1) is insecure. It has a short key length of 56 bits, making it vulnerable to brute-force attacks. Consider using AES instead."
BenchmarkTest02292,java/weak-cryptographic-algorithm,src/main/java/org/owasp/benchmark/testcode/BenchmarkTest02292.java,74,"Cryptographic algorithm [DES/CBC/PKCS5Padding](1) is insecure. It has a short key length of 56 bits, making it vulnerable to brute-force attacks. Consider using AES instead."
BenchmarkTest02293,java/weak-cryptographic-algorithm,src/main/java/org/owasp/benchmark/testcode/BenchmarkTest02293.java,76,"Cryptographic algorithm [DES](1) is insecure. It has a short key length of 56 bits, making it vulnerable to brute-force attacks. Consider using AES instead."
BenchmarkTest02292,java/weak-cryptographic-algorithm,src/main/java/org/owasp/benchmark/testcode/BenchmarkTest02292.java,76,"Cryptographic algorithm [DES](1) is insecure. It has a short key length of 56 bits, making it vulnerable to brute-force attacks. Consider using AES instead."
BenchmarkTest02296,java/weak-cryptographic-algorithm,src/main/java/org/owasp/benchmark/testcode/BenchmarkTest02296.java,77,"Cryptographic algorithm [AES/ECB/PKCS5Padding](1) is insecure. ECB mode, as in AES/ECB/NoPadding for example, is vulnerable to replay and other attacks. Consider using GCM instead."
BenchmarkTest02298,java/weak-cryptographic-algorithm,src/main/java/org/owasp/benchmark/testcode/BenchmarkTest02298.java,77,"Cryptographic algorithm [AES/ECB/PKCS5Padding](1) is insecure. ECB mode, as in AES/ECB/NoPadding for example, is vulnerable to replay and other attacks. Consider using GCM instead."
BenchmarkTest02294,java/weak-cryptographic-algorithm,src/main/java/org/owasp/benchmark/testcode/BenchmarkTest02294.java,73,"Cryptographic algorithm [DES/CBC/PKCS5Padding](1) is insecure. It has a short key length of 56 bits, making it vulnerable to brute-force attacks. Consider using AES instead."
BenchmarkTest02295,java/weak-cryptographic-algorithm,src/main/java/org/owasp/benchmark/testcode/BenchmarkTest02295.java,73,"Cryptographic algorithm [DES/CBC/PKCS5Padding](1) is insecure. It has a short key length of 56 bits, making it vulnerable to brute-force attacks. Consider using AES instead."
BenchmarkTest02295,java/weak-cryptographic-algorithm,src/main/java/org/owasp/benchmark/testcode/BenchmarkTest02295.java,76,"Cryptographic algorithm [DES](1) is insecure. It has a short key length of 56 bits, making it vulnerable to brute-force attacks. Consider using AES instead."
BenchmarkTest02294,java/weak-cryptographic-algorithm,src/main/java/org/owasp/benchmark/testcode/BenchmarkTest02294.java,76,"Cryptographic algorithm [DES](1) is insecure. It has a short key length of 56 bits, making it vulnerable to brute-force attacks. Consider using AES instead."
BenchmarkTest02297,java/weak-cryptographic-algorithm,src/main/java/org/owasp/benchmark/testcode/BenchmarkTest02297.java,77,"Cryptographic algorithm [AES/ECB/PKCS5Padding](1) is insecure. ECB mode, as in AES/ECB/NoPadding for example, is vulnerable to replay and other attacks. Consider using GCM instead."
BenchmarkTest02373,java/weak-cryptographic-algorithm,src/main/java/org/owasp/benchmark/testcode/BenchmarkTest02373.java,61,"Cryptographic algorithm [DES/CBC/PKCS5Padding](1) is insecure. It has a short key length of 56 bits, making it vulnerable to brute-force attacks. Consider using AES instead."
BenchmarkTest02374,java/weak-cryptographic-algorithm,src/main/java/org/owasp/benchmark/testcode/BenchmarkTest02374.java,61,"Cryptographic algorithm [DES/CBC/PKCS5Padding](1) is insecure. It has a short key length of 56 bits, making it vulnerable to brute-force attacks. Consider using AES instead."
BenchmarkTest02373,java/weak-cryptographic-algorithm,src/main/java/org/owasp/benchmark/testcode/BenchmarkTest02373.java,64,"Cryptographic algorithm [DES](1) is insecure. It has a short key length of 56 bits, making it vulnerable to brute-force attacks. Consider using AES instead."
BenchmarkTest02374,java/weak-cryptographic-algorithm,src/main/java/org/owasp/benchmark/testcode/BenchmarkTest02374.java,64,"Cryptographic algorithm [DES](1) is insecure. It has a short key length of 56 bits, making it vulnerable to brute-force attacks. Consider using AES instead."
BenchmarkTest02375,java/weak-cryptographic-algorithm,src/main/java/org/owasp/benchmark/testcode/BenchmarkTest02375.java,55,"Cryptographic algorithm [DESede/ECB/PKCS5Padding](1) is insecure. It has a short key length of 56 bits, making it vulnerable to brute-force attacks. Consider using AES instead.
Cryptographic algorithm [DESede/ECB/PKCS5Padding](1) is insecure. ECB mode, as in AES/ECB/NoPadding for example, is vulnerable to replay and other attacks. Consider using GCM instead."
BenchmarkTest02375,java/weak-cryptographic-algorithm,src/main/java/org/owasp/benchmark/testcode/BenchmarkTest02375.java,58,"Cryptographic algorithm [DES](1) is insecure. It has a short key length of 56 bits, making it vulnerable to brute-force attacks. Consider using AES instead."
BenchmarkTest02458,java/weak-cryptographic-algorithm,src/main/java/org/owasp/benchmark/testcode/BenchmarkTest02458.java,62,"Cryptographic algorithm [DES/CBC/PKCS5PADDING](1) is insecure. It has a short key length of 56 bits, making it vulnerable to brute-force attacks. Consider using AES instead."
BenchmarkTest02458,java/weak-cryptographic-algorithm,src/main/java/org/owasp/benchmark/testcode/BenchmarkTest02458.java,66,"Cryptographic algorithm [DES](1) is insecure. It has a short key length of 56 bits, making it vulnerable to brute-force attacks. Consider using AES instead."
BenchmarkTest02550,java/weak-cryptographic-algorithm,src/main/java/org/owasp/benchmark/testcode/BenchmarkTest02550.java,83,"Cryptographic algorithm [DES/CBC/PKCS5Padding](1) is insecure. It has a short key length of 56 bits, making it vulnerable to brute-force attacks. Consider using AES instead."
BenchmarkTest02550,java/weak-cryptographic-algorithm,src/main/java/org/owasp/benchmark/testcode/BenchmarkTest02550.java,86,"Cryptographic algorithm [DES](1) is insecure. It has a short key length of 56 bits, making it vulnerable to brute-force attacks. Consider using AES instead."
BenchmarkTest02552,java/weak-cryptographic-algorithm,src/main/java/org/owasp/benchmark/testcode/BenchmarkTest02552.java,87,"Cryptographic algorithm [AES/ECB/PKCS5Padding](1) is insecure. ECB mode, as in AES/ECB/NoPadding for example, is vulnerable to replay and other attacks. Consider using GCM instead."
BenchmarkTest02548,java/weak-cryptographic-algorithm,src/main/java/org/owasp/benchmark/testcode/BenchmarkTest02548.java,84,"Cryptographic algorithm [DES/CBC/PKCS5Padding](1) is insecure. It has a short key length of 56 bits, making it vulnerable to brute-force attacks. Consider using AES instead."
BenchmarkTest02548,java/weak-cryptographic-algorithm,src/main/java/org/owasp/benchmark/testcode/BenchmarkTest02548.java,86,"Cryptographic algorithm [DES](1) is insecure. It has a short key length of 56 bits, making it vulnerable to brute-force attacks. Consider using AES instead."
BenchmarkTest02549,java/weak-cryptographic-algorithm,src/main/java/org/owasp/benchmark/testcode/BenchmarkTest02549.java,84,"Cryptographic algorithm [DES/CBC/PKCS5Padding](1) is insecure. It has a short key length of 56 bits, making it vulnerable to brute-force attacks. Consider using AES instead."
BenchmarkTest02549,java/weak-cryptographic-algorithm,src/main/java/org/owasp/benchmark/testcode/BenchmarkTest02549.java,86,"Cryptographic algorithm [DES](1) is insecure. It has a short key length of 56 bits, making it vulnerable to brute-force attacks. Consider using AES instead."
BenchmarkTest02658,java/weak-cryptographic-algorithm,src/main/java/org/owasp/benchmark/testcode/BenchmarkTest02658.java,61,"Cryptographic algorithm [DES/CBC/PKCS5PADDING](1) is insecure. It has a short key length of 56 bits, making it vulnerable to brute-force attacks. Consider using AES instead."
BenchmarkTest02658,java/weak-cryptographic-algorithm,src/main/java/org/owasp/benchmark/testcode/BenchmarkTest02658.java,65,"Cryptographic algorithm [DES](1) is insecure. It has a short key length of 56 bits, making it vulnerable to brute-force attacks. Consider using AES instead."
BenchmarkTest02660,java/weak-cryptographic-algorithm,src/main/java/org/owasp/benchmark/testcode/BenchmarkTest02660.java,60,"Cryptographic algorithm [DES/CBC/PKCS5Padding](1) is insecure. It has a short key length of 56 bits, making it vulnerable to brute-force attacks. Consider using AES instead."
BenchmarkTest02660,java/weak-cryptographic-algorithm,src/main/java/org/owasp/benchmark/testcode/BenchmarkTest02660.java,63,"Cryptographic algorithm [DES](1) is insecure. It has a short key length of 56 bits, making it vulnerable to brute-force attacks. Consider using AES instead."
BenchmarkTest02661,java/weak-cryptographic-algorithm,src/main/java/org/owasp/benchmark/testcode/BenchmarkTest02661.java,60,"Cryptographic algorithm [DES/CBC/PKCS5Padding](1) is insecure. It has a short key length of 56 bits, making it vulnerable to brute-force attacks. Consider using AES instead."
BenchmarkTest02661,java/weak-cryptographic-algorithm,src/main/java/org/owasp/benchmark/testcode/BenchmarkTest02661.java,63,"Cryptographic algorithm [DES](1) is insecure. It has a short key length of 56 bits, making it vulnerable to brute-force attacks. Consider using AES instead."
BenchmarkTest02663,java/weak-cryptographic-algorithm,src/main/java/org/owasp/benchmark/testcode/BenchmarkTest02663.java,54,"Cryptographic algorithm [DESede/ECB/PKCS5Padding](1) is insecure. It has a short key length of 56 bits, making it vulnerable to brute-force attacks. Consider using AES instead.
Cryptographic algorithm [DESede/ECB/PKCS5Padding](1) is insecure. ECB mode, as in AES/ECB/NoPadding for example, is vulnerable to replay and other attacks. Consider using GCM instead."
BenchmarkTest02663,java/weak-cryptographic-algorithm,src/main/java/org/owasp/benchmark/testcode/BenchmarkTest02663.java,57,"Cryptographic algorithm [DES](1) is insecure. It has a short key length of 56 bits, making it vulnerable to brute-force attacks. Consider using AES instead."
